0-0-0;Baseline;/internal/protocol/byte_base10_test.go/BenchmarkByteToBase10Valid;13.7;0;0
0-0-0;Baseline;/internal/protocol/byte_base10_test.go/BenchmarkByteToBase10Invalid;4.77;0;0
0-0-0;Baseline;/nsqd/topic_test.go/BenchmarkTopicPut;3236;184;5
0-0-0;Baseline;/nsqd/topic_test.go/BenchmarkTopicToChannelPut;3342;176;5
0-0-0;Baseline;/nsqd/guid_test.go/BenchmarkGUIDCopy;4.77;0;0
0-0-0;Baseline;/nsqd/guid_test.go/BenchmarkGUIDUnsafe;0.83;0;0
0-0-0;Baseline;/nsqd/guid_test.go/BenchmarkGUID;140;0;0
0-0-0;Baseline;/nsqd/http_test.go/BenchmarkHTTPpub;40120;10238;104
0-0-0;Baseline;/nsqd/protocol_v2_test.go/BenchmarkProtocolV2Exec;147;0;0
0-0-0;Baseline;/nsqd/protocol_v2_test.go/BenchmarkProtocolV2PubMultiTopic1;685;550;3
0-0-0;Baseline;/nsqd/protocol_v2_test.go/BenchmarkProtocolV2PubMultiTopic2;388;560;3
0-0-0;Baseline;/nsqd/protocol_v2_test.go/BenchmarkProtocolV2PubMultiTopic4;246;573;3
0-0-0;Baseline;/nsqd/protocol_v2_test.go/BenchmarkProtocolV2PubMultiTopic8;231;605;3
0-0-0;Baseline;/nsqd/protocol_v2_test.go/BenchmarkProtocolV2PubMultiTopic16;251;669;3
0-0-0;Baseline;/nsqd/protocol_v2_test.go/BenchmarkProtocolV2PubMultiTopic32;264;797;3
0-0-0;Baseline;/nsqd/protocol_v2_test.go/BenchmarkProtocolV2Pub256;417;639;3
0-0-0;Baseline;/nsqd/protocol_v2_test.go/BenchmarkProtocolV2Pub512;497;1143;3
0-0-0;Baseline;/nsqd/protocol_v2_test.go/BenchmarkProtocolV2Pub1k;545;2180;3
0-0-0;Baseline;/nsqd/protocol_v2_test.go/BenchmarkProtocolV2Pub2k;822;4207;3
0-0-0;Baseline;/nsqd/protocol_v2_test.go/BenchmarkProtocolV2Pub4k;1504;8274;3
0-0-0;Baseline;/nsqd/protocol_v2_test.go/BenchmarkProtocolV2Pub8k;2866;16490;4
0-0-0;Baseline;/nsqd/protocol_v2_test.go/BenchmarkProtocolV2Pub16k;4458;32784;4
0-0-0;Baseline;/nsqd/protocol_v2_test.go/BenchmarkProtocolV2Pub32k;7818;65638;4
0-0-0;Baseline;/nsqd/protocol_v2_test.go/BenchmarkProtocolV2Pub64k;14327;131140;4
0-0-0;Baseline;/nsqd/protocol_v2_test.go/BenchmarkProtocolV2Pub128k;27654;262097;4
0-0-0;Baseline;/nsqd/protocol_v2_test.go/BenchmarkProtocolV2Pub256k;54987;522595;4
0-0-0;Baseline;/nsqd/protocol_v2_test.go/BenchmarkProtocolV2Pub512k;108631;1043001;5
0-0-0;Baseline;/nsqd/protocol_v2_test.go/BenchmarkProtocolV2Pub1m;228349;2096170;8
0-0-0;Baseline;/nsqd/protocol_v2_test.go/BenchmarkProtocolV2Sub512k;72053;533152;15
0-0-0;Baseline;/nsqd/protocol_v2_test.go/BenchmarkProtocolV2Sub1m;167195;1058080;15
0-1-0;Baseline;/nsqd/protocol_v2_test.go/BenchmarkProtocolV2Exec;147;0;0
0-1-0;Baseline;/nsqd/protocol_v2_test.go/BenchmarkProtocolV2PubMultiTopic1;686;550;3
0-1-0;Baseline;/nsqd/protocol_v2_test.go/BenchmarkProtocolV2PubMultiTopic2;386;560;3
0-1-0;Baseline;/nsqd/protocol_v2_test.go/BenchmarkProtocolV2PubMultiTopic4;244;578;3
0-1-0;Baseline;/nsqd/protocol_v2_test.go/BenchmarkProtocolV2PubMultiTopic8;235;605;3
0-1-0;Baseline;/nsqd/protocol_v2_test.go/BenchmarkProtocolV2PubMultiTopic16;247;669;3
0-1-0;Baseline;/nsqd/protocol_v2_test.go/BenchmarkProtocolV2PubMultiTopic32;258;797;3
0-1-0;Baseline;/nsqd/protocol_v2_test.go/BenchmarkProtocolV2Pub256;410;639;3
0-1-0;Baseline;/nsqd/protocol_v2_test.go/BenchmarkProtocolV2Pub512;452;1143;3
0-1-0;Baseline;/nsqd/protocol_v2_test.go/BenchmarkProtocolV2Pub1k;544;2180;3
0-1-0;Baseline;/nsqd/protocol_v2_test.go/BenchmarkProtocolV2Pub2k;763;4207;3
0-1-0;Baseline;/nsqd/protocol_v2_test.go/BenchmarkProtocolV2Pub4k;1602;8274;3
0-1-0;Baseline;/nsqd/protocol_v2_test.go/BenchmarkProtocolV2Pub8k;2902;16490;4
0-1-0;Baseline;/nsqd/protocol_v2_test.go/BenchmarkProtocolV2Pub16k;4715;32785;4
0-1-0;Baseline;/nsqd/protocol_v2_test.go/BenchmarkProtocolV2Pub32k;7891;65638;4
0-1-0;Baseline;/nsqd/protocol_v2_test.go/BenchmarkProtocolV2Pub64k;14400;131140;4
0-1-0;Baseline;/nsqd/protocol_v2_test.go/BenchmarkProtocolV2Pub128k;27639;262096;4
0-1-0;Baseline;/nsqd/protocol_v2_test.go/BenchmarkProtocolV2Pub256k;52697;523919;4
0-1-0;Baseline;/nsqd/protocol_v2_test.go/BenchmarkProtocolV2Pub512k;110196;1043002;5
0-1-0;Baseline;/nsqd/protocol_v2_test.go/BenchmarkProtocolV2Pub1m;219516;2096170;8
0-1-0;Baseline;/nsqd/protocol_v2_test.go/BenchmarkProtocolV2Sub512k;71052;533154;15
0-1-0;Baseline;/nsqd/protocol_v2_test.go/BenchmarkProtocolV2Sub1m;164736;1058076;15
0-1-0;Baseline;/nsqd/topic_test.go/BenchmarkTopicPut;3244;184;5
0-1-0;Baseline;/nsqd/topic_test.go/BenchmarkTopicToChannelPut;3361;176;5
0-1-0;Baseline;/nsqd/guid_test.go/BenchmarkGUIDCopy;4.77;0;0
0-1-0;Baseline;/nsqd/guid_test.go/BenchmarkGUIDUnsafe;0.83;0;0
0-1-0;Baseline;/nsqd/guid_test.go/BenchmarkGUID;140;0;0
0-1-0;Baseline;/nsqd/http_test.go/BenchmarkHTTPpub;41026;10281;104
0-1-0;Baseline;/internal/protocol/byte_base10_test.go/BenchmarkByteToBase10Valid;13.7;0;0
0-1-0;Baseline;/internal/protocol/byte_base10_test.go/BenchmarkByteToBase10Invalid;4.77;0;0
0-2-0;Baseline;/internal/protocol/byte_base10_test.go/BenchmarkByteToBase10Valid;13.7;0;0
0-2-0;Baseline;/internal/protocol/byte_base10_test.go/BenchmarkByteToBase10Invalid;4.77;0;0
0-2-0;Baseline;/nsqd/topic_test.go/BenchmarkTopicPut;3247;184;5
0-2-0;Baseline;/nsqd/topic_test.go/BenchmarkTopicToChannelPut;3389;176;5
0-2-0;Baseline;/nsqd/guid_test.go/BenchmarkGUIDCopy;4.77;0;0
0-2-0;Baseline;/nsqd/guid_test.go/BenchmarkGUIDUnsafe;0.83;0;0
0-2-0;Baseline;/nsqd/guid_test.go/BenchmarkGUID;140;0;0
0-2-0;Baseline;/nsqd/http_test.go/BenchmarkHTTPpub;42315;10350;105
0-2-0;Baseline;/nsqd/protocol_v2_test.go/BenchmarkProtocolV2Exec;147;0;0
0-2-0;Baseline;/nsqd/protocol_v2_test.go/BenchmarkProtocolV2PubMultiTopic1;695;550;3
0-2-0;Baseline;/nsqd/protocol_v2_test.go/BenchmarkProtocolV2PubMultiTopic2;386;562;3
0-2-0;Baseline;/nsqd/protocol_v2_test.go/BenchmarkProtocolV2PubMultiTopic4;241;578;3
0-2-0;Baseline;/nsqd/protocol_v2_test.go/BenchmarkProtocolV2PubMultiTopic8;215;605;3
0-2-0;Baseline;/nsqd/protocol_v2_test.go/BenchmarkProtocolV2PubMultiTopic16;252;669;3
0-2-0;Baseline;/nsqd/protocol_v2_test.go/BenchmarkProtocolV2PubMultiTopic32;264;797;3
0-2-0;Baseline;/nsqd/protocol_v2_test.go/BenchmarkProtocolV2Pub256;387;639;3
0-2-0;Baseline;/nsqd/protocol_v2_test.go/BenchmarkProtocolV2Pub512;426;1143;3
0-2-0;Baseline;/nsqd/protocol_v2_test.go/BenchmarkProtocolV2Pub1k;618;2180;3
0-2-0;Baseline;/nsqd/protocol_v2_test.go/BenchmarkProtocolV2Pub2k;847;4207;3
0-2-0;Baseline;/nsqd/protocol_v2_test.go/BenchmarkProtocolV2Pub4k;1564;8274;3
0-2-0;Baseline;/nsqd/protocol_v2_test.go/BenchmarkProtocolV2Pub8k;2886;16490;4
0-2-0;Baseline;/nsqd/protocol_v2_test.go/BenchmarkProtocolV2Pub16k;4468;32785;4
0-2-0;Baseline;/nsqd/protocol_v2_test.go/BenchmarkProtocolV2Pub32k;7934;65638;4
0-2-0;Baseline;/nsqd/protocol_v2_test.go/BenchmarkProtocolV2Pub64k;14660;131140;4
0-2-0;Baseline;/nsqd/protocol_v2_test.go/BenchmarkProtocolV2Pub128k;28288;262097;4
0-2-0;Baseline;/nsqd/protocol_v2_test.go/BenchmarkProtocolV2Pub256k;52695;523919;4
0-2-0;Baseline;/nsqd/protocol_v2_test.go/BenchmarkProtocolV2Pub512k;121232;1043001;5
0-2-0;Baseline;/nsqd/protocol_v2_test.go/BenchmarkProtocolV2Pub1m;270450;2096171;8
0-2-0;Baseline;/nsqd/protocol_v2_test.go/BenchmarkProtocolV2Sub512k;72502;533152;15
0-2-0;Baseline;/nsqd/protocol_v2_test.go/BenchmarkProtocolV2Sub1m;166240;1058075;15
0-3-0;Baseline;/nsqd/guid_test.go/BenchmarkGUIDCopy;4.77;0;0
0-3-0;Baseline;/nsqd/guid_test.go/BenchmarkGUIDUnsafe;0.83;0;0
0-3-0;Baseline;/nsqd/guid_test.go/BenchmarkGUID;140;0;0
0-3-0;Baseline;/nsqd/http_test.go/BenchmarkHTTPpub;41318;10306;105
0-3-0;Baseline;/nsqd/protocol_v2_test.go/BenchmarkProtocolV2Exec;147;0;0
0-3-0;Baseline;/nsqd/protocol_v2_test.go/BenchmarkProtocolV2PubMultiTopic1;689;550;3
0-3-0;Baseline;/nsqd/protocol_v2_test.go/BenchmarkProtocolV2PubMultiTopic2;390;562;3
0-3-0;Baseline;/nsqd/protocol_v2_test.go/BenchmarkProtocolV2PubMultiTopic4;244;578;3
0-3-0;Baseline;/nsqd/protocol_v2_test.go/BenchmarkProtocolV2PubMultiTopic8;237;605;3
0-3-0;Baseline;/nsqd/protocol_v2_test.go/BenchmarkProtocolV2PubMultiTopic16;223;669;3
0-3-0;Baseline;/nsqd/protocol_v2_test.go/BenchmarkProtocolV2PubMultiTopic32;245;797;3
0-3-0;Baseline;/nsqd/protocol_v2_test.go/BenchmarkProtocolV2Pub256;380;639;3
0-3-0;Baseline;/nsqd/protocol_v2_test.go/BenchmarkProtocolV2Pub512;490;1143;3
0-3-0;Baseline;/nsqd/protocol_v2_test.go/BenchmarkProtocolV2Pub1k;600;2180;3
0-3-0;Baseline;/nsqd/protocol_v2_test.go/BenchmarkProtocolV2Pub2k;753;4207;3
0-3-0;Baseline;/nsqd/protocol_v2_test.go/BenchmarkProtocolV2Pub4k;1464;8274;3
0-3-0;Baseline;/nsqd/protocol_v2_test.go/BenchmarkProtocolV2Pub8k;3019;16490;4
0-3-0;Baseline;/nsqd/protocol_v2_test.go/BenchmarkProtocolV2Pub16k;4534;32785;4
0-3-0;Baseline;/nsqd/protocol_v2_test.go/BenchmarkProtocolV2Pub32k;7976;65639;4
0-3-0;Baseline;/nsqd/protocol_v2_test.go/BenchmarkProtocolV2Pub64k;14324;131140;4
0-3-0;Baseline;/nsqd/protocol_v2_test.go/BenchmarkProtocolV2Pub128k;27016;262096;4
0-3-0;Baseline;/nsqd/protocol_v2_test.go/BenchmarkProtocolV2Pub256k;52631;522595;4
0-3-0;Baseline;/nsqd/protocol_v2_test.go/BenchmarkProtocolV2Pub512k;106344;1042999;5
0-3-0;Baseline;/nsqd/protocol_v2_test.go/BenchmarkProtocolV2Pub1m;239054;2096169;8
0-3-0;Baseline;/nsqd/protocol_v2_test.go/BenchmarkProtocolV2Sub512k;72294;533138;15
0-3-0;Baseline;/nsqd/protocol_v2_test.go/BenchmarkProtocolV2Sub1m;165674;1058076;15
0-3-0;Baseline;/nsqd/topic_test.go/BenchmarkTopicPut;3248;184;5
0-3-0;Baseline;/nsqd/topic_test.go/BenchmarkTopicToChannelPut;3358;176;5
0-3-0;Baseline;/internal/protocol/byte_base10_test.go/BenchmarkByteToBase10Valid;13.7;0;0
0-3-0;Baseline;/internal/protocol/byte_base10_test.go/BenchmarkByteToBase10Invalid;4.77;0;0
0-4-0;Baseline;/internal/protocol/byte_base10_test.go/BenchmarkByteToBase10Valid;13.7;0;0
0-4-0;Baseline;/internal/protocol/byte_base10_test.go/BenchmarkByteToBase10Invalid;4.77;0;0
0-4-0;Baseline;/nsqd/guid_test.go/BenchmarkGUIDCopy;4.77;0;0
0-4-0;Baseline;/nsqd/guid_test.go/BenchmarkGUIDUnsafe;0.83;0;0
0-4-0;Baseline;/nsqd/guid_test.go/BenchmarkGUID;140;0;0
0-4-0;Baseline;/nsqd/http_test.go/BenchmarkHTTPpub;37456;10093;104
0-4-0;Baseline;/nsqd/protocol_v2_test.go/BenchmarkProtocolV2Exec;147;0;0
0-4-0;Baseline;/nsqd/protocol_v2_test.go/BenchmarkProtocolV2PubMultiTopic1;683;550;3
0-4-0;Baseline;/nsqd/protocol_v2_test.go/BenchmarkProtocolV2PubMultiTopic2;388;560;3
0-4-0;Baseline;/nsqd/protocol_v2_test.go/BenchmarkProtocolV2PubMultiTopic4;244;578;3
0-4-0;Baseline;/nsqd/protocol_v2_test.go/BenchmarkProtocolV2PubMultiTopic8;240;605;3
0-4-0;Baseline;/nsqd/protocol_v2_test.go/BenchmarkProtocolV2PubMultiTopic16;254;669;3
0-4-0;Baseline;/nsqd/protocol_v2_test.go/BenchmarkProtocolV2PubMultiTopic32;265;797;3
0-4-0;Baseline;/nsqd/protocol_v2_test.go/BenchmarkProtocolV2Pub256;452;639;3
0-4-0;Baseline;/nsqd/protocol_v2_test.go/BenchmarkProtocolV2Pub512;459;1143;3
0-4-0;Baseline;/nsqd/protocol_v2_test.go/BenchmarkProtocolV2Pub1k;575;2180;3
0-4-0;Baseline;/nsqd/protocol_v2_test.go/BenchmarkProtocolV2Pub2k;787;4207;3
0-4-0;Baseline;/nsqd/protocol_v2_test.go/BenchmarkProtocolV2Pub4k;1505;8274;3
0-4-0;Baseline;/nsqd/protocol_v2_test.go/BenchmarkProtocolV2Pub8k;2866;16490;4
0-4-0;Baseline;/nsqd/protocol_v2_test.go/BenchmarkProtocolV2Pub16k;4371;32785;4
0-4-0;Baseline;/nsqd/protocol_v2_test.go/BenchmarkProtocolV2Pub32k;7788;65638;4
0-4-0;Baseline;/nsqd/protocol_v2_test.go/BenchmarkProtocolV2Pub64k;14511;131140;4
0-4-0;Baseline;/nsqd/protocol_v2_test.go/BenchmarkProtocolV2Pub128k;29675;262096;4
0-4-0;Baseline;/nsqd/protocol_v2_test.go/BenchmarkProtocolV2Pub256k;52815;523919;4
0-4-0;Baseline;/nsqd/protocol_v2_test.go/BenchmarkProtocolV2Pub512k;127052;1043001;5
0-4-0;Baseline;/nsqd/protocol_v2_test.go/BenchmarkProtocolV2Pub1m;275120;2096170;8
0-4-0;Baseline;/nsqd/protocol_v2_test.go/BenchmarkProtocolV2Sub512k;72534;533136;15
0-4-0;Baseline;/nsqd/protocol_v2_test.go/BenchmarkProtocolV2Sub1m;168167;1058080;15
0-4-0;Baseline;/nsqd/topic_test.go/BenchmarkTopicPut;3221;184;5
0-4-0;Baseline;/nsqd/topic_test.go/BenchmarkTopicToChannelPut;3395;176;5
0-5-0;Baseline;/nsqd/guid_test.go/BenchmarkGUIDCopy;4.77;0;0
0-5-0;Baseline;/nsqd/guid_test.go/BenchmarkGUIDUnsafe;0.83;0;0
0-5-0;Baseline;/nsqd/guid_test.go/BenchmarkGUID;140;0;0
0-5-0;Baseline;/nsqd/http_test.go/BenchmarkHTTPpub;39903;10225;104
0-5-0;Baseline;/nsqd/protocol_v2_test.go/BenchmarkProtocolV2Exec;147;0;0
0-5-0;Baseline;/nsqd/protocol_v2_test.go/BenchmarkProtocolV2PubMultiTopic1;677;550;3
0-5-0;Baseline;/nsqd/protocol_v2_test.go/BenchmarkProtocolV2PubMultiTopic2;396;560;3
0-5-0;Baseline;/nsqd/protocol_v2_test.go/BenchmarkProtocolV2PubMultiTopic4;240;573;3
0-5-0;Baseline;/nsqd/protocol_v2_test.go/BenchmarkProtocolV2PubMultiTopic8;223;605;3
0-5-0;Baseline;/nsqd/protocol_v2_test.go/BenchmarkProtocolV2PubMultiTopic16;232;669;3
0-5-0;Baseline;/nsqd/protocol_v2_test.go/BenchmarkProtocolV2PubMultiTopic32;252;797;3
0-5-0;Baseline;/nsqd/protocol_v2_test.go/BenchmarkProtocolV2Pub256;385;639;3
0-5-0;Baseline;/nsqd/protocol_v2_test.go/BenchmarkProtocolV2Pub512;434;1143;3
0-5-0;Baseline;/nsqd/protocol_v2_test.go/BenchmarkProtocolV2Pub1k;608;2195;4
0-5-0;Baseline;/nsqd/protocol_v2_test.go/BenchmarkProtocolV2Pub2k;892;4207;3
0-5-0;Baseline;/nsqd/protocol_v2_test.go/BenchmarkProtocolV2Pub4k;1593;8274;3
0-5-0;Baseline;/nsqd/protocol_v2_test.go/BenchmarkProtocolV2Pub8k;2823;16490;4
0-5-0;Baseline;/nsqd/protocol_v2_test.go/BenchmarkProtocolV2Pub16k;4515;32785;4
0-5-0;Baseline;/nsqd/protocol_v2_test.go/BenchmarkProtocolV2Pub32k;8048;65638;4
0-5-0;Baseline;/nsqd/protocol_v2_test.go/BenchmarkProtocolV2Pub64k;14506;131140;4
0-5-0;Baseline;/nsqd/protocol_v2_test.go/BenchmarkProtocolV2Pub128k;27278;262096;4
0-5-0;Baseline;/nsqd/protocol_v2_test.go/BenchmarkProtocolV2Pub256k;58529;523919;4
0-5-0;Baseline;/nsqd/protocol_v2_test.go/BenchmarkProtocolV2Pub512k;104530;1042999;5
0-5-0;Baseline;/nsqd/protocol_v2_test.go/BenchmarkProtocolV2Pub1m;274929;2096169;8
0-5-0;Baseline;/nsqd/protocol_v2_test.go/BenchmarkProtocolV2Sub512k;72577;533154;15
0-5-0;Baseline;/nsqd/protocol_v2_test.go/BenchmarkProtocolV2Sub1m;166926;1058077;15
0-5-0;Baseline;/nsqd/topic_test.go/BenchmarkTopicPut;3215;184;5
0-5-0;Baseline;/nsqd/topic_test.go/BenchmarkTopicToChannelPut;3390;176;5
0-5-0;Baseline;/internal/protocol/byte_base10_test.go/BenchmarkByteToBase10Valid;13.7;0;0
0-5-0;Baseline;/internal/protocol/byte_base10_test.go/BenchmarkByteToBase10Invalid;4.77;0;0
0-6-0;Baseline;/internal/protocol/byte_base10_test.go/BenchmarkByteToBase10Valid;13.7;0;0
0-6-0;Baseline;/internal/protocol/byte_base10_test.go/BenchmarkByteToBase10Invalid;4.77;0;0
0-6-0;Baseline;/nsqd/http_test.go/BenchmarkHTTPpub;40292;10253;104
0-6-0;Baseline;/nsqd/protocol_v2_test.go/BenchmarkProtocolV2Exec;147;0;0
0-6-0;Baseline;/nsqd/protocol_v2_test.go/BenchmarkProtocolV2PubMultiTopic1;679;550;3
0-6-0;Baseline;/nsqd/protocol_v2_test.go/BenchmarkProtocolV2PubMultiTopic2;384;560;3
0-6-0;Baseline;/nsqd/protocol_v2_test.go/BenchmarkProtocolV2PubMultiTopic4;254;573;3
0-6-0;Baseline;/nsqd/protocol_v2_test.go/BenchmarkProtocolV2PubMultiTopic8;222;605;3
0-6-0;Baseline;/nsqd/protocol_v2_test.go/BenchmarkProtocolV2PubMultiTopic16;232;669;3
0-6-0;Baseline;/nsqd/protocol_v2_test.go/BenchmarkProtocolV2PubMultiTopic32;251;797;3
0-6-0;Baseline;/nsqd/protocol_v2_test.go/BenchmarkProtocolV2Pub256;410;639;3
0-6-0;Baseline;/nsqd/protocol_v2_test.go/BenchmarkProtocolV2Pub512;430;1143;3
0-6-0;Baseline;/nsqd/protocol_v2_test.go/BenchmarkProtocolV2Pub1k;571;2180;3
0-6-0;Baseline;/nsqd/protocol_v2_test.go/BenchmarkProtocolV2Pub2k;825;4207;3
0-6-0;Baseline;/nsqd/protocol_v2_test.go/BenchmarkProtocolV2Pub4k;1472;8274;3
0-6-0;Baseline;/nsqd/protocol_v2_test.go/BenchmarkProtocolV2Pub8k;2864;16490;4
0-6-0;Baseline;/nsqd/protocol_v2_test.go/BenchmarkProtocolV2Pub16k;4426;32784;4
0-6-0;Baseline;/nsqd/protocol_v2_test.go/BenchmarkProtocolV2Pub32k;7989;65639;4
0-6-0;Baseline;/nsqd/protocol_v2_test.go/BenchmarkProtocolV2Pub64k;14617;131140;4
0-6-0;Baseline;/nsqd/protocol_v2_test.go/BenchmarkProtocolV2Pub128k;28129;262096;4
0-6-0;Baseline;/nsqd/protocol_v2_test.go/BenchmarkProtocolV2Pub256k;53060;522596;4
0-6-0;Baseline;/nsqd/protocol_v2_test.go/BenchmarkProtocolV2Pub512k;129711;1043000;5
0-6-0;Baseline;/nsqd/protocol_v2_test.go/BenchmarkProtocolV2Pub1m;273243;2096171;8
0-6-0;Baseline;/nsqd/protocol_v2_test.go/BenchmarkProtocolV2Sub128k;20804;139641;16
0-6-0;Baseline;/nsqd/protocol_v2_test.go/BenchmarkProtocolV2Sub512k;70876;533151;15
0-6-0;Baseline;/nsqd/protocol_v2_test.go/BenchmarkProtocolV2Sub1m;165747;1058078;16
0-6-0;Baseline;/nsqd/topic_test.go/BenchmarkTopicPut;3233;184;5
0-6-0;Baseline;/nsqd/topic_test.go/BenchmarkTopicToChannelPut;3351;176;5
0-6-0;Baseline;/nsqd/guid_test.go/BenchmarkGUIDCopy;4.77;0;0
0-6-0;Baseline;/nsqd/guid_test.go/BenchmarkGUIDUnsafe;0.83;0;0
0-6-0;Baseline;/nsqd/guid_test.go/BenchmarkGUID;140;0;0
0-7-0;Baseline;/internal/protocol/byte_base10_test.go/BenchmarkByteToBase10Valid;13.7;0;0
0-7-0;Baseline;/internal/protocol/byte_base10_test.go/BenchmarkByteToBase10Invalid;4.77;0;0
0-7-0;Baseline;/nsqd/guid_test.go/BenchmarkGUIDCopy;4.77;0;0
0-7-0;Baseline;/nsqd/guid_test.go/BenchmarkGUIDUnsafe;0.83;0;0
0-7-0;Baseline;/nsqd/guid_test.go/BenchmarkGUID;140;0;0
0-7-0;Baseline;/nsqd/http_test.go/BenchmarkHTTPpub;39942;10238;104
0-7-0;Baseline;/nsqd/protocol_v2_test.go/BenchmarkProtocolV2Exec;147;0;0
0-7-0;Baseline;/nsqd/protocol_v2_test.go/BenchmarkProtocolV2PubMultiTopic1;677;550;3
0-7-0;Baseline;/nsqd/protocol_v2_test.go/BenchmarkProtocolV2PubMultiTopic2;386;560;3
0-7-0;Baseline;/nsqd/protocol_v2_test.go/BenchmarkProtocolV2PubMultiTopic4;238;573;3
0-7-0;Baseline;/nsqd/protocol_v2_test.go/BenchmarkProtocolV2PubMultiTopic8;221;605;3
0-7-0;Baseline;/nsqd/protocol_v2_test.go/BenchmarkProtocolV2PubMultiTopic16;250;669;3
0-7-0;Baseline;/nsqd/protocol_v2_test.go/BenchmarkProtocolV2PubMultiTopic32;241;797;3
0-7-0;Baseline;/nsqd/protocol_v2_test.go/BenchmarkProtocolV2Pub256;449;639;3
0-7-0;Baseline;/nsqd/protocol_v2_test.go/BenchmarkProtocolV2Pub512;440;1143;3
0-7-0;Baseline;/nsqd/protocol_v2_test.go/BenchmarkProtocolV2Pub1k;561;2195;4
0-7-0;Baseline;/nsqd/protocol_v2_test.go/BenchmarkProtocolV2Pub2k;740;4207;3
0-7-0;Baseline;/nsqd/protocol_v2_test.go/BenchmarkProtocolV2Pub4k;1475;8274;3
0-7-0;Baseline;/nsqd/protocol_v2_test.go/BenchmarkProtocolV2Pub8k;2806;16490;4
0-7-0;Baseline;/nsqd/protocol_v2_test.go/BenchmarkProtocolV2Pub16k;4511;32785;4
0-7-0;Baseline;/nsqd/protocol_v2_test.go/BenchmarkProtocolV2Pub32k;7924;65639;4
0-7-0;Baseline;/nsqd/protocol_v2_test.go/BenchmarkProtocolV2Pub64k;14329;131140;4
0-7-0;Baseline;/nsqd/protocol_v2_test.go/BenchmarkProtocolV2Pub128k;27253;262097;4
0-7-0;Baseline;/nsqd/protocol_v2_test.go/BenchmarkProtocolV2Pub256k;58530;522595;4
0-7-0;Baseline;/nsqd/protocol_v2_test.go/BenchmarkProtocolV2Pub512k;104734;1042999;5
0-7-0;Baseline;/nsqd/protocol_v2_test.go/BenchmarkProtocolV2Pub1m;253672;2096171;8
0-7-0;Baseline;/nsqd/protocol_v2_test.go/BenchmarkProtocolV2Sub512k;73374;533153;16
0-7-0;Baseline;/nsqd/protocol_v2_test.go/BenchmarkProtocolV2Sub1m;165461;1058076;15
0-7-0;Baseline;/nsqd/topic_test.go/BenchmarkTopicPut;3218;184;5
0-7-0;Baseline;/nsqd/topic_test.go/BenchmarkTopicToChannelPut;3386;176;5
0-8-0;Baseline;/internal/protocol/byte_base10_test.go/BenchmarkByteToBase10Valid;13.7;0;0
0-8-0;Baseline;/internal/protocol/byte_base10_test.go/BenchmarkByteToBase10Invalid;4.77;0;0
0-8-0;Baseline;/nsqd/guid_test.go/BenchmarkGUIDCopy;4.77;0;0
0-8-0;Baseline;/nsqd/guid_test.go/BenchmarkGUIDUnsafe;0.83;0;0
0-8-0;Baseline;/nsqd/guid_test.go/BenchmarkGUID;140;0;0
0-8-0;Baseline;/nsqd/http_test.go/BenchmarkHTTPpub;40105;10243;104
0-8-0;Baseline;/nsqd/protocol_v2_test.go/BenchmarkProtocolV2Exec;147;0;0
0-8-0;Baseline;/nsqd/protocol_v2_test.go/BenchmarkProtocolV2PubMultiTopic1;686;550;3
0-8-0;Baseline;/nsqd/protocol_v2_test.go/BenchmarkProtocolV2PubMultiTopic2;387;560;3
0-8-0;Baseline;/nsqd/protocol_v2_test.go/BenchmarkProtocolV2PubMultiTopic4;239;573;3
0-8-0;Baseline;/nsqd/protocol_v2_test.go/BenchmarkProtocolV2PubMultiTopic8;230;605;3
0-8-0;Baseline;/nsqd/protocol_v2_test.go/BenchmarkProtocolV2PubMultiTopic16;252;669;3
0-8-0;Baseline;/nsqd/protocol_v2_test.go/BenchmarkProtocolV2PubMultiTopic32;241;797;3
0-8-0;Baseline;/nsqd/protocol_v2_test.go/BenchmarkProtocolV2Pub256;448;639;3
0-8-0;Baseline;/nsqd/protocol_v2_test.go/BenchmarkProtocolV2Pub512;453;1143;3
0-8-0;Baseline;/nsqd/protocol_v2_test.go/BenchmarkProtocolV2Pub1k;630;2180;3
0-8-0;Baseline;/nsqd/protocol_v2_test.go/BenchmarkProtocolV2Pub2k;851;4207;3
0-8-0;Baseline;/nsqd/protocol_v2_test.go/BenchmarkProtocolV2Pub4k;1474;8274;3
0-8-0;Baseline;/nsqd/protocol_v2_test.go/BenchmarkProtocolV2Pub8k;2839;16490;4
0-8-0;Baseline;/nsqd/protocol_v2_test.go/BenchmarkProtocolV2Pub16k;4493;32785;4
0-8-0;Baseline;/nsqd/protocol_v2_test.go/BenchmarkProtocolV2Pub32k;7892;65638;4
0-8-0;Baseline;/nsqd/protocol_v2_test.go/BenchmarkProtocolV2Pub64k;14580;131140;4
0-8-0;Baseline;/nsqd/protocol_v2_test.go/BenchmarkProtocolV2Pub128k;29581;262097;4
0-8-0;Baseline;/nsqd/protocol_v2_test.go/BenchmarkProtocolV2Pub256k;52545;522595;4
0-8-0;Baseline;/nsqd/protocol_v2_test.go/BenchmarkProtocolV2Pub512k;128013;1043000;5
0-8-0;Baseline;/nsqd/protocol_v2_test.go/BenchmarkProtocolV2Pub1m;273658;2096169;8
0-8-0;Baseline;/nsqd/protocol_v2_test.go/BenchmarkProtocolV2Sub512k;71118;533151;15
0-8-0;Baseline;/nsqd/protocol_v2_test.go/BenchmarkProtocolV2Sub1m;166159;1058076;15
0-8-0;Baseline;/nsqd/topic_test.go/BenchmarkTopicPut;3230;184;5
0-8-0;Baseline;/nsqd/topic_test.go/BenchmarkTopicToChannelPut;3367;176;5
0-9-0;Baseline;/internal/protocol/byte_base10_test.go/BenchmarkByteToBase10Valid;13.7;0;0
0-9-0;Baseline;/internal/protocol/byte_base10_test.go/BenchmarkByteToBase10Invalid;4.77;0;0
0-9-0;Baseline;/nsqd/guid_test.go/BenchmarkGUIDCopy;4.77;0;0
0-9-0;Baseline;/nsqd/guid_test.go/BenchmarkGUIDUnsafe;0.83;0;0
0-9-0;Baseline;/nsqd/guid_test.go/BenchmarkGUID;140;0;0
0-9-0;Baseline;/nsqd/http_test.go/BenchmarkHTTPpub;36245;10031;103
0-9-0;Baseline;/nsqd/protocol_v2_test.go/BenchmarkProtocolV2Exec;147;0;0
0-9-0;Baseline;/nsqd/protocol_v2_test.go/BenchmarkProtocolV2PubMultiTopic1;678;550;3
0-9-0;Baseline;/nsqd/protocol_v2_test.go/BenchmarkProtocolV2PubMultiTopic2;385;562;3
0-9-0;Baseline;/nsqd/protocol_v2_test.go/BenchmarkProtocolV2PubMultiTopic4;252;573;3
0-9-0;Baseline;/nsqd/protocol_v2_test.go/BenchmarkProtocolV2PubMultiTopic8;230;605;3
0-9-0;Baseline;/nsqd/protocol_v2_test.go/BenchmarkProtocolV2PubMultiTopic16;254;669;3
0-9-0;Baseline;/nsqd/protocol_v2_test.go/BenchmarkProtocolV2PubMultiTopic32;240;797;3
0-9-0;Baseline;/nsqd/protocol_v2_test.go/BenchmarkProtocolV2Pub256;395;639;3
0-9-0;Baseline;/nsqd/protocol_v2_test.go/BenchmarkProtocolV2Pub512;447;1143;3
0-9-0;Baseline;/nsqd/protocol_v2_test.go/BenchmarkProtocolV2Pub1k;554;2195;4
0-9-0;Baseline;/nsqd/protocol_v2_test.go/BenchmarkProtocolV2Pub2k;818;4207;3
0-9-0;Baseline;/nsqd/protocol_v2_test.go/BenchmarkProtocolV2Pub4k;1637;8274;3
0-9-0;Baseline;/nsqd/protocol_v2_test.go/BenchmarkProtocolV2Pub8k;2893;16490;4
0-9-0;Baseline;/nsqd/protocol_v2_test.go/BenchmarkProtocolV2Pub16k;4589;32785;4
0-9-0;Baseline;/nsqd/protocol_v2_test.go/BenchmarkProtocolV2Pub32k;7879;65638;4
0-9-0;Baseline;/nsqd/protocol_v2_test.go/BenchmarkProtocolV2Pub64k;14388;131140;4
0-9-0;Baseline;/nsqd/protocol_v2_test.go/BenchmarkProtocolV2Pub128k;27427;262097;4
0-9-0;Baseline;/nsqd/protocol_v2_test.go/BenchmarkProtocolV2Pub256k;53079;523919;4
0-9-0;Baseline;/nsqd/protocol_v2_test.go/BenchmarkProtocolV2Pub512k;125989;1042999;5
0-9-0;Baseline;/nsqd/protocol_v2_test.go/BenchmarkProtocolV2Pub1m;214511;2096168;8
0-9-0;Baseline;/nsqd/protocol_v2_test.go/BenchmarkProtocolV2Sub512k;71234;533152;15
0-9-0;Baseline;/nsqd/protocol_v2_test.go/BenchmarkProtocolV2Sub1m;165124;1058073;15
0-9-0;Baseline;/nsqd/topic_test.go/BenchmarkTopicPut;3208;184;5
0-9-0;Baseline;/nsqd/topic_test.go/BenchmarkTopicToChannelPut;3406;176;5
0-10-0;Baseline;/internal/protocol/byte_base10_test.go/BenchmarkByteToBase10Valid;13.7;0;0
0-10-0;Baseline;/internal/protocol/byte_base10_test.go/BenchmarkByteToBase10Invalid;4.77;0;0
0-10-0;Baseline;/nsqd/guid_test.go/BenchmarkGUIDCopy;4.77;0;0
0-10-0;Baseline;/nsqd/guid_test.go/BenchmarkGUIDUnsafe;0.83;0;0
0-10-0;Baseline;/nsqd/guid_test.go/BenchmarkGUID;140;0;0
0-10-0;Baseline;/nsqd/http_test.go/BenchmarkHTTPpub;40753;10280;104
0-10-0;Baseline;/nsqd/protocol_v2_test.go/BenchmarkProtocolV2Exec;147;0;0
0-10-0;Baseline;/nsqd/protocol_v2_test.go/BenchmarkProtocolV2PubMultiTopic1;668;550;3
0-10-0;Baseline;/nsqd/protocol_v2_test.go/BenchmarkProtocolV2PubMultiTopic2;385;560;3
0-10-0;Baseline;/nsqd/protocol_v2_test.go/BenchmarkProtocolV2PubMultiTopic4;242;573;3
0-10-0;Baseline;/nsqd/protocol_v2_test.go/BenchmarkProtocolV2PubMultiTopic8;238;605;3
0-10-0;Baseline;/nsqd/protocol_v2_test.go/BenchmarkProtocolV2PubMultiTopic16;248;669;3
0-10-0;Baseline;/nsqd/protocol_v2_test.go/BenchmarkProtocolV2PubMultiTopic32;237;797;3
0-10-0;Baseline;/nsqd/protocol_v2_test.go/BenchmarkProtocolV2Pub256;383;639;3
0-10-0;Baseline;/nsqd/protocol_v2_test.go/BenchmarkProtocolV2Pub512;442;1143;3
0-10-0;Baseline;/nsqd/protocol_v2_test.go/BenchmarkProtocolV2Pub1k;539;2180;3
0-10-0;Baseline;/nsqd/protocol_v2_test.go/BenchmarkProtocolV2Pub2k;799;4207;3
0-10-0;Baseline;/nsqd/protocol_v2_test.go/BenchmarkProtocolV2Pub4k;1502;8274;3
0-10-0;Baseline;/nsqd/protocol_v2_test.go/BenchmarkProtocolV2Pub8k;2817;16490;4
0-10-0;Baseline;/nsqd/protocol_v2_test.go/BenchmarkProtocolV2Pub16k;4540;32785;4
0-10-0;Baseline;/nsqd/protocol_v2_test.go/BenchmarkProtocolV2Pub32k;8080;65638;4
0-10-0;Baseline;/nsqd/protocol_v2_test.go/BenchmarkProtocolV2Pub64k;14648;131140;4
0-10-0;Baseline;/nsqd/protocol_v2_test.go/BenchmarkProtocolV2Pub128k;27150;262096;4
0-10-0;Baseline;/nsqd/protocol_v2_test.go/BenchmarkProtocolV2Pub256k;53049;523919;4
0-10-0;Baseline;/nsqd/protocol_v2_test.go/BenchmarkProtocolV2Pub512k;104479;1043000;5
0-10-0;Baseline;/nsqd/protocol_v2_test.go/BenchmarkProtocolV2Pub1m;243973;2096169;8
0-10-0;Baseline;/nsqd/protocol_v2_test.go/BenchmarkProtocolV2Sub512k;71686;533153;15
0-10-0;Baseline;/nsqd/protocol_v2_test.go/BenchmarkProtocolV2Sub1m;166775;1058077;15
0-10-0;Baseline;/nsqd/topic_test.go/BenchmarkTopicPut;3201;184;5
0-10-0;Baseline;/nsqd/topic_test.go/BenchmarkTopicToChannelPut;3402;176;5
0-11-0;Baseline;/internal/protocol/byte_base10_test.go/BenchmarkByteToBase10Valid;13.7;0;0
0-11-0;Baseline;/internal/protocol/byte_base10_test.go/BenchmarkByteToBase10Invalid;4.77;0;0
0-11-0;Baseline;/nsqd/protocol_v2_test.go/BenchmarkProtocolV2Exec;147;0;0
0-11-0;Baseline;/nsqd/protocol_v2_test.go/BenchmarkProtocolV2PubMultiTopic1;698;550;3
0-11-0;Baseline;/nsqd/protocol_v2_test.go/BenchmarkProtocolV2PubMultiTopic2;382;562;3
0-11-0;Baseline;/nsqd/protocol_v2_test.go/BenchmarkProtocolV2PubMultiTopic4;252;573;3
0-11-0;Baseline;/nsqd/protocol_v2_test.go/BenchmarkProtocolV2PubMultiTopic8;215;605;3
0-11-0;Baseline;/nsqd/protocol_v2_test.go/BenchmarkProtocolV2PubMultiTopic16;255;669;3
0-11-0;Baseline;/nsqd/protocol_v2_test.go/BenchmarkProtocolV2PubMultiTopic32;248;797;3
0-11-0;Baseline;/nsqd/protocol_v2_test.go/BenchmarkProtocolV2Pub256;404;639;3
0-11-0;Baseline;/nsqd/protocol_v2_test.go/BenchmarkProtocolV2Pub512;491;1143;3
0-11-0;Baseline;/nsqd/protocol_v2_test.go/BenchmarkProtocolV2Pub1k;599;2180;3
0-11-0;Baseline;/nsqd/protocol_v2_test.go/BenchmarkProtocolV2Pub2k;781;4207;3
0-11-0;Baseline;/nsqd/protocol_v2_test.go/BenchmarkProtocolV2Pub4k;1632;8274;3
0-11-0;Baseline;/nsqd/protocol_v2_test.go/BenchmarkProtocolV2Pub8k;2953;16490;4
0-11-0;Baseline;/nsqd/protocol_v2_test.go/BenchmarkProtocolV2Pub16k;4654;32785;4
0-11-0;Baseline;/nsqd/protocol_v2_test.go/BenchmarkProtocolV2Pub32k;7705;65638;4
0-11-0;Baseline;/nsqd/protocol_v2_test.go/BenchmarkProtocolV2Pub64k;14530;131140;4
0-11-0;Baseline;/nsqd/protocol_v2_test.go/BenchmarkProtocolV2Pub128k;27239;262096;4
0-11-0;Baseline;/nsqd/protocol_v2_test.go/BenchmarkProtocolV2Pub256k;58860;522596;4
0-11-0;Baseline;/nsqd/protocol_v2_test.go/BenchmarkProtocolV2Pub512k;112250;1042998;5
0-11-0;Baseline;/nsqd/protocol_v2_test.go/BenchmarkProtocolV2Pub1m;230728;2096170;8
0-11-0;Baseline;/nsqd/protocol_v2_test.go/BenchmarkProtocolV2Sub1m;166896;1058076;15
0-11-0;Baseline;/nsqd/topic_test.go/BenchmarkTopicPut;3238;184;5
0-11-0;Baseline;/nsqd/topic_test.go/BenchmarkTopicToChannelPut;3350;176;5
0-11-0;Baseline;/nsqd/guid_test.go/BenchmarkGUIDCopy;4.77;0;0
0-11-0;Baseline;/nsqd/guid_test.go/BenchmarkGUIDUnsafe;0.83;0;0
0-11-0;Baseline;/nsqd/guid_test.go/BenchmarkGUID;140;0;0
0-11-0;Baseline;/nsqd/http_test.go/BenchmarkHTTPpub;36031;10016;103
0-12-0;Baseline;/internal/protocol/byte_base10_test.go/BenchmarkByteToBase10Valid;13.7;0;0
0-12-0;Baseline;/internal/protocol/byte_base10_test.go/BenchmarkByteToBase10Invalid;4.77;0;0
0-12-0;Baseline;/nsqd/guid_test.go/BenchmarkGUIDCopy;4.77;0;0
0-12-0;Baseline;/nsqd/guid_test.go/BenchmarkGUIDUnsafe;0.83;0;0
0-12-0;Baseline;/nsqd/guid_test.go/BenchmarkGUID;140;0;0
0-12-0;Baseline;/nsqd/http_test.go/BenchmarkHTTPpub;38918;10186;104
0-12-0;Baseline;/nsqd/protocol_v2_test.go/BenchmarkProtocolV2Exec;147;0;0
0-12-0;Baseline;/nsqd/protocol_v2_test.go/BenchmarkProtocolV2PubMultiTopic1;682;550;3
0-12-0;Baseline;/nsqd/protocol_v2_test.go/BenchmarkProtocolV2PubMultiTopic2;392;560;3
0-12-0;Baseline;/nsqd/protocol_v2_test.go/BenchmarkProtocolV2PubMultiTopic4;276;578;3
0-12-0;Baseline;/nsqd/protocol_v2_test.go/BenchmarkProtocolV2PubMultiTopic8;225;605;3
0-12-0;Baseline;/nsqd/protocol_v2_test.go/BenchmarkProtocolV2PubMultiTopic16;250;669;3
0-12-0;Baseline;/nsqd/protocol_v2_test.go/BenchmarkProtocolV2PubMultiTopic32;228;797;3
0-12-0;Baseline;/nsqd/protocol_v2_test.go/BenchmarkProtocolV2Pub256;455;639;3
0-12-0;Baseline;/nsqd/protocol_v2_test.go/BenchmarkProtocolV2Pub512;491;1143;3
0-12-0;Baseline;/nsqd/protocol_v2_test.go/BenchmarkProtocolV2Pub1k;605;2180;3
0-12-0;Baseline;/nsqd/protocol_v2_test.go/BenchmarkProtocolV2Pub2k;795;4207;3
0-12-0;Baseline;/nsqd/protocol_v2_test.go/BenchmarkProtocolV2Pub4k;1444;8274;3
0-12-0;Baseline;/nsqd/protocol_v2_test.go/BenchmarkProtocolV2Pub8k;2925;16490;4
0-12-0;Baseline;/nsqd/protocol_v2_test.go/BenchmarkProtocolV2Pub16k;4404;32785;4
0-12-0;Baseline;/nsqd/protocol_v2_test.go/BenchmarkProtocolV2Pub32k;7998;65639;4
0-12-0;Baseline;/nsqd/protocol_v2_test.go/BenchmarkProtocolV2Pub64k;14491;131140;4
0-12-0;Baseline;/nsqd/protocol_v2_test.go/BenchmarkProtocolV2Pub128k;27636;262096;4
0-12-0;Baseline;/nsqd/protocol_v2_test.go/BenchmarkProtocolV2Pub256k;52827;522597;4
0-12-0;Baseline;/nsqd/protocol_v2_test.go/BenchmarkProtocolV2Pub512k;107746;1043000;5
0-12-0;Baseline;/nsqd/protocol_v2_test.go/BenchmarkProtocolV2Pub1m;226608;2096169;8
0-12-0;Baseline;/nsqd/protocol_v2_test.go/BenchmarkProtocolV2Sub1m;166510;1058079;15
0-12-0;Baseline;/nsqd/topic_test.go/BenchmarkTopicPut;3259;184;5
0-12-0;Baseline;/nsqd/topic_test.go/BenchmarkTopicToChannelPut;3347;176;5
0-13-0;Baseline;/internal/protocol/byte_base10_test.go/BenchmarkByteToBase10Valid;13.7;0;0
0-13-0;Baseline;/internal/protocol/byte_base10_test.go/BenchmarkByteToBase10Invalid;4.77;0;0
0-13-0;Baseline;/nsqd/http_test.go/BenchmarkHTTPpub;35794;10003;103
0-13-0;Baseline;/nsqd/protocol_v2_test.go/BenchmarkProtocolV2Exec;147;0;0
0-13-0;Baseline;/nsqd/protocol_v2_test.go/BenchmarkProtocolV2PubMultiTopic1;697;550;3
0-13-0;Baseline;/nsqd/protocol_v2_test.go/BenchmarkProtocolV2PubMultiTopic2;388;560;3
0-13-0;Baseline;/nsqd/protocol_v2_test.go/BenchmarkProtocolV2PubMultiTopic4;243;578;3
0-13-0;Baseline;/nsqd/protocol_v2_test.go/BenchmarkProtocolV2PubMultiTopic8;227;605;3
0-13-0;Baseline;/nsqd/protocol_v2_test.go/BenchmarkProtocolV2PubMultiTopic16;254;669;3
0-13-0;Baseline;/nsqd/protocol_v2_test.go/BenchmarkProtocolV2PubMultiTopic32;264;797;3
0-13-0;Baseline;/nsqd/protocol_v2_test.go/BenchmarkProtocolV2Pub256;443;639;3
0-13-0;Baseline;/nsqd/protocol_v2_test.go/BenchmarkProtocolV2Pub512;483;1143;3
0-13-0;Baseline;/nsqd/protocol_v2_test.go/BenchmarkProtocolV2Pub1k;601;2180;3
0-13-0;Baseline;/nsqd/protocol_v2_test.go/BenchmarkProtocolV2Pub2k;838;4207;3
0-13-0;Baseline;/nsqd/protocol_v2_test.go/BenchmarkProtocolV2Pub4k;1435;8274;3
0-13-0;Baseline;/nsqd/protocol_v2_test.go/BenchmarkProtocolV2Pub8k;3008;16490;4
0-13-0;Baseline;/nsqd/protocol_v2_test.go/BenchmarkProtocolV2Pub16k;4739;32785;4
0-13-0;Baseline;/nsqd/protocol_v2_test.go/BenchmarkProtocolV2Pub32k;7754;65638;4
0-13-0;Baseline;/nsqd/protocol_v2_test.go/BenchmarkProtocolV2Pub64k;14509;131140;4
0-13-0;Baseline;/nsqd/protocol_v2_test.go/BenchmarkProtocolV2Pub128k;27421;262096;4
0-13-0;Baseline;/nsqd/protocol_v2_test.go/BenchmarkProtocolV2Pub256k;52497;523919;4
0-13-0;Baseline;/nsqd/protocol_v2_test.go/BenchmarkProtocolV2Pub512k;115429;1043000;5
0-13-0;Baseline;/nsqd/protocol_v2_test.go/BenchmarkProtocolV2Pub1m;243129;2096170;8
0-13-0;Baseline;/nsqd/protocol_v2_test.go/BenchmarkProtocolV2Sub1m;167234;1058077;15
0-13-0;Baseline;/nsqd/topic_test.go/BenchmarkTopicPut;3253;184;5
0-13-0;Baseline;/nsqd/topic_test.go/BenchmarkTopicToChannelPut;3370;176;5
0-13-0;Baseline;/nsqd/guid_test.go/BenchmarkGUIDCopy;4.77;0;0
0-13-0;Baseline;/nsqd/guid_test.go/BenchmarkGUIDUnsafe;0.83;0;0
0-13-0;Baseline;/nsqd/guid_test.go/BenchmarkGUID;140;0;0
0-14-0;Baseline;/internal/protocol/byte_base10_test.go/BenchmarkByteToBase10Valid;13.7;0;0
0-14-0;Baseline;/internal/protocol/byte_base10_test.go/BenchmarkByteToBase10Invalid;4.77;0;0
0-14-0;Baseline;/nsqd/topic_test.go/BenchmarkTopicPut;3243;184;5
0-14-0;Baseline;/nsqd/topic_test.go/BenchmarkTopicToChannelPut;3304;176;5
0-14-0;Baseline;/nsqd/guid_test.go/BenchmarkGUIDCopy;4.77;0;0
0-14-0;Baseline;/nsqd/guid_test.go/BenchmarkGUIDUnsafe;0.83;0;0
0-14-0;Baseline;/nsqd/guid_test.go/BenchmarkGUID;140;0;0
0-14-0;Baseline;/nsqd/http_test.go/BenchmarkHTTPpub;41695;10323;105
0-14-0;Baseline;/nsqd/protocol_v2_test.go/BenchmarkProtocolV2Exec;147;0;0
0-14-0;Baseline;/nsqd/protocol_v2_test.go/BenchmarkProtocolV2PubMultiTopic1;693;550;3
0-14-0;Baseline;/nsqd/protocol_v2_test.go/BenchmarkProtocolV2PubMultiTopic2;389;562;3
0-14-0;Baseline;/nsqd/protocol_v2_test.go/BenchmarkProtocolV2PubMultiTopic4;250;573;3
0-14-0;Baseline;/nsqd/protocol_v2_test.go/BenchmarkProtocolV2PubMultiTopic8;208;605;3
0-14-0;Baseline;/nsqd/protocol_v2_test.go/BenchmarkProtocolV2PubMultiTopic16;239;669;3
0-14-0;Baseline;/nsqd/protocol_v2_test.go/BenchmarkProtocolV2PubMultiTopic32;249;797;3
0-14-0;Baseline;/nsqd/protocol_v2_test.go/BenchmarkProtocolV2Pub256;404;639;3
0-14-0;Baseline;/nsqd/protocol_v2_test.go/BenchmarkProtocolV2Pub512;429;1143;3
0-14-0;Baseline;/nsqd/protocol_v2_test.go/BenchmarkProtocolV2Pub1k;642;2180;3
0-14-0;Baseline;/nsqd/protocol_v2_test.go/BenchmarkProtocolV2Pub2k;857;4207;3
0-14-0;Baseline;/nsqd/protocol_v2_test.go/BenchmarkProtocolV2Pub4k;1441;8274;3
0-14-0;Baseline;/nsqd/protocol_v2_test.go/BenchmarkProtocolV2Pub8k;2881;16490;4
0-14-0;Baseline;/nsqd/protocol_v2_test.go/BenchmarkProtocolV2Pub16k;4526;32785;4
0-14-0;Baseline;/nsqd/protocol_v2_test.go/BenchmarkProtocolV2Pub32k;7854;65638;4
0-14-0;Baseline;/nsqd/protocol_v2_test.go/BenchmarkProtocolV2Pub64k;14127;131140;4
0-14-0;Baseline;/nsqd/protocol_v2_test.go/BenchmarkProtocolV2Pub128k;27077;262097;4
0-14-0;Baseline;/nsqd/protocol_v2_test.go/BenchmarkProtocolV2Pub256k;51788;522595;4
0-14-0;Baseline;/nsqd/protocol_v2_test.go/BenchmarkProtocolV2Pub512k;123145;1043000;5
0-14-0;Baseline;/nsqd/protocol_v2_test.go/BenchmarkProtocolV2Pub1m;229026;2096170;8
0-14-0;Baseline;/nsqd/protocol_v2_test.go/BenchmarkProtocolV2Sub1m;169626;1058076;15
0-15-0;Baseline;/internal/protocol/byte_base10_test.go/BenchmarkByteToBase10Valid;13.7;0;0
0-15-0;Baseline;/internal/protocol/byte_base10_test.go/BenchmarkByteToBase10Invalid;4.77;0;0
0-15-0;Baseline;/nsqd/guid_test.go/BenchmarkGUIDCopy;4.77;0;0
0-15-0;Baseline;/nsqd/guid_test.go/BenchmarkGUIDUnsafe;0.83;0;0
0-15-0;Baseline;/nsqd/guid_test.go/BenchmarkGUID;140;0;0
0-15-0;Baseline;/nsqd/http_test.go/BenchmarkHTTPpub;38145;10143;104
0-15-0;Baseline;/nsqd/protocol_v2_test.go/BenchmarkProtocolV2Exec;147;0;0
0-15-0;Baseline;/nsqd/protocol_v2_test.go/BenchmarkProtocolV2PubMultiTopic1;678;550;3
0-15-0;Baseline;/nsqd/protocol_v2_test.go/BenchmarkProtocolV2PubMultiTopic2;383;562;3
0-15-0;Baseline;/nsqd/protocol_v2_test.go/BenchmarkProtocolV2PubMultiTopic4;242;578;3
0-15-0;Baseline;/nsqd/protocol_v2_test.go/BenchmarkProtocolV2PubMultiTopic8;223;605;3
0-15-0;Baseline;/nsqd/protocol_v2_test.go/BenchmarkProtocolV2PubMultiTopic16;256;669;3
0-15-0;Baseline;/nsqd/protocol_v2_test.go/BenchmarkProtocolV2PubMultiTopic32;271;797;3
0-15-0;Baseline;/nsqd/protocol_v2_test.go/BenchmarkProtocolV2Pub256;397;639;3
0-15-0;Baseline;/nsqd/protocol_v2_test.go/BenchmarkProtocolV2Pub512;493;1143;3
0-15-0;Baseline;/nsqd/protocol_v2_test.go/BenchmarkProtocolV2Pub1k;660;2180;3
0-15-0;Baseline;/nsqd/protocol_v2_test.go/BenchmarkProtocolV2Pub2k;894;4207;3
0-15-0;Baseline;/nsqd/protocol_v2_test.go/BenchmarkProtocolV2Pub4k;1479;8274;3
0-15-0;Baseline;/nsqd/protocol_v2_test.go/BenchmarkProtocolV2Pub8k;2827;16490;4
0-15-0;Baseline;/nsqd/protocol_v2_test.go/BenchmarkProtocolV2Pub16k;4535;32785;4
0-15-0;Baseline;/nsqd/protocol_v2_test.go/BenchmarkProtocolV2Pub32k;7876;65638;4
0-15-0;Baseline;/nsqd/protocol_v2_test.go/BenchmarkProtocolV2Pub64k;14524;131140;4
0-15-0;Baseline;/nsqd/protocol_v2_test.go/BenchmarkProtocolV2Pub128k;27194;262096;4
0-15-0;Baseline;/nsqd/protocol_v2_test.go/BenchmarkProtocolV2Pub256k;52924;522595;4
0-15-0;Baseline;/nsqd/protocol_v2_test.go/BenchmarkProtocolV2Pub512k;109847;1043000;5
0-15-0;Baseline;/nsqd/protocol_v2_test.go/BenchmarkProtocolV2Pub1m;247781;2096170;8
0-15-0;Baseline;/nsqd/protocol_v2_test.go/BenchmarkProtocolV2Sub512k;71540;533152;15
0-15-0;Baseline;/nsqd/protocol_v2_test.go/BenchmarkProtocolV2Sub1m;168185;1058078;15
0-15-0;Baseline;/nsqd/topic_test.go/BenchmarkTopicPut;3211;184;5
0-15-0;Baseline;/nsqd/topic_test.go/BenchmarkTopicToChannelPut;3372;176;5
0-16-0;Baseline;/internal/protocol/byte_base10_test.go/BenchmarkByteToBase10Valid;13.7;0;0
0-16-0;Baseline;/internal/protocol/byte_base10_test.go/BenchmarkByteToBase10Invalid;4.77;0;0
0-16-0;Baseline;/nsqd/guid_test.go/BenchmarkGUIDCopy;4.77;0;0
0-16-0;Baseline;/nsqd/guid_test.go/BenchmarkGUIDUnsafe;0.83;0;0
0-16-0;Baseline;/nsqd/guid_test.go/BenchmarkGUID;140;0;0
0-16-0;Baseline;/nsqd/http_test.go/BenchmarkHTTPpub;41301;10312;105
0-16-0;Baseline;/nsqd/protocol_v2_test.go/BenchmarkProtocolV2Exec;147;0;0
0-16-0;Baseline;/nsqd/protocol_v2_test.go/BenchmarkProtocolV2PubMultiTopic1;688;550;3
0-16-0;Baseline;/nsqd/protocol_v2_test.go/BenchmarkProtocolV2PubMultiTopic2;382;560;3
0-16-0;Baseline;/nsqd/protocol_v2_test.go/BenchmarkProtocolV2PubMultiTopic4;234;573;3
0-16-0;Baseline;/nsqd/protocol_v2_test.go/BenchmarkProtocolV2PubMultiTopic8;218;605;3
0-16-0;Baseline;/nsqd/protocol_v2_test.go/BenchmarkProtocolV2PubMultiTopic16;226;669;3
0-16-0;Baseline;/nsqd/protocol_v2_test.go/BenchmarkProtocolV2PubMultiTopic32;250;797;3
0-16-0;Baseline;/nsqd/protocol_v2_test.go/BenchmarkProtocolV2Pub256;414;639;3
0-16-0;Baseline;/nsqd/protocol_v2_test.go/BenchmarkProtocolV2Pub512;496;1143;3
0-16-0;Baseline;/nsqd/protocol_v2_test.go/BenchmarkProtocolV2Pub1k;593;2180;3
0-16-0;Baseline;/nsqd/protocol_v2_test.go/BenchmarkProtocolV2Pub2k;854;4207;3
0-16-0;Baseline;/nsqd/protocol_v2_test.go/BenchmarkProtocolV2Pub4k;1486;8274;3
0-16-0;Baseline;/nsqd/protocol_v2_test.go/BenchmarkProtocolV2Pub8k;2822;16490;4
0-16-0;Baseline;/nsqd/protocol_v2_test.go/BenchmarkProtocolV2Pub16k;4706;32785;4
0-16-0;Baseline;/nsqd/protocol_v2_test.go/BenchmarkProtocolV2Pub32k;7728;65638;4
0-16-0;Baseline;/nsqd/protocol_v2_test.go/BenchmarkProtocolV2Pub64k;14613;131140;4
0-16-0;Baseline;/nsqd/protocol_v2_test.go/BenchmarkProtocolV2Pub128k;28491;262097;4
0-16-0;Baseline;/nsqd/protocol_v2_test.go/BenchmarkProtocolV2Pub256k;52610;523919;4
0-16-0;Baseline;/nsqd/protocol_v2_test.go/BenchmarkProtocolV2Pub512k;115670;1043000;5
0-16-0;Baseline;/nsqd/protocol_v2_test.go/BenchmarkProtocolV2Pub1m;255607;2096169;8
0-16-0;Baseline;/nsqd/protocol_v2_test.go/BenchmarkProtocolV2Sub512k;72312;533141;15
0-16-0;Baseline;/nsqd/protocol_v2_test.go/BenchmarkProtocolV2Sub1m;170449;1058080;15
0-16-0;Baseline;/nsqd/topic_test.go/BenchmarkTopicPut;3159;184;5
0-16-0;Baseline;/nsqd/topic_test.go/BenchmarkTopicToChannelPut;3347;176;5
0-17-0;Baseline;/internal/protocol/byte_base10_test.go/BenchmarkByteToBase10Valid;13.7;0;0
0-17-0;Baseline;/internal/protocol/byte_base10_test.go/BenchmarkByteToBase10Invalid;4.77;0;0
0-17-0;Baseline;/nsqd/topic_test.go/BenchmarkTopicPut;3245;184;5
0-17-0;Baseline;/nsqd/topic_test.go/BenchmarkTopicToChannelPut;3416;176;5
0-17-0;Baseline;/nsqd/guid_test.go/BenchmarkGUIDCopy;4.77;0;0
0-17-0;Baseline;/nsqd/guid_test.go/BenchmarkGUIDUnsafe;0.83;0;0
0-17-0;Baseline;/nsqd/guid_test.go/BenchmarkGUID;140;0;0
0-17-0;Baseline;/nsqd/http_test.go/BenchmarkHTTPpub;39288;10191;104
0-17-0;Baseline;/nsqd/protocol_v2_test.go/BenchmarkProtocolV2Exec;147;0;0
0-17-0;Baseline;/nsqd/protocol_v2_test.go/BenchmarkProtocolV2PubMultiTopic1;675;550;3
0-17-0;Baseline;/nsqd/protocol_v2_test.go/BenchmarkProtocolV2PubMultiTopic2;389;560;3
0-17-0;Baseline;/nsqd/protocol_v2_test.go/BenchmarkProtocolV2PubMultiTopic4;243;573;3
0-17-0;Baseline;/nsqd/protocol_v2_test.go/BenchmarkProtocolV2PubMultiTopic8;222;605;3
