0-0-0;Baseline;iavl_test.go/BenchmarkImmutableAvlTreeMemDB;107482;24388;447
0-0-0;Baseline;/benchmarks/bench_test.go/BenchmarkRandomBytes;78.3;4;1
0-0-0;Baseline;/benchmarks/bench_test.go/BenchmarkRandomBytes;115;16;1
0-0-0;Baseline;/benchmarks/bench_test.go/BenchmarkRandomBytes;159;32;1
0-0-0;Baseline;/benchmarks/bench_test.go/BenchmarkRandomBytes;355;112;1
0-0-0;Baseline;/benchmarks/bench_test.go/BenchmarkRandomBytes;2769;1024;1
0-0-0;Baseline;/benchmarks/bench_test.go/BenchmarkMedium;1143;16;1
0-0-0;Baseline;/benchmarks/bench_test.go/BenchmarkMedium;1128;0;0
0-0-0;Baseline;/benchmarks/bench_test.go/BenchmarkMedium;28988;6353;131
0-0-0;Baseline;/benchmarks/bench_test.go/BenchmarkMedium;3539869;990416;16012
0-0-0;Baseline;/benchmarks/bench_test.go/BenchmarkMedium;32117;7203;148
0-0-0;Baseline;/benchmarks/bench_test.go/BenchmarkMedium;22284;4730;97
0-0-0;Baseline;/benchmarks/bench_test.go/BenchmarkMedium;6895;356;7
0-0-0;Baseline;/benchmarks/bench_test.go/BenchmarkMedium;8039;464;8
0-0-0;Baseline;/benchmarks/bench_test.go/BenchmarkMedium;73122;17954;318
0-0-0;Baseline;/benchmarks/bench_test.go/BenchmarkMedium;11058792;2564154;43054
0-0-0;Baseline;/benchmarks/bench_test.go/BenchmarkMedium;83734;19976;363
0-0-0;Baseline;/benchmarks/bench_test.go/BenchmarkMedium;65236;16143;278
0-0-0;Baseline;/benchmarks/bench_test.go/BenchmarkMedium;18027;1271;22
0-0-0;Baseline;/benchmarks/bench_test.go/BenchmarkMedium;23014;1797;30
0-0-0;Baseline;/benchmarks/bench_test.go/BenchmarkMedium;453278;26555;330
0-0-0;Baseline;/benchmarks/bench_test.go/BenchmarkMedium;67585860;4416116;58763
0-0-0;Baseline;/benchmarks/bench_test.go/BenchmarkMedium;819967;61935;819
0-0-0;Baseline;/benchmarks/bench_test.go/BenchmarkMedium;825242;55651;763
0-0-0;Baseline;/benchmarks/bench_test.go/BenchmarkMedium;18700;1316;23
0-0-0;Baseline;/benchmarks/bench_test.go/BenchmarkMedium;23965;1861;31
0-0-0;Baseline;/benchmarks/bench_test.go/BenchmarkMedium;451618;26525;330
0-0-0;Baseline;/benchmarks/bench_test.go/BenchmarkMedium;59134820;4002647;55173
0-0-0;Baseline;/benchmarks/bench_test.go/BenchmarkMedium;917016;61277;818
0-0-0;Baseline;/benchmarks/bench_test.go/BenchmarkMedium;881772;55319;785
0-0-0;Baseline;/benchmarks/bench_test.go/BenchmarkSmall;457;4;1
0-0-0;Baseline;/benchmarks/bench_test.go/BenchmarkSmall;430;0;0
0-0-0;Baseline;/benchmarks/bench_test.go/BenchmarkSmall;10490;3189;57
0-0-0;Baseline;/benchmarks/bench_test.go/BenchmarkSmall;2736503;841771;13158
0-0-0;Baseline;/benchmarks/bench_test.go/BenchmarkSmall;26688;6350;129
0-0-0;Baseline;/benchmarks/bench_test.go/BenchmarkSmall;18279;3778;78
0-0-0;Baseline;/benchmarks/bench_test.go/BenchmarkSmall;3367;307;6
0-0-0;Baseline;/benchmarks/bench_test.go/BenchmarkSmall;3785;420;8
0-0-0;Baseline;/benchmarks/bench_test.go/BenchmarkSmall;24355;6915;131
0-0-0;Baseline;/benchmarks/bench_test.go/BenchmarkSmall;7642880;1945164;34617
0-0-0;Baseline;/benchmarks/bench_test.go/BenchmarkSmall;68317;16163;314
0-0-0;Baseline;/benchmarks/bench_test.go/BenchmarkSmall;43366;8112;159
0-0-0;Baseline;/benchmarks/bench_test.go/BenchmarkSmall;5850;473;11
0-0-0;Baseline;/benchmarks/bench_test.go/BenchmarkSmall;7225;658;14
0-0-0;Baseline;/benchmarks/bench_test.go/BenchmarkSmall;335234;9871;132
0-0-0;Baseline;/benchmarks/bench_test.go/BenchmarkSmall;41832056;1990826;26809
0-0-0;Baseline;/benchmarks/bench_test.go/BenchmarkSmall;445731;19169;265
0-0-0;Baseline;/benchmarks/bench_test.go/BenchmarkSmall;360800;11419;128
0-0-0;Baseline;/benchmarks/bench_test.go/BenchmarkSmall;5809;466;10
0-0-0;Baseline;/benchmarks/bench_test.go/BenchmarkSmall;7190;659;14
0-0-0;Baseline;/benchmarks/bench_test.go/BenchmarkSmall;352415;9947;132
0-0-0;Baseline;/benchmarks/bench_test.go/BenchmarkSmall;40268530;1688656;24284
0-0-0;Baseline;/benchmarks/bench_test.go/BenchmarkSmall;396642;18924;259
0-0-0;Baseline;/benchmarks/bench_test.go/BenchmarkSmall;422450;13074;135
0-0-0;Baseline;/benchmarks/bench_test.go/BenchmarkMemKeySizes;1058;4;1
0-0-0;Baseline;/benchmarks/bench_test.go/BenchmarkMemKeySizes;1086;0;0
0-0-0;Baseline;/benchmarks/bench_test.go/BenchmarkMemKeySizes;28081;6592;132
0-0-0;Baseline;/benchmarks/bench_test.go/BenchmarkMemKeySizes;3556334;1013595;16114
0-0-0;Baseline;/benchmarks/bench_test.go/BenchmarkMemKeySizes;32203;7433;149
0-0-0;Baseline;/benchmarks/bench_test.go/BenchmarkMemKeySizes;24251;4739;97
0-0-0;Baseline;/benchmarks/bench_test.go/BenchmarkMemKeySizes;1148;16;1
0-0-0;Baseline;/benchmarks/bench_test.go/BenchmarkMemKeySizes;1124;0;0
0-0-0;Baseline;/benchmarks/bench_test.go/BenchmarkMemKeySizes;28479;6593;132
0-0-0;Baseline;/benchmarks/bench_test.go/BenchmarkMemKeySizes;3608362;1014600;16121
0-0-0;Baseline;/benchmarks/bench_test.go/BenchmarkMemKeySizes;32505;7435;149
0-0-0;Baseline;/benchmarks/bench_test.go/BenchmarkMemKeySizes;21604;4728;97
0-0-0;Baseline;/benchmarks/bench_test.go/BenchmarkMemKeySizes;1275;32;1
0-0-0;Baseline;/benchmarks/bench_test.go/BenchmarkMemKeySizes;1187;0;0
0-0-0;Baseline;/benchmarks/bench_test.go/BenchmarkMemKeySizes;28510;6588;132
0-0-0;Baseline;/benchmarks/bench_test.go/BenchmarkMemKeySizes;3588010;1013729;16103
0-0-0;Baseline;/benchmarks/bench_test.go/BenchmarkMemKeySizes;32721;7444;149
0-0-0;Baseline;/benchmarks/bench_test.go/BenchmarkMemKeySizes;22701;4735;97
0-0-0;Baseline;/benchmarks/bench_test.go/BenchmarkMemKeySizes;1471;64;1
0-0-0;Baseline;/benchmarks/bench_test.go/BenchmarkMemKeySizes;1281;0;0
0-0-0;Baseline;/benchmarks/bench_test.go/BenchmarkMemKeySizes;29385;6569;132
0-0-0;Baseline;/benchmarks/bench_test.go/BenchmarkMemKeySizes;3691290;1012653;16093
0-0-0;Baseline;/benchmarks/bench_test.go/BenchmarkMemKeySizes;33929;7474;149
0-0-0;Baseline;/benchmarks/bench_test.go/BenchmarkMemKeySizes;23211;4741;97
0-0-0;Baseline;/benchmarks/bench_test.go/BenchmarkMemKeySizes;1711;128;1
0-0-0;Baseline;/benchmarks/bench_test.go/BenchmarkMemKeySizes;1332;0;0
0-0-0;Baseline;/benchmarks/bench_test.go/BenchmarkMemKeySizes;30516;6640;132
0-0-0;Baseline;/benchmarks/bench_test.go/BenchmarkMemKeySizes;3815135;1024229;16115
0-0-0;Baseline;/benchmarks/bench_test.go/BenchmarkMemKeySizes;35047;7592;149
0-0-0;Baseline;/benchmarks/bench_test.go/BenchmarkMemKeySizes;23244;4724;97
0-0-0;Baseline;/benchmarks/bench_test.go/BenchmarkMemKeySizes;2126;256;1
0-0-0;Baseline;/benchmarks/bench_test.go/BenchmarkMemKeySizes;1364;0;0
0-0-0;Baseline;/benchmarks/bench_test.go/BenchmarkMemKeySizes;32771;6774;132
0-0-0;Baseline;/benchmarks/bench_test.go/BenchmarkMemKeySizes;3992185;1043093;16094
0-0-0;Baseline;/benchmarks/bench_test.go/BenchmarkMemKeySizes;37461;7855;149
0-0-0;Baseline;/benchmarks/bench_test.go/BenchmarkMemKeySizes;22879;4739;97
0-0-0;Baseline;/benchmarks/bench_test.go/BenchmarkLevelDBBatchSizes;18884;1325;23
0-0-0;Baseline;/benchmarks/bench_test.go/BenchmarkLevelDBBatchSizes;24408;1878;32
0-0-0;Baseline;/benchmarks/bench_test.go/BenchmarkLevelDBBatchSizes;5006525;34868;449
0-0-0;Baseline;/benchmarks/bench_test.go/BenchmarkLevelDBBatchSizes;33842056;262556;3700
0-0-0;Baseline;/benchmarks/bench_test.go/BenchmarkLevelDBBatchSizes;11474001;204084;1385
0-0-0;Baseline;/benchmarks/bench_test.go/BenchmarkLevelDBBatchSizes;10497063;110722;1269
0-0-0;Baseline;/benchmarks/bench_test.go/BenchmarkLevelDBBatchSizes;17800;1273;22
0-0-0;Baseline;/benchmarks/bench_test.go/BenchmarkLevelDBBatchSizes;23135;1803;30
0-0-0;Baseline;/benchmarks/bench_test.go/BenchmarkLevelDBBatchSizes;1197990;30398;379
0-0-0;Baseline;/benchmarks/bench_test.go/BenchmarkLevelDBBatchSizes;37800436;1122381;15787
0-0-0;Baseline;/benchmarks/bench_test.go/BenchmarkLevelDBBatchSizes;2381594;92906;1020
0-0-0;Baseline;/benchmarks/bench_test.go/BenchmarkLevelDBBatchSizes;2609031;71181;902
0-0-0;Baseline;/benchmarks/bench_test.go/BenchmarkLevelDBBatchSizes;18543;1322;23
0-0-0;Baseline;/benchmarks/bench_test.go/BenchmarkLevelDBBatchSizes;24407;1874;32
0-0-0;Baseline;/benchmarks/bench_test.go/BenchmarkLevelDBBatchSizes;599982;26613;342
0-0-0;Baseline;/benchmarks/bench_test.go/BenchmarkLevelDBBatchSizes;68144170;4808392;58385
0-0-0;Baseline;/benchmarks/bench_test.go/BenchmarkLevelDBBatchSizes;986660;63957;851
0-0-0;Baseline;/benchmarks/bench_test.go/BenchmarkLevelDBBatchSizes;937041;55369;787
0-0-0;Baseline;/benchmarks/bench_test.go/BenchmarkLevelDBBatchSizes;17924;1277;22
0-0-0;Baseline;/benchmarks/bench_test.go/BenchmarkLevelDBBatchSizes;22885;1796;30
0-0-0;Baseline;/benchmarks/bench_test.go/BenchmarkLevelDBBatchSizes;251549;24992;289
0-0-0;Baseline;/benchmarks/bench_test.go/BenchmarkLevelDBBatchSizes;154266050;15781225;199248
0-0-0;Baseline;/benchmarks/bench_test.go/BenchmarkLevelDBBatchSizes;480162;47672;634
0-0-0;Baseline;/benchmarks/bench_test.go/BenchmarkLevelDBBatchSizes;480455;42319;569
0-0-0;Baseline;/benchmarks/bench_test.go/BenchmarkLevelDBBatchSizes;18624;1324;23
0-0-0;Baseline;/benchmarks/bench_test.go/BenchmarkLevelDBBatchSizes;24246;1864;31
0-0-0;Baseline;/benchmarks/bench_test.go/BenchmarkLevelDBBatchSizes;132719;18604;226
0-0-0;Baseline;/benchmarks/bench_test.go/BenchmarkLevelDBBatchSizes;522248060;71615172;857582
0-0-0;Baseline;/benchmarks/bench_test.go/BenchmarkLevelDBBatchSizes;371450;44056;580
0-0-0;Baseline;/benchmarks/bench_test.go/BenchmarkLevelDBBatchSizes;341692;34898;488
0-1-0;Baseline;iavl_test.go/BenchmarkImmutableAvlTreeMemDB;107309;24395;446
0-1-0;Baseline;/benchmarks/bench_test.go/BenchmarkRandomBytes;78.4;4;1
0-1-0;Baseline;/benchmarks/bench_test.go/BenchmarkRandomBytes;115;16;1
0-1-0;Baseline;/benchmarks/bench_test.go/BenchmarkRandomBytes;159;32;1
0-1-0;Baseline;/benchmarks/bench_test.go/BenchmarkRandomBytes;355;112;1
0-1-0;Baseline;/benchmarks/bench_test.go/BenchmarkRandomBytes;2771;1024;1
0-1-0;Baseline;/benchmarks/bench_test.go/BenchmarkMedium;1150;16;1
0-1-0;Baseline;/benchmarks/bench_test.go/BenchmarkMedium;1129;0;0
0-1-0;Baseline;/benchmarks/bench_test.go/BenchmarkMedium;28010;6351;131
0-1-0;Baseline;/benchmarks/bench_test.go/BenchmarkMedium;3515705;989999;16010
0-1-0;Baseline;/benchmarks/bench_test.go/BenchmarkMedium;32133;7205;148
0-1-0;Baseline;/benchmarks/bench_test.go/BenchmarkMedium;22260;4964;101
0-1-0;Baseline;/benchmarks/bench_test.go/BenchmarkMedium;6889;356;7
0-1-0;Baseline;/benchmarks/bench_test.go/BenchmarkMedium;7991;464;8
0-1-0;Baseline;/benchmarks/bench_test.go/BenchmarkMedium;74522;17953;318
0-1-0;Baseline;/benchmarks/bench_test.go/BenchmarkMedium;10878345;2560728;43011
0-1-0;Baseline;/benchmarks/bench_test.go/BenchmarkMedium;84173;20009;363
0-1-0;Baseline;/benchmarks/bench_test.go/BenchmarkMedium;65220;16134;278
0-1-0;Baseline;/benchmarks/bench_test.go/BenchmarkMedium;18734;1325;23
0-1-0;Baseline;/benchmarks/bench_test.go/BenchmarkMedium;24221;1876;32
0-1-0;Baseline;/benchmarks/bench_test.go/BenchmarkMedium;446140;26481;329
0-1-0;Baseline;/benchmarks/bench_test.go/BenchmarkMedium;61863056;4420229;58271
0-1-0;Baseline;/benchmarks/bench_test.go/BenchmarkMedium;925871;62740;836
0-1-0;Baseline;/benchmarks/bench_test.go/BenchmarkMedium;855148;55245;788
0-1-0;Baseline;/benchmarks/bench_test.go/BenchmarkMedium;19107;1329;23
0-1-0;Baseline;/benchmarks/bench_test.go/BenchmarkMedium;24753;1869;31
0-1-0;Baseline;/benchmarks/bench_test.go/BenchmarkMedium;558930;27055;345
0-1-0;Baseline;/benchmarks/bench_test.go/BenchmarkMedium;66189080;4840446;58315
0-1-0;Baseline;/benchmarks/bench_test.go/BenchmarkMedium;857800;65322;861
0-1-0;Baseline;/benchmarks/bench_test.go/BenchmarkMedium;831292;56408;787
0-1-0;Baseline;/benchmarks/bench_test.go/BenchmarkSmall;463;4;1
0-1-0;Baseline;/benchmarks/bench_test.go/BenchmarkSmall;436;0;0
0-1-0;Baseline;/benchmarks/bench_test.go/BenchmarkSmall;10481;3198;57
0-1-0;Baseline;/benchmarks/bench_test.go/BenchmarkSmall;2741928;841053;13161
0-1-0;Baseline;/benchmarks/bench_test.go/BenchmarkSmall;26908;6361;129
0-1-0;Baseline;/benchmarks/bench_test.go/BenchmarkSmall;16439;3502;71
0-1-0;Baseline;/benchmarks/bench_test.go/BenchmarkSmall;3333;299;6
0-1-0;Baseline;/benchmarks/bench_test.go/BenchmarkSmall;3785;420;8
0-1-0;Baseline;/benchmarks/bench_test.go/BenchmarkSmall;24315;6918;131
0-1-0;Baseline;/benchmarks/bench_test.go/BenchmarkSmall;7657614;1947142;34613
0-1-0;Baseline;/benchmarks/bench_test.go/BenchmarkSmall;67976;16176;313
0-1-0;Baseline;/benchmarks/bench_test.go/BenchmarkSmall;41843;8140;159
0-1-0;Baseline;/benchmarks/bench_test.go/BenchmarkSmall;5837;469;10
0-1-0;Baseline;/benchmarks/bench_test.go/BenchmarkSmall;7387;658;14
0-1-0;Baseline;/benchmarks/bench_test.go/BenchmarkSmall;307381;9933;132
0-1-0;Baseline;/benchmarks/bench_test.go/BenchmarkSmall;40770684;2033208;26896
0-1-0;Baseline;/benchmarks/bench_test.go/BenchmarkSmall;421815;19457;262
0-1-0;Baseline;/benchmarks/bench_test.go/BenchmarkSmall;345712;10341;121
0-1-0;Baseline;/benchmarks/bench_test.go/BenchmarkSmall;5598;457;10
0-1-0;Baseline;/benchmarks/bench_test.go/BenchmarkSmall;7066;656;14
0-1-0;Baseline;/benchmarks/bench_test.go/BenchmarkSmall;324902;9664;132
0-1-0;Baseline;/benchmarks/bench_test.go/BenchmarkSmall;40324200;2020421;26709
0-1-0;Baseline;/benchmarks/bench_test.go/BenchmarkSmall;404936;19540;265
0-1-0;Baseline;/benchmarks/bench_test.go/BenchmarkSmall;354703;11104;123
0-1-0;Baseline;/benchmarks/bench_test.go/BenchmarkMemKeySizes;1051;4;1
0-1-0;Baseline;/benchmarks/bench_test.go/BenchmarkMemKeySizes;1081;0;0
0-1-0;Baseline;/benchmarks/bench_test.go/BenchmarkMemKeySizes;28152;6583;132
0-1-0;Baseline;/benchmarks/bench_test.go/BenchmarkMemKeySizes;3567595;1011970;16096
0-1-0;Baseline;/benchmarks/bench_test.go/BenchmarkMemKeySizes;32407;7431;149
0-1-0;Baseline;/benchmarks/bench_test.go/BenchmarkMemKeySizes;24653;4962;101
0-1-0;Baseline;/benchmarks/bench_test.go/BenchmarkMemKeySizes;1153;16;1
0-1-0;Baseline;/benchmarks/bench_test.go/BenchmarkMemKeySizes;1130;0;0
0-1-0;Baseline;/benchmarks/bench_test.go/BenchmarkMemKeySizes;28455;6589;132
0-1-0;Baseline;/benchmarks/bench_test.go/BenchmarkMemKeySizes;3586456;1013462;16104
0-1-0;Baseline;/benchmarks/bench_test.go/BenchmarkMemKeySizes;32390;7433;149
0-1-0;Baseline;/benchmarks/bench_test.go/BenchmarkMemKeySizes;22981;4967;101
0-1-0;Baseline;/benchmarks/bench_test.go/BenchmarkMemKeySizes;1283;32;1
0-1-0;Baseline;/benchmarks/bench_test.go/BenchmarkMemKeySizes;1210;0;0
0-1-0;Baseline;/benchmarks/bench_test.go/BenchmarkMemKeySizes;28674;6586;132
0-1-0;Baseline;/benchmarks/bench_test.go/BenchmarkMemKeySizes;3590579;1013310;16097
0-1-0;Baseline;/benchmarks/bench_test.go/BenchmarkMemKeySizes;32728;7459;149
0-1-0;Baseline;/benchmarks/bench_test.go/BenchmarkMemKeySizes;22985;4748;97
0-1-0;Baseline;/benchmarks/bench_test.go/BenchmarkMemKeySizes;1467;64;1
0-1-0;Baseline;/benchmarks/bench_test.go/BenchmarkMemKeySizes;1287;0;0
0-1-0;Baseline;/benchmarks/bench_test.go/BenchmarkMemKeySizes;30178;6574;132
0-1-0;Baseline;/benchmarks/bench_test.go/BenchmarkMemKeySizes;3694393;1013073;16093
0-1-0;Baseline;/benchmarks/bench_test.go/BenchmarkMemKeySizes;33660;7471;149
0-1-0;Baseline;/benchmarks/bench_test.go/BenchmarkMemKeySizes;21701;4748;97
0-1-0;Baseline;/benchmarks/bench_test.go/BenchmarkMemKeySizes;1695;128;1
0-1-0;Baseline;/benchmarks/bench_test.go/BenchmarkMemKeySizes;1327;0;0
0-1-0;Baseline;/benchmarks/bench_test.go/BenchmarkMemKeySizes;30431;6640;132
0-1-0;Baseline;/benchmarks/bench_test.go/BenchmarkMemKeySizes;3810632;1024163;16113
0-1-0;Baseline;/benchmarks/bench_test.go/BenchmarkMemKeySizes;35073;7604;149
0-1-0;Baseline;/benchmarks/bench_test.go/BenchmarkMemKeySizes;21953;4742;97
0-1-0;Baseline;/benchmarks/bench_test.go/BenchmarkMemKeySizes;2127;256;1
0-1-0;Baseline;/benchmarks/bench_test.go/BenchmarkMemKeySizes;1375;0;0
0-1-0;Baseline;/benchmarks/bench_test.go/BenchmarkMemKeySizes;32768;6769;132
0-1-0;Baseline;/benchmarks/bench_test.go/BenchmarkMemKeySizes;3992413;1042957;16105
0-1-0;Baseline;/benchmarks/bench_test.go/BenchmarkMemKeySizes;38030;7851;149
0-1-0;Baseline;/benchmarks/bench_test.go/BenchmarkMemKeySizes;22054;4741;97
0-1-0;Baseline;/benchmarks/bench_test.go/BenchmarkLevelDBBatchSizes;18851;1329;23
0-1-0;Baseline;/benchmarks/bench_test.go/BenchmarkLevelDBBatchSizes;24436;1873;32
0-1-0;Baseline;/benchmarks/bench_test.go/BenchmarkLevelDBBatchSizes;5083284;35657;449
0-1-0;Baseline;/benchmarks/bench_test.go/BenchmarkLevelDBBatchSizes;31928792;258288;3737
0-1-0;Baseline;/benchmarks/bench_test.go/BenchmarkLevelDBBatchSizes;10253579;159108;1366
0-1-0;Baseline;/benchmarks/bench_test.go/BenchmarkLevelDBBatchSizes;10432714;113617;1300
0-1-0;Baseline;/benchmarks/bench_test.go/BenchmarkLevelDBBatchSizes;20216;1513;26
0-1-0;Baseline;/benchmarks/bench_test.go/BenchmarkLevelDBBatchSizes;24463;1867;31
0-1-0;Baseline;/benchmarks/bench_test.go/BenchmarkLevelDBBatchSizes;1116732;30419;381
0-1-0;Baseline;/benchmarks/bench_test.go/BenchmarkLevelDBBatchSizes;37290896;1126876;15743
0-1-0;Baseline;/benchmarks/bench_test.go/BenchmarkLevelDBBatchSizes;2479758;81338;1000
0-1-0;Baseline;/benchmarks/bench_test.go/BenchmarkLevelDBBatchSizes;2384741;67945;918
0-1-0;Baseline;/benchmarks/bench_test.go/BenchmarkLevelDBBatchSizes;18132;1299;22
0-1-0;Baseline;/benchmarks/bench_test.go/BenchmarkLevelDBBatchSizes;23280;1804;30
0-1-0;Baseline;/benchmarks/bench_test.go/BenchmarkLevelDBBatchSizes;566520;25799;339
0-1-0;Baseline;/benchmarks/bench_test.go/BenchmarkLevelDBBatchSizes;72111360;4782887;58900
0-1-0;Baseline;/benchmarks/bench_test.go/BenchmarkLevelDBBatchSizes;910136;61275;804
0-1-0;Baseline;/benchmarks/bench_test.go/BenchmarkLevelDBBatchSizes;909942;56821;774
0-1-0;Baseline;/benchmarks/bench_test.go/BenchmarkLevelDBBatchSizes;17741;1268;22
0-1-0;Baseline;/benchmarks/bench_test.go/BenchmarkLevelDBBatchSizes;23135;1804;30
0-1-0;Baseline;/benchmarks/bench_test.go/BenchmarkLevelDBBatchSizes;241130;25403;289
0-1-0;Baseline;/benchmarks/bench_test.go/BenchmarkLevelDBBatchSizes;153673760;15825930;199794
0-1-0;Baseline;/benchmarks/bench_test.go/BenchmarkLevelDBBatchSizes;492435;47383;632
0-1-0;Baseline;/benchmarks/bench_test.go/BenchmarkLevelDBBatchSizes;471452;41578;549
0-1-0;Baseline;/benchmarks/bench_test.go/BenchmarkLevelDBBatchSizes;18832;1327;23
0-1-0;Baseline;/benchmarks/bench_test.go/BenchmarkLevelDBBatchSizes;24378;1870;32
0-1-0;Baseline;/benchmarks/bench_test.go/BenchmarkLevelDBBatchSizes;131073;18396;226
0-1-0;Baseline;/benchmarks/bench_test.go/BenchmarkLevelDBBatchSizes;547938900;78993120;863410
0-1-0;Baseline;/benchmarks/bench_test.go/BenchmarkLevelDBBatchSizes;377269;44032;585
0-1-0;Baseline;/benchmarks/bench_test.go/BenchmarkLevelDBBatchSizes;337248;34735;484
0-2-0;Baseline;iavl_test.go/BenchmarkImmutableAvlTreeMemDB;107752;24282;446
0-2-0;Baseline;/benchmarks/bench_test.go/BenchmarkRandomBytes;78.3;4;1
0-2-0;Baseline;/benchmarks/bench_test.go/BenchmarkRandomBytes;115;16;1
0-2-0;Baseline;/benchmarks/bench_test.go/BenchmarkRandomBytes;159;32;1
0-2-0;Baseline;/benchmarks/bench_test.go/BenchmarkRandomBytes;355;112;1
0-2-0;Baseline;/benchmarks/bench_test.go/BenchmarkRandomBytes;2768;1024;1
0-2-0;Baseline;/benchmarks/bench_test.go/BenchmarkMedium;1144;16;1
0-2-0;Baseline;/benchmarks/bench_test.go/BenchmarkMedium;1126;0;0
0-2-0;Baseline;/benchmarks/bench_test.go/BenchmarkMedium;28113;6358;131
0-2-0;Baseline;/benchmarks/bench_test.go/BenchmarkMedium;3540066;991175;16021
0-2-0;Baseline;/benchmarks/bench_test.go/BenchmarkMedium;32090;7206;148
0-2-0;Baseline;/benchmarks/bench_test.go/BenchmarkMedium;22714;4984;101
0-2-0;Baseline;/benchmarks/bench_test.go/BenchmarkMedium;6872;355;7
0-2-0;Baseline;/benchmarks/bench_test.go/BenchmarkMedium;7958;463;8
0-2-0;Baseline;/benchmarks/bench_test.go/BenchmarkMedium;75604;17947;318
0-2-0;Baseline;/benchmarks/bench_test.go/BenchmarkMedium;11179072;2562424;43033
0-2-0;Baseline;/benchmarks/bench_test.go/BenchmarkMedium;83613;19965;362
0-2-0;Baseline;/benchmarks/bench_test.go/BenchmarkMedium;65075;16107;278
0-2-0;Baseline;/benchmarks/bench_test.go/BenchmarkMedium;18612;1321;23
0-2-0;Baseline;/benchmarks/bench_test.go/BenchmarkMedium;24040;1863;31
0-2-0;Baseline;/benchmarks/bench_test.go/BenchmarkMedium;418010;26602;332
0-2-0;Baseline;/benchmarks/bench_test.go/BenchmarkMedium;62490496;4377491;59332
0-2-0;Baseline;/benchmarks/bench_test.go/BenchmarkMedium;791518;63759;851
0-2-0;Baseline;/benchmarks/bench_test.go/BenchmarkMedium;797643;54189;772
0-2-0;Baseline;/benchmarks/bench_test.go/BenchmarkMedium;18848;1327;23
0-2-0;Baseline;/benchmarks/bench_test.go/BenchmarkMedium;24053;1869;31
0-2-0;Baseline;/benchmarks/bench_test.go/BenchmarkMedium;554507;26677;343
0-2-0;Baseline;/benchmarks/bench_test.go/BenchmarkMedium;66504704;4773765;58162
0-2-0;Baseline;/benchmarks/bench_test.go/BenchmarkMedium;917649;63512;852
0-2-0;Baseline;/benchmarks/bench_test.go/BenchmarkMedium;787301;55504;793
0-2-0;Baseline;/benchmarks/bench_test.go/BenchmarkSmall;460;4;1
0-2-0;Baseline;/benchmarks/bench_test.go/BenchmarkSmall;427;0;0
0-2-0;Baseline;/benchmarks/bench_test.go/BenchmarkSmall;10473;3192;57
0-2-0;Baseline;/benchmarks/bench_test.go/BenchmarkSmall;2735258;844970;13202
0-2-0;Baseline;/benchmarks/bench_test.go/BenchmarkSmall;27300;6359;129
0-2-0;Baseline;/benchmarks/bench_test.go/BenchmarkSmall;18864;3787;78
0-2-0;Baseline;/benchmarks/bench_test.go/BenchmarkSmall;3296;294;6
0-2-0;Baseline;/benchmarks/bench_test.go/BenchmarkSmall;3779;420;8
0-2-0;Baseline;/benchmarks/bench_test.go/BenchmarkSmall;24251;6905;131
0-2-0;Baseline;/benchmarks/bench_test.go/BenchmarkSmall;7694099;1944165;34576
0-2-0;Baseline;/benchmarks/bench_test.go/BenchmarkSmall;68040;16133;313
0-2-0;Baseline;/benchmarks/bench_test.go/BenchmarkSmall;41159;8121;159
0-2-0;Baseline;/benchmarks/bench_test.go/BenchmarkSmall;5784;456;10
0-2-0;Baseline;/benchmarks/bench_test.go/BenchmarkSmall;7356;657;14
0-2-0;Baseline;/benchmarks/bench_test.go/BenchmarkSmall;329739;9984;132
0-2-0;Baseline;/benchmarks/bench_test.go/BenchmarkSmall;40471370;2019891;26913
0-2-0;Baseline;/benchmarks/bench_test.go/BenchmarkSmall;382079;19604;261
0-2-0;Baseline;/benchmarks/bench_test.go/BenchmarkSmall;341684;9877;119
0-2-0;Baseline;/benchmarks/bench_test.go/BenchmarkSmall;5602;451;10
0-2-0;Baseline;/benchmarks/bench_test.go/BenchmarkSmall;7148;659;14
0-2-0;Baseline;/benchmarks/bench_test.go/BenchmarkSmall;325938;9941;132
0-2-0;Baseline;/benchmarks/bench_test.go/BenchmarkSmall;34166696;1815801;24259
0-2-0;Baseline;/benchmarks/bench_test.go/BenchmarkSmall;364104;16046;249
0-2-0;Baseline;/benchmarks/bench_test.go/BenchmarkSmall;361382;12538;128
0-2-0;Baseline;/benchmarks/bench_test.go/BenchmarkMemKeySizes;1055;4;1
0-2-0;Baseline;/benchmarks/bench_test.go/BenchmarkMemKeySizes;1080;0;0
0-2-0;Baseline;/benchmarks/bench_test.go/BenchmarkMemKeySizes;28083;6583;132
0-2-0;Baseline;/benchmarks/bench_test.go/BenchmarkMemKeySizes;3555757;1011826;16094
0-2-0;Baseline;/benchmarks/bench_test.go/BenchmarkMemKeySizes;33055;7427;149
0-2-0;Baseline;/benchmarks/bench_test.go/BenchmarkMemKeySizes;25716;4953;101
0-2-0;Baseline;/benchmarks/bench_test.go/BenchmarkMemKeySizes;1152;16;1
0-2-0;Baseline;/benchmarks/bench_test.go/BenchmarkMemKeySizes;1135;0;0
0-2-0;Baseline;/benchmarks/bench_test.go/BenchmarkMemKeySizes;28437;6586;132
0-2-0;Baseline;/benchmarks/bench_test.go/BenchmarkMemKeySizes;3567729;1012771;16101
0-2-0;Baseline;/benchmarks/bench_test.go/BenchmarkMemKeySizes;32373;7432;149
0-2-0;Baseline;/benchmarks/bench_test.go/BenchmarkMemKeySizes;22654;4974;101
0-2-0;Baseline;/benchmarks/bench_test.go/BenchmarkMemKeySizes;1272;32;1
0-2-0;Baseline;/benchmarks/bench_test.go/BenchmarkMemKeySizes;1191;0;0
0-2-0;Baseline;/benchmarks/bench_test.go/BenchmarkMemKeySizes;28864;6586;132
0-2-0;Baseline;/benchmarks/bench_test.go/BenchmarkMemKeySizes;3586135;1012672;16086
0-2-0;Baseline;/benchmarks/bench_test.go/BenchmarkMemKeySizes;33695;7456;149
0-2-0;Baseline;/benchmarks/bench_test.go/BenchmarkMemKeySizes;21791;4734;97
0-2-0;Baseline;/benchmarks/bench_test.go/BenchmarkMemKeySizes;1460;64;1
0-2-0;Baseline;/benchmarks/bench_test.go/BenchmarkMemKeySizes;1271;0;0
0-2-0;Baseline;/benchmarks/bench_test.go/BenchmarkMemKeySizes;29888;6565;132
0-2-0;Baseline;/benchmarks/bench_test.go/BenchmarkMemKeySizes;3807754;1012029;16082
0-2-0;Baseline;/benchmarks/bench_test.go/BenchmarkMemKeySizes;33853;7476;149
0-2-0;Baseline;/benchmarks/bench_test.go/BenchmarkMemKeySizes;21905;4733;97
0-2-0;Baseline;/benchmarks/bench_test.go/BenchmarkMemKeySizes;1696;128;1
0-2-0;Baseline;/benchmarks/bench_test.go/BenchmarkMemKeySizes;1309;0;0
0-2-0;Baseline;/benchmarks/bench_test.go/BenchmarkMemKeySizes;31264;6649;132
0-2-0;Baseline;/benchmarks/bench_test.go/BenchmarkMemKeySizes;3818235;1024703;16119
0-2-0;Baseline;/benchmarks/bench_test.go/BenchmarkMemKeySizes;34965;7593;149
0-2-0;Baseline;/benchmarks/bench_test.go/BenchmarkMemKeySizes;22223;4754;97
0-2-0;Baseline;/benchmarks/bench_test.go/BenchmarkMemKeySizes;2135;256;1
0-2-0;Baseline;/benchmarks/bench_test.go/BenchmarkMemKeySizes;1378;0;0
0-2-0;Baseline;/benchmarks/bench_test.go/BenchmarkMemKeySizes;32372;6763;132
0-2-0;Baseline;/benchmarks/bench_test.go/BenchmarkMemKeySizes;3987479;1042009;16095
0-2-0;Baseline;/benchmarks/bench_test.go/BenchmarkMemKeySizes;37060;7864;149
0-2-0;Baseline;/benchmarks/bench_test.go/BenchmarkMemKeySizes;22852;4719;97
0-2-0;Baseline;/benchmarks/bench_test.go/BenchmarkLevelDBBatchSizes;18922;1326;23
0-2-0;Baseline;/benchmarks/bench_test.go/BenchmarkLevelDBBatchSizes;24302;1873;32
0-2-0;Baseline;/benchmarks/bench_test.go/BenchmarkLevelDBBatchSizes;5541748;34829;446
0-2-0;Baseline;/benchmarks/bench_test.go/BenchmarkLevelDBBatchSizes;25238520;257145;3623
0-2-0;Baseline;/benchmarks/bench_test.go/BenchmarkLevelDBBatchSizes;10039408;207759;1421
0-2-0;Baseline;/benchmarks/bench_test.go/BenchmarkLevelDBBatchSizes;10740254;114235;1207
0-2-0;Baseline;/benchmarks/bench_test.go/BenchmarkLevelDBBatchSizes;17938;1298;22
0-2-0;Baseline;/benchmarks/bench_test.go/BenchmarkLevelDBBatchSizes;22858;1806;30
0-2-0;Baseline;/benchmarks/bench_test.go/BenchmarkLevelDBBatchSizes;1185952;30419;380
0-2-0;Baseline;/benchmarks/bench_test.go/BenchmarkLevelDBBatchSizes;33612984;1111300;15544
0-2-0;Baseline;/benchmarks/bench_test.go/BenchmarkLevelDBBatchSizes;2425763;91051;992
0-2-0;Baseline;/benchmarks/bench_test.go/BenchmarkLevelDBBatchSizes;2382019;71813;901
0-2-0;Baseline;/benchmarks/bench_test.go/BenchmarkLevelDBBatchSizes;18072;1298;22
0-2-0;Baseline;/benchmarks/bench_test.go/BenchmarkLevelDBBatchSizes;23009;1799;30
0-2-0;Baseline;/benchmarks/bench_test.go/BenchmarkLevelDBBatchSizes;431095;26447;328
0-2-0;Baseline;/benchmarks/bench_test.go/BenchmarkLevelDBBatchSizes;69846530;4527223;59394
0-2-0;Baseline;/benchmarks/bench_test.go/BenchmarkLevelDBBatchSizes;936617;60424;800
0-2-0;Baseline;/benchmarks/bench_test.go/BenchmarkLevelDBBatchSizes;830528;52614;716
0-2-0;Baseline;/benchmarks/bench_test.go/BenchmarkLevelDBBatchSizes;18698;1337;23
0-2-0;Baseline;/benchmarks/bench_test.go/BenchmarkLevelDBBatchSizes;24359;1867;31
0-2-0;Baseline;/benchmarks/bench_test.go/BenchmarkLevelDBBatchSizes;238204;25092;292
0-2-0;Baseline;/benchmarks/bench_test.go/BenchmarkLevelDBBatchSizes;149370100;15911349;204544
0-2-0;Baseline;/benchmarks/bench_test.go/BenchmarkLevelDBBatchSizes;514979;49129;663
0-2-0;Baseline;/benchmarks/bench_test.go/BenchmarkLevelDBBatchSizes;482416;42788;569
0-2-0;Baseline;/benchmarks/bench_test.go/BenchmarkLevelDBBatchSizes;20176;1523;26
0-2-0;Baseline;/benchmarks/bench_test.go/BenchmarkLevelDBBatchSizes;24693;1882;32
0-2-0;Baseline;/benchmarks/bench_test.go/BenchmarkLevelDBBatchSizes;129601;18628;226
0-2-0;Baseline;/benchmarks/bench_test.go/BenchmarkLevelDBBatchSizes;541681860;71782392;864892
0-2-0;Baseline;/benchmarks/bench_test.go/BenchmarkLevelDBBatchSizes;337863;40204;540
0-2-0;Baseline;/benchmarks/bench_test.go/BenchmarkLevelDBBatchSizes;336303;34988;489
0-3-0;Baseline;iavl_test.go/BenchmarkImmutableAvlTreeMemDB;107607;24418;447
0-3-0;Baseline;/benchmarks/bench_test.go/BenchmarkRandomBytes;78.3;4;1
0-3-0;Baseline;/benchmarks/bench_test.go/BenchmarkRandomBytes;115;16;1
0-3-0;Baseline;/benchmarks/bench_test.go/BenchmarkRandomBytes;159;32;1
0-3-0;Baseline;/benchmarks/bench_test.go/BenchmarkRandomBytes;354;112;1
0-3-0;Baseline;/benchmarks/bench_test.go/BenchmarkRandomBytes;2766;1024;1
0-3-0;Baseline;/benchmarks/bench_test.go/BenchmarkMedium;1135;16;1
0-3-0;Baseline;/benchmarks/bench_test.go/BenchmarkMedium;1118;0;0
0-3-0;Baseline;/benchmarks/bench_test.go/BenchmarkMedium;28198;6347;131
0-3-0;Baseline;/benchmarks/bench_test.go/BenchmarkMedium;3542800;988613;16002
0-3-0;Baseline;/benchmarks/bench_test.go/BenchmarkMedium;32152;7195;148
0-3-0;Baseline;/benchmarks/bench_test.go/BenchmarkMedium;24006;4962;101
0-3-0;Baseline;/benchmarks/bench_test.go/BenchmarkMedium;6868;356;7
0-3-0;Baseline;/benchmarks/bench_test.go/BenchmarkMedium;7979;464;8
0-3-0;Baseline;/benchmarks/bench_test.go/BenchmarkMedium;73771;17943;317
0-3-0;Baseline;/benchmarks/bench_test.go/BenchmarkMedium;11447286;2562826;43047
0-3-0;Baseline;/benchmarks/bench_test.go/BenchmarkMedium;84006;19989;363
0-3-0;Baseline;/benchmarks/bench_test.go/BenchmarkMedium;65333;16158;279
0-3-0;Baseline;/benchmarks/bench_test.go/BenchmarkMedium;17792;1260;22
0-3-0;Baseline;/benchmarks/bench_test.go/BenchmarkMedium;22908;1792;30
0-3-0;Baseline;/benchmarks/bench_test.go/BenchmarkMedium;542038;25826;343
0-3-0;Baseline;/benchmarks/bench_test.go/BenchmarkMedium;62982664;4938721;57912
0-3-0;Baseline;/benchmarks/bench_test.go/BenchmarkMedium;788163;59600;790
0-3-0;Baseline;/benchmarks/bench_test.go/BenchmarkMedium;770678;54875;768
0-3-0;Baseline;/benchmarks/bench_test.go/BenchmarkMedium;18728;1328;23
0-3-0;Baseline;/benchmarks/bench_test.go/BenchmarkMedium;23818;1872;32
0-3-0;Baseline;/benchmarks/bench_test.go/BenchmarkMedium;427916;26445;329
0-3-0;Baseline;/benchmarks/bench_test.go/BenchmarkMedium;69440630;4517581;60590
0-3-0;Baseline;/benchmarks/bench_test.go/BenchmarkMedium;802056;61848;834
0-3-0;Baseline;/benchmarks/bench_test.go/BenchmarkMedium;794162;54130;762
0-3-0;Baseline;/benchmarks/bench_test.go/BenchmarkSmall;459;4;1
0-3-0;Baseline;/benchmarks/bench_test.go/BenchmarkSmall;432;0;0
0-3-0;Baseline;/benchmarks/bench_test.go/BenchmarkSmall;10470;3186;57
0-3-0;Baseline;/benchmarks/bench_test.go/BenchmarkSmall;2752792;840565;13143
0-3-0;Baseline;/benchmarks/bench_test.go/BenchmarkSmall;27235;6360;129
0-3-0;Baseline;/benchmarks/bench_test.go/BenchmarkSmall;18461;3789;78
0-3-0;Baseline;/benchmarks/bench_test.go/BenchmarkSmall;3288;293;6
0-3-0;Baseline;/benchmarks/bench_test.go/BenchmarkSmall;3760;419;8
0-3-0;Baseline;/benchmarks/bench_test.go/BenchmarkSmall;24260;6908;131
0-3-0;Baseline;/benchmarks/bench_test.go/BenchmarkSmall;7689156;1944481;34566
0-3-0;Baseline;/benchmarks/bench_test.go/BenchmarkSmall;69409;16146;313
0-3-0;Baseline;/benchmarks/bench_test.go/BenchmarkSmall;43143;8097;158
0-3-0;Baseline;/benchmarks/bench_test.go/BenchmarkSmall;5858;475;11
0-3-0;Baseline;/benchmarks/bench_test.go/BenchmarkSmall;7238;656;14
0-3-0;Baseline;/benchmarks/bench_test.go/BenchmarkSmall;310559;9984;133
0-3-0;Baseline;/benchmarks/bench_test.go/BenchmarkSmall;39652080;2043816;27097
0-3-0;Baseline;/benchmarks/bench_test.go/BenchmarkSmall;406773;19509;261
0-3-0;Baseline;/benchmarks/bench_test.go/BenchmarkSmall;349989;9828;120
0-3-0;Baseline;/benchmarks/bench_test.go/BenchmarkSmall;5626;465;10
0-3-0;Baseline;/benchmarks/bench_test.go/BenchmarkSmall;7028;657;14
0-3-0;Baseline;/benchmarks/bench_test.go/BenchmarkSmall;325949;9872;132
0-3-0;Baseline;/benchmarks/bench_test.go/BenchmarkSmall;41091624;2019731;26843
0-3-0;Baseline;/benchmarks/bench_test.go/BenchmarkSmall;408554;19408;261
0-3-0;Baseline;/benchmarks/bench_test.go/BenchmarkSmall;364957;10111;119
0-3-0;Baseline;/benchmarks/bench_test.go/BenchmarkMemKeySizes;1050;4;1
0-3-0;Baseline;/benchmarks/bench_test.go/BenchmarkMemKeySizes;1078;0;0
0-3-0;Baseline;/benchmarks/bench_test.go/BenchmarkMemKeySizes;28577;6589;132
0-3-0;Baseline;/benchmarks/bench_test.go/BenchmarkMemKeySizes;3565095;1012642;16112
0-3-0;Baseline;/benchmarks/bench_test.go/BenchmarkMemKeySizes;32301;7435;149
0-3-0;Baseline;/benchmarks/bench_test.go/BenchmarkMemKeySizes;23102;4972;101
0-3-0;Baseline;/benchmarks/bench_test.go/BenchmarkMemKeySizes;1143;16;1
0-3-0;Baseline;/benchmarks/bench_test.go/BenchmarkMemKeySizes;1120;0;0
0-3-0;Baseline;/benchmarks/bench_test.go/BenchmarkMemKeySizes;28303;6579;132
0-3-0;Baseline;/benchmarks/bench_test.go/BenchmarkMemKeySizes;3569335;1011832;16085
0-3-0;Baseline;/benchmarks/bench_test.go/BenchmarkMemKeySizes;32549;7449;149
0-3-0;Baseline;/benchmarks/bench_test.go/BenchmarkMemKeySizes;21666;4755;97
0-3-0;Baseline;/benchmarks/bench_test.go/BenchmarkMemKeySizes;1271;32;1
0-3-0;Baseline;/benchmarks/bench_test.go/BenchmarkMemKeySizes;1185;0;0
0-3-0;Baseline;/benchmarks/bench_test.go/BenchmarkMemKeySizes;28422;6587;132
0-3-0;Baseline;/benchmarks/bench_test.go/BenchmarkMemKeySizes;3581451;1013413;16090
0-3-0;Baseline;/benchmarks/bench_test.go/BenchmarkMemKeySizes;32814;7474;149
0-3-0;Baseline;/benchmarks/bench_test.go/BenchmarkMemKeySizes;21808;4744;97
0-3-0;Baseline;/benchmarks/bench_test.go/BenchmarkMemKeySizes;1475;64;1
0-3-0;Baseline;/benchmarks/bench_test.go/BenchmarkMemKeySizes;1285;0;0
0-3-0;Baseline;/benchmarks/bench_test.go/BenchmarkMemKeySizes;30297;6577;132
0-3-0;Baseline;/benchmarks/bench_test.go/BenchmarkMemKeySizes;3669954;1014718;16105
0-3-0;Baseline;/benchmarks/bench_test.go/BenchmarkMemKeySizes;34600;7462;149
0-3-0;Baseline;/benchmarks/bench_test.go/BenchmarkMemKeySizes;21598;4733;97
0-3-0;Baseline;/benchmarks/bench_test.go/BenchmarkMemKeySizes;1692;128;1
0-3-0;Baseline;/benchmarks/bench_test.go/BenchmarkMemKeySizes;1321;0;0
0-3-0;Baseline;/benchmarks/bench_test.go/BenchmarkMemKeySizes;30897;6641;132
0-3-0;Baseline;/benchmarks/bench_test.go/BenchmarkMemKeySizes;3786235;1024714;16117
0-3-0;Baseline;/benchmarks/bench_test.go/BenchmarkMemKeySizes;35122;7606;149
0-3-0;Baseline;/benchmarks/bench_test.go/BenchmarkMemKeySizes;22163;4731;97
0-3-0;Baseline;/benchmarks/bench_test.go/BenchmarkMemKeySizes;2143;256;1
0-3-0;Baseline;/benchmarks/bench_test.go/BenchmarkMemKeySizes;1378;0;0
0-3-0;Baseline;/benchmarks/bench_test.go/BenchmarkMemKeySizes;32579;6764;132
0-3-0;Baseline;/benchmarks/bench_test.go/BenchmarkMemKeySizes;3984675;1042292;16104
0-3-0;Baseline;/benchmarks/bench_test.go/BenchmarkMemKeySizes;37203;7856;149
0-3-0;Baseline;/benchmarks/bench_test.go/BenchmarkMemKeySizes;22218;4737;97
0-3-0;Baseline;/benchmarks/bench_test.go/BenchmarkLevelDBBatchSizes;18188;1297;22
0-3-0;Baseline;/benchmarks/bench_test.go/BenchmarkLevelDBBatchSizes;23051;1790;30
0-3-0;Baseline;/benchmarks/bench_test.go/BenchmarkLevelDBBatchSizes;5424466;34737;444
0-3-0;Baseline;/benchmarks/bench_test.go/BenchmarkLevelDBBatchSizes;25610332;258598;3623
0-3-0;Baseline;/benchmarks/bench_test.go/BenchmarkLevelDBBatchSizes;10428067;204985;1264
0-3-0;Baseline;/benchmarks/bench_test.go/BenchmarkLevelDBBatchSizes;10627263;134995;1252
0-3-0;Baseline;/benchmarks/bench_test.go/BenchmarkLevelDBBatchSizes;18818;1323;23
0-3-0;Baseline;/benchmarks/bench_test.go/BenchmarkLevelDBBatchSizes;24558;1873;32
0-3-0;Baseline;/benchmarks/bench_test.go/BenchmarkLevelDBBatchSizes;1096352;30496;383
0-3-0;Baseline;/benchmarks/bench_test.go/BenchmarkLevelDBBatchSizes;34157890;1125786;15706
0-3-0;Baseline;/benchmarks/bench_test.go/BenchmarkLevelDBBatchSizes;2384465;91203;1012
0-3-0;Baseline;/benchmarks/bench_test.go/BenchmarkLevelDBBatchSizes;2341901;69294;929
0-3-0;Baseline;/benchmarks/bench_test.go/BenchmarkLevelDBBatchSizes;17914;1283;22
0-3-0;Baseline;/benchmarks/bench_test.go/BenchmarkLevelDBBatchSizes;22966;1800;30
0-3-0;Baseline;/benchmarks/bench_test.go/BenchmarkLevelDBBatchSizes;559566;25688;341
0-3-0;Baseline;/benchmarks/bench_test.go/BenchmarkLevelDBBatchSizes;66129240;4778462;58396
0-3-0;Baseline;/benchmarks/bench_test.go/BenchmarkLevelDBBatchSizes;875683;61142;808
0-3-0;Baseline;/benchmarks/bench_test.go/BenchmarkLevelDBBatchSizes;784149;53030;713
0-3-0;Baseline;/benchmarks/bench_test.go/BenchmarkLevelDBBatchSizes;18529;1323;23
0-3-0;Baseline;/benchmarks/bench_test.go/BenchmarkLevelDBBatchSizes;24685;1873;32
0-3-0;Baseline;/benchmarks/bench_test.go/BenchmarkLevelDBBatchSizes;243111;25401;291
0-3-0;Baseline;/benchmarks/bench_test.go/BenchmarkLevelDBBatchSizes;144368800;15940842;203369
0-3-0;Baseline;/benchmarks/bench_test.go/BenchmarkLevelDBBatchSizes;526562;49558;673
0-3-0;Baseline;/benchmarks/bench_test.go/BenchmarkLevelDBBatchSizes;475178;41685;565
0-3-0;Baseline;/benchmarks/bench_test.go/BenchmarkLevelDBBatchSizes;17839;1279;22
0-3-0;Baseline;/benchmarks/bench_test.go/BenchmarkLevelDBBatchSizes;23021;1798;30
0-3-0;Baseline;/benchmarks/bench_test.go/BenchmarkLevelDBBatchSizes;134139;18392;224
0-3-0;Baseline;/benchmarks/bench_test.go/BenchmarkLevelDBBatchSizes;540912800;69642700;846730
0-3-0;Baseline;/benchmarks/bench_test.go/BenchmarkLevelDBBatchSizes;340309;41796;544
0-3-0;Baseline;/benchmarks/bench_test.go/BenchmarkLevelDBBatchSizes;325252;34121;467
0-4-0;Baseline;iavl_test.go/BenchmarkImmutableAvlTreeMemDB;107874;24398;447
0-4-0;Baseline;/benchmarks/bench_test.go/BenchmarkRandomBytes;78.5;4;1
0-4-0;Baseline;/benchmarks/bench_test.go/BenchmarkRandomBytes;117;16;1
0-4-0;Baseline;/benchmarks/bench_test.go/BenchmarkRandomBytes;163;32;1
0-4-0;Baseline;/benchmarks/bench_test.go/BenchmarkRandomBytes;371;112;1
0-4-0;Baseline;/benchmarks/bench_test.go/BenchmarkRandomBytes;2906;1024;1
0-4-0;Baseline;/benchmarks/bench_test.go/BenchmarkMedium;1147;16;1
0-4-0;Baseline;/benchmarks/bench_test.go/BenchmarkMedium;1124;0;0
0-4-0;Baseline;/benchmarks/bench_test.go/BenchmarkMedium;28678;6348;131
0-4-0;Baseline;/benchmarks/bench_test.go/BenchmarkMedium;3542168;987780;15992
0-4-0;Baseline;/benchmarks/bench_test.go/BenchmarkMedium;33037;7203;148
0-4-0;Baseline;/benchmarks/bench_test.go/BenchmarkMedium;23534;4744;97
0-4-0;Baseline;/benchmarks/bench_test.go/BenchmarkMedium;6872;355;7
0-4-0;Baseline;/benchmarks/bench_test.go/BenchmarkMedium;7914;464;8
0-4-0;Baseline;/benchmarks/bench_test.go/BenchmarkMedium;73515;17974;318
0-4-0;Baseline;/benchmarks/bench_test.go/BenchmarkMedium;11320884;2567724;43135
0-4-0;Baseline;/benchmarks/bench_test.go/BenchmarkMedium;83865;19975;363
0-4-0;Baseline;/benchmarks/bench_test.go/BenchmarkMedium;65347;16124;278
0-4-0;Baseline;/benchmarks/bench_test.go/BenchmarkMedium;17859;1270;22
0-4-0;Baseline;/benchmarks/bench_test.go/BenchmarkMedium;22903;1795;30
0-4-0;Baseline;/benchmarks/bench_test.go/BenchmarkMedium;400103;26475;329
0-4-0;Baseline;/benchmarks/bench_test.go/BenchmarkMedium;60981240;4392348;58584
0-4-0;Baseline;/benchmarks/bench_test.go/BenchmarkMedium;805282;61938;815
0-4-0;Baseline;/benchmarks/bench_test.go/BenchmarkMedium;816694;55700;761
0-4-0;Baseline;/benchmarks/bench_test.go/BenchmarkMedium;19214;1328;23
0-4-0;Baseline;/benchmarks/bench_test.go/BenchmarkMedium;24574;1866;31
0-4-0;Baseline;/benchmarks/bench_test.go/BenchmarkMedium;542416;26632;342
0-4-0;Baseline;/benchmarks/bench_test.go/BenchmarkMedium;64559980;4781151;58130
0-4-0;Baseline;/benchmarks/bench_test.go/BenchmarkMedium;810194;63279;858
0-4-0;Baseline;/benchmarks/bench_test.go/BenchmarkMedium;765859;55644;796
0-4-0;Baseline;/benchmarks/bench_test.go/BenchmarkSmall;461;4;1
0-4-0;Baseline;/benchmarks/bench_test.go/BenchmarkSmall;433;0;0
0-4-0;Baseline;/benchmarks/bench_test.go/BenchmarkSmall;10471;3183;57
0-4-0;Baseline;/benchmarks/bench_test.go/BenchmarkSmall;2738418;842165;13183
0-4-0;Baseline;/benchmarks/bench_test.go/BenchmarkSmall;26878;6370;129
0-4-0;Baseline;/benchmarks/bench_test.go/BenchmarkSmall;18213;3794;78
0-4-0;Baseline;/benchmarks/bench_test.go/BenchmarkSmall;3334;300;6
0-4-0;Baseline;/benchmarks/bench_test.go/BenchmarkSmall;3784;420;8
0-4-0;Baseline;/benchmarks/bench_test.go/BenchmarkSmall;24337;6913;131
0-4-0;Baseline;/benchmarks/bench_test.go/BenchmarkSmall;7646089;1944717;34584
0-4-0;Baseline;/benchmarks/bench_test.go/BenchmarkSmall;68588;16196;314
0-4-0;Baseline;/benchmarks/bench_test.go/BenchmarkSmall;43288;8108;159
0-4-0;Baseline;/benchmarks/bench_test.go/BenchmarkSmall;5673;444;10
0-4-0;Baseline;/benchmarks/bench_test.go/BenchmarkSmall;7350;658;14
0-4-0;Baseline;/benchmarks/bench_test.go/BenchmarkSmall;294288;9816;131
0-4-0;Baseline;/benchmarks/bench_test.go/BenchmarkSmall;38899624;2004039;26948
0-4-0;Baseline;/benchmarks/bench_test.go/BenchmarkSmall;377222;19097;263
0-4-0;Baseline;/benchmarks/bench_test.go/BenchmarkSmall;338282;11343;128
0-4-0;Baseline;/benchmarks/bench_test.go/BenchmarkSmall;5683;471;10
0-4-0;Baseline;/benchmarks/bench_test.go/BenchmarkSmall;7052;656;14
0-4-0;Baseline;/benchmarks/bench_test.go/BenchmarkSmall;294176;9864;132
0-4-0;Baseline;/benchmarks/bench_test.go/BenchmarkSmall;37982732;1989366;26780
0-4-0;Baseline;/benchmarks/bench_test.go/BenchmarkSmall;378583;19202;264
0-4-0;Baseline;/benchmarks/bench_test.go/BenchmarkSmall;342388;11269;127
0-4-0;Baseline;/benchmarks/bench_test.go/BenchmarkMemKeySizes;1052;4;1
0-4-0;Baseline;/benchmarks/bench_test.go/BenchmarkMemKeySizes;1083;0;0
0-4-0;Baseline;/benchmarks/bench_test.go/BenchmarkMemKeySizes;28441;6582;132
0-4-0;Baseline;/benchmarks/bench_test.go/BenchmarkMemKeySizes;3562452;1011089;16091
0-4-0;Baseline;/benchmarks/bench_test.go/BenchmarkMemKeySizes;32125;7424;149
0-4-0;Baseline;/benchmarks/bench_test.go/BenchmarkMemKeySizes;23924;4973;101
0-4-0;Baseline;/benchmarks/bench_test.go/BenchmarkMemKeySizes;1145;16;1
0-4-0;Baseline;/benchmarks/bench_test.go/BenchmarkMemKeySizes;1128;0;0
0-4-0;Baseline;/benchmarks/bench_test.go/BenchmarkMemKeySizes;28456;6580;132
0-4-0;Baseline;/benchmarks/bench_test.go/BenchmarkMemKeySizes;3553194;1011327;16092
0-4-0;Baseline;/benchmarks/bench_test.go/BenchmarkMemKeySizes;32650;7437;149
0-4-0;Baseline;/benchmarks/bench_test.go/BenchmarkMemKeySizes;22237;4740;97
0-4-0;Baseline;/benchmarks/bench_test.go/BenchmarkMemKeySizes;1278;32;1
0-4-0;Baseline;/benchmarks/bench_test.go/BenchmarkMemKeySizes;1202;0;0
0-4-0;Baseline;/benchmarks/bench_test.go/BenchmarkMemKeySizes;28539;6594;132
0-4-0;Baseline;/benchmarks/bench_test.go/BenchmarkMemKeySizes;3594444;1014734;16114
0-4-0;Baseline;/benchmarks/bench_test.go/BenchmarkMemKeySizes;32675;7455;149
0-4-0;Baseline;/benchmarks/bench_test.go/BenchmarkMemKeySizes;21546;4734;97
0-4-0;Baseline;/benchmarks/bench_test.go/BenchmarkMemKeySizes;1463;64;1
0-4-0;Baseline;/benchmarks/bench_test.go/BenchmarkMemKeySizes;1279;0;0
0-4-0;Baseline;/benchmarks/bench_test.go/BenchmarkMemKeySizes;30090;6573;132
0-4-0;Baseline;/benchmarks/bench_test.go/BenchmarkMemKeySizes;3669633;1013841;16097
0-4-0;Baseline;/benchmarks/bench_test.go/BenchmarkMemKeySizes;33673;7462;149
0-4-0;Baseline;/benchmarks/bench_test.go/BenchmarkMemKeySizes;23484;4747;97
0-4-0;Baseline;/benchmarks/bench_test.go/BenchmarkMemKeySizes;1695;128;1
0-4-0;Baseline;/benchmarks/bench_test.go/BenchmarkMemKeySizes;1326;0;0
0-4-0;Baseline;/benchmarks/bench_test.go/BenchmarkMemKeySizes;30578;6645;132
0-4-0;Baseline;/benchmarks/bench_test.go/BenchmarkMemKeySizes;3825130;1024220;16103
0-4-0;Baseline;/benchmarks/bench_test.go/BenchmarkMemKeySizes;34873;7592;149
0-4-0;Baseline;/benchmarks/bench_test.go/BenchmarkMemKeySizes;21556;4744;97
0-4-0;Baseline;/benchmarks/bench_test.go/BenchmarkMemKeySizes;2128;256;1
0-4-0;Baseline;/benchmarks/bench_test.go/BenchmarkMemKeySizes;1370;0;0
0-4-0;Baseline;/benchmarks/bench_test.go/BenchmarkMemKeySizes;32506;6773;133
0-4-0;Baseline;/benchmarks/bench_test.go/BenchmarkMemKeySizes;3984576;1042503;16108
0-4-0;Baseline;/benchmarks/bench_test.go/BenchmarkMemKeySizes;37081;7850;149
0-4-0;Baseline;/benchmarks/bench_test.go/BenchmarkMemKeySizes;22938;4731;97
0-4-0;Baseline;/benchmarks/bench_test.go/BenchmarkLevelDBBatchSizes;19116;1328;23
0-4-0;Baseline;/benchmarks/bench_test.go/BenchmarkLevelDBBatchSizes;24264;1870;31
0-4-0;Baseline;/benchmarks/bench_test.go/BenchmarkLevelDBBatchSizes;5109495;35499;446
0-4-0;Baseline;/benchmarks/bench_test.go/BenchmarkLevelDBBatchSizes;25085312;257470;3724
0-4-0;Baseline;/benchmarks/bench_test.go/BenchmarkLevelDBBatchSizes;10519088;200724;1335
0-4-0;Baseline;/benchmarks/bench_test.go/BenchmarkLevelDBBatchSizes;9416233;120273;1307
0-4-0;Baseline;/benchmarks/bench_test.go/BenchmarkLevelDBBatchSizes;18056;1301;22
0-4-0;Baseline;/benchmarks/bench_test.go/BenchmarkLevelDBBatchSizes;23128;1804;30
0-4-0;Baseline;/benchmarks/bench_test.go/BenchmarkLevelDBBatchSizes;1245663;30427;381
0-4-0;Baseline;/benchmarks/bench_test.go/BenchmarkLevelDBBatchSizes;33667784;1117145;15516
0-4-0;Baseline;/benchmarks/bench_test.go/BenchmarkLevelDBBatchSizes;2272912;78505;948
0-4-0;Baseline;/benchmarks/bench_test.go/BenchmarkLevelDBBatchSizes;2364508;71158;901
0-4-0;Baseline;/benchmarks/bench_test.go/BenchmarkLevelDBBatchSizes;18986;1322;23
0-4-0;Baseline;/benchmarks/bench_test.go/BenchmarkLevelDBBatchSizes;24778;1879;32
0-4-0;Baseline;/benchmarks/bench_test.go/BenchmarkLevelDBBatchSizes;559465;26735;343
0-4-0;Baseline;/benchmarks/bench_test.go/BenchmarkLevelDBBatchSizes;65365644;4790567;58202
0-4-0;Baseline;/benchmarks/bench_test.go/BenchmarkLevelDBBatchSizes;933434;61963;834
0-4-0;Baseline;/benchmarks/bench_test.go/BenchmarkLevelDBBatchSizes;778243;55994;797
0-4-0;Baseline;/benchmarks/bench_test.go/BenchmarkLevelDBBatchSizes;17924;1289;22
0-4-0;Baseline;/benchmarks/bench_test.go/BenchmarkLevelDBBatchSizes;23271;1803;30
0-4-0;Baseline;/benchmarks/bench_test.go/BenchmarkLevelDBBatchSizes;230538;25186;289
0-4-0;Baseline;/benchmarks/bench_test.go/BenchmarkLevelDBBatchSizes;147012160;15872764;199692
0-4-0;Baseline;/benchmarks/bench_test.go/BenchmarkLevelDBBatchSizes;461826;45971;614
0-4-0;Baseline;/benchmarks/bench_test.go/BenchmarkLevelDBBatchSizes;527964;51306;669
0-4-0;Baseline;/benchmarks/bench_test.go/BenchmarkLevelDBBatchSizes;17674;1267;22
0-4-0;Baseline;/benchmarks/bench_test.go/BenchmarkLevelDBBatchSizes;23071;1799;30
0-4-0;Baseline;/benchmarks/bench_test.go/BenchmarkLevelDBBatchSizes;132197;18622;225
0-4-0;Baseline;/benchmarks/bench_test.go/BenchmarkLevelDBBatchSizes;516087040;78410408;846982
0-4-0;Baseline;/benchmarks/bench_test.go/BenchmarkLevelDBBatchSizes;343791;42370;556
0-4-0;Baseline;/benchmarks/bench_test.go/BenchmarkLevelDBBatchSizes;313862;33894;462
0-5-0;Baseline;/benchmarks/bench_test.go/BenchmarkRandomBytes;78.6;4;1
0-5-0;Baseline;/benchmarks/bench_test.go/BenchmarkRandomBytes;117;16;1
0-5-0;Baseline;/benchmarks/bench_test.go/BenchmarkRandomBytes;163;32;1
0-5-0;Baseline;/benchmarks/bench_test.go/BenchmarkRandomBytes;370;112;1
0-5-0;Baseline;/benchmarks/bench_test.go/BenchmarkRandomBytes;2972;1024;1
0-5-0;Baseline;/benchmarks/bench_test.go/BenchmarkMedium;1137;16;1
0-5-0;Baseline;/benchmarks/bench_test.go/BenchmarkMedium;1117;0;0
0-5-0;Baseline;/benchmarks/bench_test.go/BenchmarkMedium;28174;6350;131
0-5-0;Baseline;/benchmarks/bench_test.go/BenchmarkMedium;3554395;988971;16001
0-5-0;Baseline;/benchmarks/bench_test.go/BenchmarkMedium;32041;7205;148
0-5-0;Baseline;/benchmarks/bench_test.go/BenchmarkMedium;23974;4944;101
0-5-0;Baseline;/benchmarks/bench_test.go/BenchmarkMedium;6939;358;7
0-5-0;Baseline;/benchmarks/bench_test.go/BenchmarkMedium;7888;464;8
0-5-0;Baseline;/benchmarks/bench_test.go/BenchmarkMedium;71207;17945;317
0-5-0;Baseline;/benchmarks/bench_test.go/BenchmarkMedium;10828370;2565957;43102
0-5-0;Baseline;/benchmarks/bench_test.go/BenchmarkMedium;83280;19949;362
0-5-0;Baseline;/benchmarks/bench_test.go/BenchmarkMedium;65323;16139;279
0-5-0;Baseline;/benchmarks/bench_test.go/BenchmarkMedium;17847;1264;22
0-5-0;Baseline;/benchmarks/bench_test.go/BenchmarkMedium;22812;1787;30
0-5-0;Baseline;/benchmarks/bench_test.go/BenchmarkMedium;527183;28762;344
0-5-0;Baseline;/benchmarks/bench_test.go/BenchmarkMedium;55718970;4467017;54726
0-5-0;Baseline;/benchmarks/bench_test.go/BenchmarkMedium;766760;60267;796
0-5-0;Baseline;/benchmarks/bench_test.go/BenchmarkMedium;765267;53336;724
0-5-0;Baseline;/benchmarks/bench_test.go/BenchmarkMedium;19016;1321;23
0-5-0;Baseline;/benchmarks/bench_test.go/BenchmarkMedium;24778;1873;32
0-5-0;Baseline;/benchmarks/bench_test.go/BenchmarkMedium;528006;26398;342
0-5-0;Baseline;/benchmarks/bench_test.go/BenchmarkMedium;63059470;4794271;58375
0-5-0;Baseline;/benchmarks/bench_test.go/BenchmarkMedium;796593;61418;829
0-5-0;Baseline;/benchmarks/bench_test.go/BenchmarkMedium;779246;55191;786
0-5-0;Baseline;/benchmarks/bench_test.go/BenchmarkSmall;463;4;1
0-5-0;Baseline;/benchmarks/bench_test.go/BenchmarkSmall;433;0;0
0-5-0;Baseline;/benchmarks/bench_test.go/BenchmarkSmall;10466;3185;57
0-5-0;Baseline;/benchmarks/bench_test.go/BenchmarkSmall;2734496;840711;13157
0-5-0;Baseline;/benchmarks/bench_test.go/BenchmarkSmall;26973;6365;129
0-5-0;Baseline;/benchmarks/bench_test.go/BenchmarkSmall;18614;3789;78
0-5-0;Baseline;/benchmarks/bench_test.go/BenchmarkSmall;3312;296;6
0-5-0;Baseline;/benchmarks/bench_test.go/BenchmarkSmall;3784;420;8
0-5-0;Baseline;/benchmarks/bench_test.go/BenchmarkSmall;24381;6923;131
0-5-0;Baseline;/benchmarks/bench_test.go/BenchmarkSmall;7626309;1945548;34595
0-5-0;Baseline;/benchmarks/bench_test.go/BenchmarkSmall;67824;16167;313
0-5-0;Baseline;/benchmarks/bench_test.go/BenchmarkSmall;40565;8124;159
0-5-0;Baseline;/benchmarks/bench_test.go/BenchmarkSmall;5566;445;10
0-5-0;Baseline;/benchmarks/bench_test.go/BenchmarkSmall;7200;654;14
0-5-0;Baseline;/benchmarks/bench_test.go/BenchmarkSmall;335166;10105;133
0-5-0;Baseline;/benchmarks/bench_test.go/BenchmarkSmall;38147400;1991642;26598
0-5-0;Baseline;/benchmarks/bench_test.go/BenchmarkSmall;348873;17388;249
0-5-0;Baseline;/benchmarks/bench_test.go/BenchmarkSmall;282859;9271;120
0-5-0;Baseline;/benchmarks/bench_test.go/BenchmarkSmall;5657;439;10
0-5-0;Baseline;/benchmarks/bench_test.go/BenchmarkSmall;7345;657;14
0-5-0;Baseline;/benchmarks/bench_test.go/BenchmarkSmall;299727;9898;132
0-5-0;Baseline;/benchmarks/bench_test.go/BenchmarkSmall;38897760;2034713;27054
0-5-0;Baseline;/benchmarks/bench_test.go/BenchmarkSmall;376947;19332;262
0-5-0;Baseline;/benchmarks/bench_test.go/BenchmarkSmall;312229;10060;118
0-5-0;Baseline;/benchmarks/bench_test.go/BenchmarkMemKeySizes;1057;4;1
0-5-0;Baseline;/benchmarks/bench_test.go/BenchmarkMemKeySizes;1090;0;0
0-5-0;Baseline;/benchmarks/bench_test.go/BenchmarkMemKeySizes;28645;6583;132
0-5-0;Baseline;/benchmarks/bench_test.go/BenchmarkMemKeySizes;3564331;1011359;16095
0-5-0;Baseline;/benchmarks/bench_test.go/BenchmarkMemKeySizes;32307;7421;149
0-5-0;Baseline;/benchmarks/bench_test.go/BenchmarkMemKeySizes;23198;4734;97
0-5-0;Baseline;/benchmarks/bench_test.go/BenchmarkMemKeySizes;1148;16;1
0-5-0;Baseline;/benchmarks/bench_test.go/BenchmarkMemKeySizes;1126;0;0
0-5-0;Baseline;/benchmarks/bench_test.go/BenchmarkMemKeySizes;28402;6587;132
0-5-0;Baseline;/benchmarks/bench_test.go/BenchmarkMemKeySizes;3554310;1012812;16100
0-5-0;Baseline;/benchmarks/bench_test.go/BenchmarkMemKeySizes;32601;7431;149
0-5-0;Baseline;/benchmarks/bench_test.go/BenchmarkMemKeySizes;23039;4740;97
0-5-0;Baseline;/benchmarks/bench_test.go/BenchmarkMemKeySizes;1271;32;1
0-5-0;Baseline;/benchmarks/bench_test.go/BenchmarkMemKeySizes;1189;0;0
0-5-0;Baseline;/benchmarks/bench_test.go/BenchmarkMemKeySizes;28553;6593;132
0-5-0;Baseline;/benchmarks/bench_test.go/BenchmarkMemKeySizes;3622458;1015155;16113
0-5-0;Baseline;/benchmarks/bench_test.go/BenchmarkMemKeySizes;32936;7457;149
0-5-0;Baseline;/benchmarks/bench_test.go/BenchmarkMemKeySizes;21594;4743;97
0-5-0;Baseline;/benchmarks/bench_test.go/BenchmarkMemKeySizes;1467;64;1
0-5-0;Baseline;/benchmarks/bench_test.go/BenchmarkMemKeySizes;1284;0;0
0-5-0;Baseline;/benchmarks/bench_test.go/BenchmarkMemKeySizes;29441;6568;132
0-5-0;Baseline;/benchmarks/bench_test.go/BenchmarkMemKeySizes;3685685;1013264;16096
0-5-0;Baseline;/benchmarks/bench_test.go/BenchmarkMemKeySizes;33626;7472;149
0-5-0;Baseline;/benchmarks/bench_test.go/BenchmarkMemKeySizes;24175;4734;97
0-5-0;Baseline;/benchmarks/bench_test.go/BenchmarkMemKeySizes;1710;128;1
0-5-0;Baseline;/benchmarks/bench_test.go/BenchmarkMemKeySizes;1320;0;0
0-5-0;Baseline;/benchmarks/bench_test.go/BenchmarkMemKeySizes;30529;6636;132
0-5-0;Baseline;/benchmarks/bench_test.go/BenchmarkMemKeySizes;3804726;1023968;16106
0-5-0;Baseline;/benchmarks/bench_test.go/BenchmarkMemKeySizes;34896;7594;149
0-5-0;Baseline;/benchmarks/bench_test.go/BenchmarkMemKeySizes;22232;4744;97
0-5-0;Baseline;/benchmarks/bench_test.go/BenchmarkMemKeySizes;2126;256;1
0-5-0;Baseline;/benchmarks/bench_test.go/BenchmarkMemKeySizes;1381;0;0
0-5-0;Baseline;/benchmarks/bench_test.go/BenchmarkMemKeySizes;32397;6762;132
0-5-0;Baseline;/benchmarks/bench_test.go/BenchmarkMemKeySizes;4002248;1042524;16106
0-5-0;Baseline;/benchmarks/bench_test.go/BenchmarkMemKeySizes;37215;7861;149
0-5-0;Baseline;/benchmarks/bench_test.go/BenchmarkMemKeySizes;21500;4743;97
0-5-0;Baseline;/benchmarks/bench_test.go/BenchmarkLevelDBBatchSizes;18378;1297;22
0-5-0;Baseline;/benchmarks/bench_test.go/BenchmarkLevelDBBatchSizes;22956;1806;30
0-5-0;Baseline;/benchmarks/bench_test.go/BenchmarkLevelDBBatchSizes;5119252;35242;442
0-5-0;Baseline;/benchmarks/bench_test.go/BenchmarkLevelDBBatchSizes;26074296;253586;3666
0-5-0;Baseline;/benchmarks/bench_test.go/BenchmarkLevelDBBatchSizes;10272804;204862;1265
0-5-0;Baseline;/benchmarks/bench_test.go/BenchmarkLevelDBBatchSizes;10347475;203139;1268
0-5-0;Baseline;/benchmarks/bench_test.go/BenchmarkLevelDBBatchSizes;17854;1295;22
0-5-0;Baseline;/benchmarks/bench_test.go/BenchmarkLevelDBBatchSizes;22999;1802;30
0-5-0;Baseline;/benchmarks/bench_test.go/BenchmarkLevelDBBatchSizes;1017671;30274;378
0-5-0;Baseline;/benchmarks/bench_test.go/BenchmarkLevelDBBatchSizes;33611564;1114929;15512
0-5-0;Baseline;/benchmarks/bench_test.go/BenchmarkLevelDBBatchSizes;2127319;93412;1017
0-5-0;Baseline;/benchmarks/bench_test.go/BenchmarkLevelDBBatchSizes;2235357;70742;895
0-5-0;Baseline;/benchmarks/bench_test.go/BenchmarkLevelDBBatchSizes;17800;1267;22
0-5-0;Baseline;/benchmarks/bench_test.go/BenchmarkLevelDBBatchSizes;23130;1802;30
0-5-0;Baseline;/benchmarks/bench_test.go/BenchmarkLevelDBBatchSizes;391412;26562;330
0-5-0;Baseline;/benchmarks/bench_test.go/BenchmarkLevelDBBatchSizes;64852564;4555188;59688
0-5-0;Baseline;/benchmarks/bench_test.go/BenchmarkLevelDBBatchSizes;750558;61047;811
0-5-0;Baseline;/benchmarks/bench_test.go/BenchmarkLevelDBBatchSizes;776811;53332;725
0-5-0;Baseline;/benchmarks/bench_test.go/BenchmarkLevelDBBatchSizes;18883;1333;23
0-5-0;Baseline;/benchmarks/bench_test.go/BenchmarkLevelDBBatchSizes;24126;1864;31
0-5-0;Baseline;/benchmarks/bench_test.go/BenchmarkLevelDBBatchSizes;230558;24844;290
0-5-0;Baseline;/benchmarks/bench_test.go/BenchmarkLevelDBBatchSizes;146846400;15879407;202847
0-5-0;Baseline;/benchmarks/bench_test.go/BenchmarkLevelDBBatchSizes;508066;49275;668
0-5-0;Baseline;/benchmarks/bench_test.go/BenchmarkLevelDBBatchSizes;464171;42371;573
0-5-0;Baseline;/benchmarks/bench_test.go/BenchmarkLevelDBBatchSizes;18649;1320;23
0-5-0;Baseline;/benchmarks/bench_test.go/BenchmarkLevelDBBatchSizes;24162;1876;32
0-5-0;Baseline;/benchmarks/bench_test.go/BenchmarkLevelDBBatchSizes;123321;18383;225
0-5-0;Baseline;/benchmarks/bench_test.go/BenchmarkLevelDBBatchSizes;544167000;79761064;872435
0-5-0;Baseline;/benchmarks/bench_test.go/BenchmarkLevelDBBatchSizes;369044;45307;590
0-5-0;Baseline;/benchmarks/bench_test.go/BenchmarkLevelDBBatchSizes;328687;34797;486
0-5-0;Baseline;iavl_test.go/BenchmarkImmutableAvlTreeMemDB;107488;24332;447
0-6-0;Baseline;iavl_test.go/BenchmarkImmutableAvlTreeMemDB;107695;24448;447
0-6-0;Baseline;/benchmarks/bench_test.go/BenchmarkRandomBytes;78.3;4;1
0-6-0;Baseline;/benchmarks/bench_test.go/BenchmarkRandomBytes;115;16;1
0-6-0;Baseline;/benchmarks/bench_test.go/BenchmarkRandomBytes;159;32;1
0-6-0;Baseline;/benchmarks/bench_test.go/BenchmarkRandomBytes;355;112;1
0-6-0;Baseline;/benchmarks/bench_test.go/BenchmarkRandomBytes;2771;1024;1
0-6-0;Baseline;/benchmarks/bench_test.go/BenchmarkMedium;1140;16;1
0-6-0;Baseline;/benchmarks/bench_test.go/BenchmarkMedium;1119;0;0
0-6-0;Baseline;/benchmarks/bench_test.go/BenchmarkMedium;27992;6352;131
0-6-0;Baseline;/benchmarks/bench_test.go/BenchmarkMedium;3562823;989472;16016
0-6-0;Baseline;/benchmarks/bench_test.go/BenchmarkMedium;32056;7190;148
0-6-0;Baseline;/benchmarks/bench_test.go/BenchmarkMedium;23650;4979;101
0-6-0;Baseline;/benchmarks/bench_test.go/BenchmarkMedium;6820;355;6
0-6-0;Baseline;/benchmarks/bench_test.go/BenchmarkMedium;7856;464;8
0-6-0;Baseline;/benchmarks/bench_test.go/BenchmarkMedium;72635;17934;317
0-6-0;Baseline;/benchmarks/bench_test.go/BenchmarkMedium;10795925;2561746;43011
0-6-0;Baseline;/benchmarks/bench_test.go/BenchmarkMedium;84040;19997;363
0-6-0;Baseline;/benchmarks/bench_test.go/BenchmarkMedium;65097;16071;278
0-6-0;Baseline;/benchmarks/bench_test.go/BenchmarkMedium;18748;1328;23
0-6-0;Baseline;/benchmarks/bench_test.go/BenchmarkMedium;24343;1877;32
0-6-0;Baseline;/benchmarks/bench_test.go/BenchmarkMedium;393102;26565;330
0-6-0;Baseline;/benchmarks/bench_test.go/BenchmarkMedium;61063780;4387070;59630
0-6-0;Baseline;/benchmarks/bench_test.go/BenchmarkMedium;749345;61975;839
0-6-0;Baseline;/benchmarks/bench_test.go/BenchmarkMedium;780793;54355;776
0-6-0;Baseline;/benchmarks/bench_test.go/BenchmarkMedium;17887;1273;22
0-6-0;Baseline;/benchmarks/bench_test.go/BenchmarkMedium;22890;1800;30
0-6-0;Baseline;/benchmarks/bench_test.go/BenchmarkMedium;515694;25743;342
0-6-0;Baseline;/benchmarks/bench_test.go/BenchmarkMedium;66376148;4802136;58458
0-6-0;Baseline;/benchmarks/bench_test.go/BenchmarkMedium;794888;62219;839
0-6-0;Baseline;/benchmarks/bench_test.go/BenchmarkMedium;824594;56431;805
0-6-0;Baseline;/benchmarks/bench_test.go/BenchmarkSmall;460;4;1
0-6-0;Baseline;/benchmarks/bench_test.go/BenchmarkSmall;434;0;0
0-6-0;Baseline;/benchmarks/bench_test.go/BenchmarkSmall;10484;3181;57
0-6-0;Baseline;/benchmarks/bench_test.go/BenchmarkSmall;2739454;840191;13154
0-6-0;Baseline;/benchmarks/bench_test.go/BenchmarkSmall;26721;6360;129
0-6-0;Baseline;/benchmarks/bench_test.go/BenchmarkSmall;19305;3791;78
0-6-0;Baseline;/benchmarks/bench_test.go/BenchmarkSmall;3300;293;6
0-6-0;Baseline;/benchmarks/bench_test.go/BenchmarkSmall;3769;419;8
0-6-0;Baseline;/benchmarks/bench_test.go/BenchmarkSmall;24342;6913;131
0-6-0;Baseline;/benchmarks/bench_test.go/BenchmarkSmall;7716772;1946748;34618
0-6-0;Baseline;/benchmarks/bench_test.go/BenchmarkSmall;69515;16250;314
0-6-0;Baseline;/benchmarks/bench_test.go/BenchmarkSmall;41298;8111;159
0-6-0;Baseline;/benchmarks/bench_test.go/BenchmarkSmall;5785;466;10
0-6-0;Baseline;/benchmarks/bench_test.go/BenchmarkSmall;7188;658;14
0-6-0;Baseline;/benchmarks/bench_test.go/BenchmarkSmall;288286;9946;133
0-6-0;Baseline;/benchmarks/bench_test.go/BenchmarkSmall;37485536;2001718;26934
0-6-0;Baseline;/benchmarks/bench_test.go/BenchmarkSmall;361219;19080;264
0-6-0;Baseline;/benchmarks/bench_test.go/BenchmarkSmall;355645;11756;130
0-6-0;Baseline;/benchmarks/bench_test.go/BenchmarkSmall;5601;443;10
0-6-0;Baseline;/benchmarks/bench_test.go/BenchmarkSmall;7198;659;14
0-6-0;Baseline;/benchmarks/bench_test.go/BenchmarkSmall;294717;9857;132
0-6-0;Baseline;/benchmarks/bench_test.go/BenchmarkSmall;39356692;1976987;26759
0-6-0;Baseline;/benchmarks/bench_test.go/BenchmarkSmall;360282;19164;263
0-6-0;Baseline;/benchmarks/bench_test.go/BenchmarkSmall;342554;11806;145
0-6-0;Baseline;/benchmarks/bench_test.go/BenchmarkMemKeySizes;1050;4;1
0-6-0;Baseline;/benchmarks/bench_test.go/BenchmarkMemKeySizes;1073;0;0
0-6-0;Baseline;/benchmarks/bench_test.go/BenchmarkMemKeySizes;28462;6588;132
0-6-0;Baseline;/benchmarks/bench_test.go/BenchmarkMemKeySizes;3563788;1012812;16115
0-6-0;Baseline;/benchmarks/bench_test.go/BenchmarkMemKeySizes;32252;7423;149
0-6-0;Baseline;/benchmarks/bench_test.go/BenchmarkMemKeySizes;23478;4973;101
0-6-0;Baseline;/benchmarks/bench_test.go/BenchmarkMemKeySizes;1142;16;1
0-6-0;Baseline;/benchmarks/bench_test.go/BenchmarkMemKeySizes;1122;0;0
0-6-0;Baseline;/benchmarks/bench_test.go/BenchmarkMemKeySizes;28492;6578;132
0-6-0;Baseline;/benchmarks/bench_test.go/BenchmarkMemKeySizes;3561299;1011364;16082
0-6-0;Baseline;/benchmarks/bench_test.go/BenchmarkMemKeySizes;33273;7436;149
0-6-0;Baseline;/benchmarks/bench_test.go/BenchmarkMemKeySizes;22856;4975;101
0-6-0;Baseline;/benchmarks/bench_test.go/BenchmarkMemKeySizes;1277;32;1
0-6-0;Baseline;/benchmarks/bench_test.go/BenchmarkMemKeySizes;1198;0;0
0-6-0;Baseline;/benchmarks/bench_test.go/BenchmarkMemKeySizes;28536;6586;132
0-6-0;Baseline;/benchmarks/bench_test.go/BenchmarkMemKeySizes;3576945;1013236;16099
0-6-0;Baseline;/benchmarks/bench_test.go/BenchmarkMemKeySizes;32710;7441;149
0-6-0;Baseline;/benchmarks/bench_test.go/BenchmarkMemKeySizes;22756;4744;97
0-6-0;Baseline;/benchmarks/bench_test.go/BenchmarkMemKeySizes;1462;64;1
0-6-0;Baseline;/benchmarks/bench_test.go/BenchmarkMemKeySizes;1281;0;0
0-6-0;Baseline;/benchmarks/bench_test.go/BenchmarkMemKeySizes;29347;6573;132
0-6-0;Baseline;/benchmarks/bench_test.go/BenchmarkMemKeySizes;3659981;1013571;16100
0-6-0;Baseline;/benchmarks/bench_test.go/BenchmarkMemKeySizes;33665;7469;149
0-6-0;Baseline;/benchmarks/bench_test.go/BenchmarkMemKeySizes;23942;4742;97
0-6-0;Baseline;/benchmarks/bench_test.go/BenchmarkMemKeySizes;1700;128;1
0-6-0;Baseline;/benchmarks/bench_test.go/BenchmarkMemKeySizes;1318;0;0
0-6-0;Baseline;/benchmarks/bench_test.go/BenchmarkMemKeySizes;30459;6641;132
0-6-0;Baseline;/benchmarks/bench_test.go/BenchmarkMemKeySizes;3807027;1024103;16114
0-6-0;Baseline;/benchmarks/bench_test.go/BenchmarkMemKeySizes;34835;7596;149
0-6-0;Baseline;/benchmarks/bench_test.go/BenchmarkMemKeySizes;22881;4744;97
0-6-0;Baseline;/benchmarks/bench_test.go/BenchmarkMemKeySizes;2108;256;1
0-6-0;Baseline;/benchmarks/bench_test.go/BenchmarkMemKeySizes;1367;0;0
0-6-0;Baseline;/benchmarks/bench_test.go/BenchmarkMemKeySizes;32487;6767;132
0-6-0;Baseline;/benchmarks/bench_test.go/BenchmarkMemKeySizes;4001477;1043083;16103
0-6-0;Baseline;/benchmarks/bench_test.go/BenchmarkMemKeySizes;37188;7854;149
0-6-0;Baseline;/benchmarks/bench_test.go/BenchmarkMemKeySizes;21562;4744;97
0-6-0;Baseline;/benchmarks/bench_test.go/BenchmarkLevelDBBatchSizes;18902;1320;23
0-6-0;Baseline;/benchmarks/bench_test.go/BenchmarkLevelDBBatchSizes;24760;1872;32
0-6-0;Baseline;/benchmarks/bench_test.go/BenchmarkLevelDBBatchSizes;5042496;35407;445
0-6-0;Baseline;/benchmarks/bench_test.go/BenchmarkLevelDBBatchSizes;26765268;257350;3715
0-6-0;Baseline;/benchmarks/bench_test.go/BenchmarkLevelDBBatchSizes;10212960;198923;1328
0-6-0;Baseline;/benchmarks/bench_test.go/BenchmarkLevelDBBatchSizes;11269467;195564;1311
0-6-0;Baseline;/benchmarks/bench_test.go/BenchmarkLevelDBBatchSizes;18736;1315;23
0-6-0;Baseline;/benchmarks/bench_test.go/BenchmarkLevelDBBatchSizes;24377;1871;32
0-6-0;Baseline;/benchmarks/bench_test.go/BenchmarkLevelDBBatchSizes;1033464;30692;383
0-6-0;Baseline;/benchmarks/bench_test.go/BenchmarkLevelDBBatchSizes;39661736;1282059;16895
0-6-0;Baseline;/benchmarks/bench_test.go/BenchmarkLevelDBBatchSizes;2356878;96701;1101
0-6-0;Baseline;/benchmarks/bench_test.go/BenchmarkLevelDBBatchSizes;2164187;69149;943
0-6-0;Baseline;/benchmarks/bench_test.go/BenchmarkLevelDBBatchSizes;18604;1323;23
0-6-0;Baseline;/benchmarks/bench_test.go/BenchmarkLevelDBBatchSizes;24834;1872;32
0-6-0;Baseline;/benchmarks/bench_test.go/BenchmarkLevelDBBatchSizes;519587;26899;344
0-6-0;Baseline;/benchmarks/bench_test.go/BenchmarkLevelDBBatchSizes;68920440;4650742;59181
0-6-0;Baseline;/benchmarks/bench_test.go/BenchmarkLevelDBBatchSizes;793166;62468;833
0-6-0;Baseline;/benchmarks/bench_test.go/BenchmarkLevelDBBatchSizes;914945;55371;786
0-6-0;Baseline;/benchmarks/bench_test.go/BenchmarkLevelDBBatchSizes;18552;1320;23
0-6-0;Baseline;/benchmarks/bench_test.go/BenchmarkLevelDBBatchSizes;24524;1874;32
0-6-0;Baseline;/benchmarks/bench_test.go/BenchmarkLevelDBBatchSizes;229743;25005;290
0-6-0;Baseline;/benchmarks/bench_test.go/BenchmarkLevelDBBatchSizes;144192140;15948820;204353
0-6-0;Baseline;/benchmarks/bench_test.go/BenchmarkLevelDBBatchSizes;528758;50474;676
0-6-0;Baseline;/benchmarks/bench_test.go/BenchmarkLevelDBBatchSizes;466310;42737;567
0-6-0;Baseline;/benchmarks/bench_test.go/BenchmarkLevelDBBatchSizes;17895;1300;22
0-6-0;Baseline;/benchmarks/bench_test.go/BenchmarkLevelDBBatchSizes;22965;1805;30
0-6-0;Baseline;/benchmarks/bench_test.go/BenchmarkLevelDBBatchSizes;118773;18648;225
0-6-0;Baseline;/benchmarks/bench_test.go/BenchmarkLevelDBBatchSizes;513689000;70608220;853034
0-6-0;Baseline;/benchmarks/bench_test.go/BenchmarkLevelDBBatchSizes;351010;42409;555
0-6-0;Baseline;/benchmarks/bench_test.go/BenchmarkLevelDBBatchSizes;312241;33285;459
0-7-0;Baseline;iavl_test.go/BenchmarkImmutableAvlTreeMemDB;107198;24462;447
0-7-0;Baseline;/benchmarks/bench_test.go/BenchmarkRandomBytes;78.3;4;1
0-7-0;Baseline;/benchmarks/bench_test.go/BenchmarkRandomBytes;115;16;1
0-7-0;Baseline;/benchmarks/bench_test.go/BenchmarkRandomBytes;159;32;1
0-7-0;Baseline;/benchmarks/bench_test.go/BenchmarkRandomBytes;355;112;1
0-7-0;Baseline;/benchmarks/bench_test.go/BenchmarkRandomBytes;2766;1024;1
0-7-0;Baseline;/benchmarks/bench_test.go/BenchmarkMedium;1147;16;1
0-7-0;Baseline;/benchmarks/bench_test.go/BenchmarkMedium;1124;0;0
0-7-0;Baseline;/benchmarks/bench_test.go/BenchmarkMedium;27945;6356;131
0-7-0;Baseline;/benchmarks/bench_test.go/BenchmarkMedium;3560465;989802;16008
0-7-0;Baseline;/benchmarks/bench_test.go/BenchmarkMedium;32183;7206;148
0-7-0;Baseline;/benchmarks/bench_test.go/BenchmarkMedium;24972;4964;101
0-7-0;Baseline;/benchmarks/bench_test.go/BenchmarkMedium;6909;355;7
0-7-0;Baseline;/benchmarks/bench_test.go/BenchmarkMedium;8013;462;8
0-7-0;Baseline;/benchmarks/bench_test.go/BenchmarkMedium;75585;17951;318
0-7-0;Baseline;/benchmarks/bench_test.go/BenchmarkMedium;11326136;2564277;43044
0-7-0;Baseline;/benchmarks/bench_test.go/BenchmarkMedium;83305;19980;363
0-7-0;Baseline;/benchmarks/bench_test.go/BenchmarkMedium;65363;16114;278
0-7-0;Baseline;/benchmarks/bench_test.go/BenchmarkMedium;18600;1313;23
0-7-0;Baseline;/benchmarks/bench_test.go/BenchmarkMedium;23762;1851;31
0-7-0;Baseline;/benchmarks/bench_test.go/BenchmarkMedium;556654;26916;342
0-7-0;Baseline;/benchmarks/bench_test.go/BenchmarkMedium;68774460;4659386;59212
0-7-0;Baseline;/benchmarks/bench_test.go/BenchmarkMedium;845842;63872;849
0-7-0;Baseline;/benchmarks/bench_test.go/BenchmarkMedium;876133;53849;752
0-7-0;Baseline;/benchmarks/bench_test.go/BenchmarkMedium;17757;1266;22
0-7-0;Baseline;/benchmarks/bench_test.go/BenchmarkMedium;22696;1796;30
0-7-0;Baseline;/benchmarks/bench_test.go/BenchmarkMedium;461921;26423;336
0-7-0;Baseline;/benchmarks/bench_test.go/BenchmarkMedium;60995656;4901661;57493
0-7-0;Baseline;/benchmarks/bench_test.go/BenchmarkMedium;832092;60833;803
0-7-0;Baseline;/benchmarks/bench_test.go/BenchmarkMedium;868327;56649;773
0-7-0;Baseline;/benchmarks/bench_test.go/BenchmarkSmall;462;4;1
0-7-0;Baseline;/benchmarks/bench_test.go/BenchmarkSmall;432;0;0
0-7-0;Baseline;/benchmarks/bench_test.go/BenchmarkSmall;10471;3183;57
0-7-0;Baseline;/benchmarks/bench_test.go/BenchmarkSmall;2728918;839568;13155
0-7-0;Baseline;/benchmarks/bench_test.go/BenchmarkSmall;26749;6354;129
0-7-0;Baseline;/benchmarks/bench_test.go/BenchmarkSmall;17351;3511;71
0-7-0;Baseline;/benchmarks/bench_test.go/BenchmarkSmall;3333;298;6
0-7-0;Baseline;/benchmarks/bench_test.go/BenchmarkSmall;3781;420;8
0-7-0;Baseline;/benchmarks/bench_test.go/BenchmarkSmall;24316;6915;131
0-7-0;Baseline;/benchmarks/bench_test.go/BenchmarkSmall;7677330;1948875;34654
0-7-0;Baseline;/benchmarks/bench_test.go/BenchmarkSmall;68793;16194;314
0-7-0;Baseline;/benchmarks/bench_test.go/BenchmarkSmall;43837;8137;159
0-7-0;Baseline;/benchmarks/bench_test.go/BenchmarkSmall;5831;473;11
0-7-0;Baseline;/benchmarks/bench_test.go/BenchmarkSmall;7199;655;14
0-7-0;Baseline;/benchmarks/bench_test.go/BenchmarkSmall;337267;9891;132
0-7-0;Baseline;/benchmarks/bench_test.go/BenchmarkSmall;42882644;2038044;27038
0-7-0;Baseline;/benchmarks/bench_test.go/BenchmarkSmall;440528;19369;261
0-7-0;Baseline;/benchmarks/bench_test.go/BenchmarkSmall;322113;10219;120
0-7-0;Baseline;/benchmarks/bench_test.go/BenchmarkSmall;5806;459;10
0-7-0;Baseline;/benchmarks/bench_test.go/BenchmarkSmall;7311;658;14
0-7-0;Baseline;/benchmarks/bench_test.go/BenchmarkSmall;341643;10047;133
0-7-0;Baseline;/benchmarks/bench_test.go/BenchmarkSmall;42864376;2238802;28632
0-7-0;Baseline;/benchmarks/bench_test.go/BenchmarkSmall;404506;17503;250
0-7-0;Baseline;/benchmarks/bench_test.go/BenchmarkSmall;339754;9223;119
0-7-0;Baseline;/benchmarks/bench_test.go/BenchmarkMemKeySizes;1049;4;1
0-7-0;Baseline;/benchmarks/bench_test.go/BenchmarkMemKeySizes;1079;0;0
0-7-0;Baseline;/benchmarks/bench_test.go/BenchmarkMemKeySizes;29273;6592;132
0-7-0;Baseline;/benchmarks/bench_test.go/BenchmarkMemKeySizes;3574516;1012538;16104
0-7-0;Baseline;/benchmarks/bench_test.go/BenchmarkMemKeySizes;33031;7422;149
0-7-0;Baseline;/benchmarks/bench_test.go/BenchmarkMemKeySizes;26893;4966;101
0-7-0;Baseline;/benchmarks/bench_test.go/BenchmarkMemKeySizes;1146;16;1
0-7-0;Baseline;/benchmarks/bench_test.go/BenchmarkMemKeySizes;1128;0;0
0-7-0;Baseline;/benchmarks/bench_test.go/BenchmarkMemKeySizes;28437;6596;132
0-7-0;Baseline;/benchmarks/bench_test.go/BenchmarkMemKeySizes;3610238;1014213;16109
0-7-0;Baseline;/benchmarks/bench_test.go/BenchmarkMemKeySizes;33463;7455;149
0-7-0;Baseline;/benchmarks/bench_test.go/BenchmarkMemKeySizes;25239;4969;101
0-7-0;Baseline;/benchmarks/bench_test.go/BenchmarkMemKeySizes;1280;32;1
0-7-0;Baseline;/benchmarks/bench_test.go/BenchmarkMemKeySizes;1196;0;0
0-7-0;Baseline;/benchmarks/bench_test.go/BenchmarkMemKeySizes;28591;6591;132
0-7-0;Baseline;/benchmarks/bench_test.go/BenchmarkMemKeySizes;3606550;1013535;16098
0-7-0;Baseline;/benchmarks/bench_test.go/BenchmarkMemKeySizes;32807;7452;149
0-7-0;Baseline;/benchmarks/bench_test.go/BenchmarkMemKeySizes;22148;4744;97
0-7-0;Baseline;/benchmarks/bench_test.go/BenchmarkMemKeySizes;1487;64;1
0-7-0;Baseline;/benchmarks/bench_test.go/BenchmarkMemKeySizes;1286;0;0
0-7-0;Baseline;/benchmarks/bench_test.go/BenchmarkMemKeySizes;29433;6566;132
0-7-0;Baseline;/benchmarks/bench_test.go/BenchmarkMemKeySizes;3696156;1012736;16097
0-7-0;Baseline;/benchmarks/bench_test.go/BenchmarkMemKeySizes;34656;7482;149
0-7-0;Baseline;/benchmarks/bench_test.go/BenchmarkMemKeySizes;23625;4731;97
0-7-0;Baseline;/benchmarks/bench_test.go/BenchmarkMemKeySizes;1702;128;1
0-7-0;Baseline;/benchmarks/bench_test.go/BenchmarkMemKeySizes;1322;0;0
0-7-0;Baseline;/benchmarks/bench_test.go/BenchmarkMemKeySizes;30548;6631;132
0-7-0;Baseline;/benchmarks/bench_test.go/BenchmarkMemKeySizes;3823740;1023148;16102
0-7-0;Baseline;/benchmarks/bench_test.go/BenchmarkMemKeySizes;34855;7597;149
0-7-0;Baseline;/benchmarks/bench_test.go/BenchmarkMemKeySizes;22230;4757;97
0-7-0;Baseline;/benchmarks/bench_test.go/BenchmarkMemKeySizes;2120;256;1
0-7-0;Baseline;/benchmarks/bench_test.go/BenchmarkMemKeySizes;1365;0;0
0-7-0;Baseline;/benchmarks/bench_test.go/BenchmarkMemKeySizes;32385;6765;132
0-7-0;Baseline;/benchmarks/bench_test.go/BenchmarkMemKeySizes;3976030;1043375;16112
0-7-0;Baseline;/benchmarks/bench_test.go/BenchmarkMemKeySizes;37547;7856;149
0-7-0;Baseline;/benchmarks/bench_test.go/BenchmarkMemKeySizes;22176;4745;97
0-7-0;Baseline;/benchmarks/bench_test.go/BenchmarkLevelDBBatchSizes;18270;1302;22
0-7-0;Baseline;/benchmarks/bench_test.go/BenchmarkLevelDBBatchSizes;23198;1795;30
0-7-0;Baseline;/benchmarks/bench_test.go/BenchmarkLevelDBBatchSizes;6344652;34917;448
0-7-0;Baseline;/benchmarks/bench_test.go/BenchmarkLevelDBBatchSizes;27314516;268000;3622
0-7-0;Baseline;/benchmarks/bench_test.go/BenchmarkLevelDBBatchSizes;11035918;205235;1278
0-7-0;Baseline;/benchmarks/bench_test.go/BenchmarkLevelDBBatchSizes;10596275;120269;1249
0-7-0;Baseline;/benchmarks/bench_test.go/BenchmarkLevelDBBatchSizes;18899;1326;23
0-7-0;Baseline;/benchmarks/bench_test.go/BenchmarkLevelDBBatchSizes;25186;1878;32
0-7-0;Baseline;/benchmarks/bench_test.go/BenchmarkLevelDBBatchSizes;1198040;30429;381
0-7-0;Baseline;/benchmarks/bench_test.go/BenchmarkLevelDBBatchSizes;35685750;1127117;15778
0-7-0;Baseline;/benchmarks/bench_test.go/BenchmarkLevelDBBatchSizes;2472010;93114;1051
0-7-0;Baseline;/benchmarks/bench_test.go/BenchmarkLevelDBBatchSizes;2453839;70870;959
0-7-0;Baseline;/benchmarks/bench_test.go/BenchmarkLevelDBBatchSizes;18689;1325;23
0-7-0;Baseline;/benchmarks/bench_test.go/BenchmarkLevelDBBatchSizes;24367;1872;32
0-7-0;Baseline;/benchmarks/bench_test.go/BenchmarkLevelDBBatchSizes;574267;26835;344
0-7-0;Baseline;/benchmarks/bench_test.go/BenchmarkLevelDBBatchSizes;67962050;4779657;58085
0-7-0;Baseline;/benchmarks/bench_test.go/BenchmarkLevelDBBatchSizes;893364;60891;819
0-7-0;Baseline;/benchmarks/bench_test.go/BenchmarkLevelDBBatchSizes;931396;54824;782
0-7-0;Baseline;/benchmarks/bench_test.go/BenchmarkLevelDBBatchSizes;18597;1323;23
0-7-0;Baseline;/benchmarks/bench_test.go/BenchmarkLevelDBBatchSizes;24284;1876;32
0-7-0;Baseline;/benchmarks/bench_test.go/BenchmarkLevelDBBatchSizes;240035;25207;290
0-7-0;Baseline;/benchmarks/bench_test.go/BenchmarkLevelDBBatchSizes;160202610;15859519;202896
0-7-0;Baseline;/benchmarks/bench_test.go/BenchmarkLevelDBBatchSizes;539523;48858;662
0-7-0;Baseline;/benchmarks/bench_test.go/BenchmarkLevelDBBatchSizes;511259;42797;566
0-7-0;Baseline;/benchmarks/bench_test.go/BenchmarkLevelDBBatchSizes;20321;1511;26
0-7-0;Baseline;/benchmarks/bench_test.go/BenchmarkLevelDBBatchSizes;24514;1874;32
0-7-0;Baseline;/benchmarks/bench_test.go/BenchmarkLevelDBBatchSizes;128715;18307;226
0-7-0;Baseline;/benchmarks/bench_test.go/BenchmarkLevelDBBatchSizes;541154800;71236484;866139
0-7-0;Baseline;/benchmarks/bench_test.go/BenchmarkLevelDBBatchSizes;336091;39605;535
0-7-0;Baseline;/benchmarks/bench_test.go/BenchmarkLevelDBBatchSizes;341419;34754;486
0-8-0;Baseline;iavl_test.go/BenchmarkImmutableAvlTreeMemDB;107619;24302;447
0-8-0;Baseline;/benchmarks/bench_test.go/BenchmarkRandomBytes;80;4;1
0-8-0;Baseline;/benchmarks/bench_test.go/BenchmarkRandomBytes;115;16;1
0-8-0;Baseline;/benchmarks/bench_test.go/BenchmarkRandomBytes;160;32;1
0-8-0;Baseline;/benchmarks/bench_test.go/BenchmarkRandomBytes;355;112;1
0-8-0;Baseline;/benchmarks/bench_test.go/BenchmarkRandomBytes;2768;1024;1
