0-0-0;Baseline;/leveldb/bench_test.go/BenchmarkDBWrite;3725;129;3
0-0-0;Baseline;/leveldb/bench_test.go/BenchmarkDBWriteBatch;1340;35;0
0-0-0;Baseline;/leveldb/bench_test.go/BenchmarkDBWriteUncompressed;3720;128;3
0-0-0;Baseline;/leveldb/bench_test.go/BenchmarkDBWriteBatchUncompressed;1347;34;0
0-0-0;Baseline;/leveldb/bench_test.go/BenchmarkDBWriteRandom;4779;185;3
0-0-0;Baseline;/leveldb/bench_test.go/BenchmarkDBWriteRandomSync;4053;129;3
0-0-0;Baseline;/leveldb/bench_test.go/BenchmarkDBOverwrite;3706;108;3
0-0-0;Baseline;/leveldb/bench_test.go/BenchmarkDBOverwriteRandom;4674;111;3
0-0-0;Baseline;/leveldb/bench_test.go/BenchmarkDBPut;4532;410;6
0-0-0;Baseline;/leveldb/bench_test.go/BenchmarkDBRead;539;19;0
0-0-0;Baseline;/leveldb/bench_test.go/BenchmarkDBReadGC;560;19;0
0-0-0;Baseline;/leveldb/bench_test.go/BenchmarkDBReadUncompressed;508;21;0
0-0-0;Baseline;/leveldb/bench_test.go/BenchmarkDBReadTable;492;19;0
0-0-0;Baseline;/leveldb/bench_test.go/BenchmarkDBReadReverse;795;75;0
0-0-0;Baseline;/leveldb/bench_test.go/BenchmarkDBReadReverseTable;780;76;0
0-0-0;Baseline;/leveldb/bench_test.go/BenchmarkDBSeek;15547;1558;18
0-0-0;Baseline;/leveldb/bench_test.go/BenchmarkDBSeekRandom;21343;1793;23
0-0-0;Baseline;/leveldb/bench_test.go/BenchmarkDBGet;6364;820;12
0-0-0;Baseline;/leveldb/bench_test.go/BenchmarkDBGetRandom;11292;1003;15
0-0-0;Baseline;/leveldb/bench_test.go/BenchmarkDBReadConcurrent;89.9;9;0
0-0-0;Baseline;/leveldb/bench_test.go/BenchmarkDBReadConcurrent2;104;40;0
0-0-0;Baseline;/leveldb/cache/bench_test.go/BenchmarkLRUCache;949;190;5
0-0-0;Baseline;/leveldb/memdb/bench_test.go/BenchmarkPut;1762;239;0
0-0-0;Baseline;/leveldb/memdb/bench_test.go/BenchmarkPutRandom;2111;239;0
0-0-0;Baseline;/leveldb/memdb/bench_test.go/BenchmarkGet;1745;0;0
0-0-0;Baseline;/leveldb/memdb/bench_test.go/BenchmarkGetRandom;2208;0;0
0-0-0;Baseline;/leveldb/util/buffer_test.go/BenchmarkBufferNotEmptyWriteRead;438771;4704;3
0-0-0;Baseline;/leveldb/util/buffer_test.go/BenchmarkBufferFullSmallReads;135386;3424;3
0-1-0;Baseline;/leveldb/bench_test.go/BenchmarkDBWrite;3723;129;3
0-1-0;Baseline;/leveldb/bench_test.go/BenchmarkDBWriteBatch;1341;35;0
0-1-0;Baseline;/leveldb/bench_test.go/BenchmarkDBWriteUncompressed;3699;128;3
0-1-0;Baseline;/leveldb/bench_test.go/BenchmarkDBWriteBatchUncompressed;1347;34;0
0-1-0;Baseline;/leveldb/bench_test.go/BenchmarkDBWriteRandom;4768;185;3
0-1-0;Baseline;/leveldb/bench_test.go/BenchmarkDBWriteRandomSync;4082;129;3
0-1-0;Baseline;/leveldb/bench_test.go/BenchmarkDBOverwrite;3701;108;3
0-1-0;Baseline;/leveldb/bench_test.go/BenchmarkDBOverwriteRandom;4675;112;3
0-1-0;Baseline;/leveldb/bench_test.go/BenchmarkDBPut;4544;410;6
0-1-0;Baseline;/leveldb/bench_test.go/BenchmarkDBRead;537;19;0
0-1-0;Baseline;/leveldb/bench_test.go/BenchmarkDBReadGC;559;19;0
0-1-0;Baseline;/leveldb/bench_test.go/BenchmarkDBReadUncompressed;511;21;0
0-1-0;Baseline;/leveldb/bench_test.go/BenchmarkDBReadTable;493;19;0
0-1-0;Baseline;/leveldb/bench_test.go/BenchmarkDBReadReverse;797;75;0
0-1-0;Baseline;/leveldb/bench_test.go/BenchmarkDBReadReverseTable;780;76;0
0-1-0;Baseline;/leveldb/bench_test.go/BenchmarkDBSeek;15556;1558;18
0-1-0;Baseline;/leveldb/bench_test.go/BenchmarkDBSeekRandom;21329;1793;23
0-1-0;Baseline;/leveldb/bench_test.go/BenchmarkDBGet;6350;820;12
0-1-0;Baseline;/leveldb/bench_test.go/BenchmarkDBGetRandom;11172;1003;15
0-1-0;Baseline;/leveldb/bench_test.go/BenchmarkDBReadConcurrent;89.6;9;0
0-1-0;Baseline;/leveldb/bench_test.go/BenchmarkDBReadConcurrent2;105;40;0
0-1-0;Baseline;/leveldb/cache/bench_test.go/BenchmarkLRUCache;944;190;5
0-1-0;Baseline;/leveldb/memdb/bench_test.go/BenchmarkPut;1764;239;0
0-1-0;Baseline;/leveldb/memdb/bench_test.go/BenchmarkPutRandom;2091;239;0
0-1-0;Baseline;/leveldb/memdb/bench_test.go/BenchmarkGet;1744;0;0
0-1-0;Baseline;/leveldb/memdb/bench_test.go/BenchmarkGetRandom;2211;0;0
0-1-0;Baseline;/leveldb/util/buffer_test.go/BenchmarkBufferNotEmptyWriteRead;438779;4704;3
0-1-0;Baseline;/leveldb/util/buffer_test.go/BenchmarkBufferFullSmallReads;135345;3424;3
0-2-0;Baseline;/leveldb/util/buffer_test.go/BenchmarkBufferNotEmptyWriteRead;438807;4704;3
0-2-0;Baseline;/leveldb/util/buffer_test.go/BenchmarkBufferFullSmallReads;135966;3424;3
0-2-0;Baseline;/leveldb/bench_test.go/BenchmarkDBWrite;3718;129;3
0-2-0;Baseline;/leveldb/bench_test.go/BenchmarkDBWriteBatch;1342;35;0
0-2-0;Baseline;/leveldb/bench_test.go/BenchmarkDBWriteUncompressed;3690;128;3
0-2-0;Baseline;/leveldb/bench_test.go/BenchmarkDBWriteBatchUncompressed;1347;34;0
0-2-0;Baseline;/leveldb/bench_test.go/BenchmarkDBWriteRandom;4767;185;3
0-2-0;Baseline;/leveldb/bench_test.go/BenchmarkDBWriteRandomSync;4086;129;3
0-2-0;Baseline;/leveldb/bench_test.go/BenchmarkDBOverwrite;3717;108;3
0-2-0;Baseline;/leveldb/bench_test.go/BenchmarkDBOverwriteRandom;4680;112;3
0-2-0;Baseline;/leveldb/bench_test.go/BenchmarkDBPut;4505;410;6
0-2-0;Baseline;/leveldb/bench_test.go/BenchmarkDBRead;539;19;0
0-2-0;Baseline;/leveldb/bench_test.go/BenchmarkDBReadGC;557;19;0
0-2-0;Baseline;/leveldb/bench_test.go/BenchmarkDBReadUncompressed;510;21;0
0-2-0;Baseline;/leveldb/bench_test.go/BenchmarkDBReadTable;490;19;0
0-2-0;Baseline;/leveldb/bench_test.go/BenchmarkDBReadReverse;798;75;0
0-2-0;Baseline;/leveldb/bench_test.go/BenchmarkDBReadReverseTable;781;76;0
0-2-0;Baseline;/leveldb/bench_test.go/BenchmarkDBSeek;15587;1558;18
0-2-0;Baseline;/leveldb/bench_test.go/BenchmarkDBSeekRandom;21436;1793;23
0-2-0;Baseline;/leveldb/bench_test.go/BenchmarkDBGet;6423;820;12
0-2-0;Baseline;/leveldb/bench_test.go/BenchmarkDBGetRandom;11215;1003;15
0-2-0;Baseline;/leveldb/bench_test.go/BenchmarkDBReadConcurrent;89.2;9;0
0-2-0;Baseline;/leveldb/bench_test.go/BenchmarkDBReadConcurrent2;104;40;0
0-2-0;Baseline;/leveldb/cache/bench_test.go/BenchmarkLRUCache;946;190;5
0-2-0;Baseline;/leveldb/memdb/bench_test.go/BenchmarkPut;1766;239;0
0-2-0;Baseline;/leveldb/memdb/bench_test.go/BenchmarkPutRandom;2098;239;0
0-2-0;Baseline;/leveldb/memdb/bench_test.go/BenchmarkGet;1755;0;0
0-2-0;Baseline;/leveldb/memdb/bench_test.go/BenchmarkGetRandom;2225;0;0
0-3-0;Baseline;/leveldb/cache/bench_test.go/BenchmarkLRUCache;944;190;5
0-3-0;Baseline;/leveldb/memdb/bench_test.go/BenchmarkPut;1762;239;0
0-3-0;Baseline;/leveldb/memdb/bench_test.go/BenchmarkPutRandom;2097;239;0
0-3-0;Baseline;/leveldb/memdb/bench_test.go/BenchmarkGet;1748;0;0
0-3-0;Baseline;/leveldb/memdb/bench_test.go/BenchmarkGetRandom;2212;0;0
0-3-0;Baseline;/leveldb/util/buffer_test.go/BenchmarkBufferNotEmptyWriteRead;438617;4704;3
0-3-0;Baseline;/leveldb/util/buffer_test.go/BenchmarkBufferFullSmallReads;135379;3424;3
0-3-0;Baseline;/leveldb/bench_test.go/BenchmarkDBWrite;3697;129;3
0-3-0;Baseline;/leveldb/bench_test.go/BenchmarkDBWriteBatch;1342;35;0
0-3-0;Baseline;/leveldb/bench_test.go/BenchmarkDBWriteUncompressed;3718;128;3
0-3-0;Baseline;/leveldb/bench_test.go/BenchmarkDBWriteBatchUncompressed;1346;34;0
0-3-0;Baseline;/leveldb/bench_test.go/BenchmarkDBWriteRandom;4871;185;3
0-3-0;Baseline;/leveldb/bench_test.go/BenchmarkDBWriteRandomSync;4121;129;3
0-3-0;Baseline;/leveldb/bench_test.go/BenchmarkDBOverwrite;3783;108;3
0-3-0;Baseline;/leveldb/bench_test.go/BenchmarkDBOverwriteRandom;4678;112;3
0-3-0;Baseline;/leveldb/bench_test.go/BenchmarkDBPut;4494;410;6
0-3-0;Baseline;/leveldb/bench_test.go/BenchmarkDBRead;536;19;0
0-3-0;Baseline;/leveldb/bench_test.go/BenchmarkDBReadGC;555;19;0
0-3-0;Baseline;/leveldb/bench_test.go/BenchmarkDBReadUncompressed;510;21;0
0-3-0;Baseline;/leveldb/bench_test.go/BenchmarkDBReadTable;494;19;0
0-3-0;Baseline;/leveldb/bench_test.go/BenchmarkDBReadReverse;793;75;0
0-3-0;Baseline;/leveldb/bench_test.go/BenchmarkDBReadReverseTable;779;76;0
0-3-0;Baseline;/leveldb/bench_test.go/BenchmarkDBSeek;15547;1558;18
0-3-0;Baseline;/leveldb/bench_test.go/BenchmarkDBSeekRandom;21357;1793;23
0-3-0;Baseline;/leveldb/bench_test.go/BenchmarkDBGet;6424;820;12
0-3-0;Baseline;/leveldb/bench_test.go/BenchmarkDBGetRandom;11254;1003;15
0-3-0;Baseline;/leveldb/bench_test.go/BenchmarkDBReadConcurrent;89.2;9;0
0-3-0;Baseline;/leveldb/bench_test.go/BenchmarkDBReadConcurrent2;106;41;0
0-4-0;Baseline;/leveldb/bench_test.go/BenchmarkDBWrite;3722;129;3
0-4-0;Baseline;/leveldb/bench_test.go/BenchmarkDBWriteBatch;1340;35;0
0-4-0;Baseline;/leveldb/bench_test.go/BenchmarkDBWriteUncompressed;3706;128;3
0-4-0;Baseline;/leveldb/bench_test.go/BenchmarkDBWriteBatchUncompressed;1348;34;0
0-4-0;Baseline;/leveldb/bench_test.go/BenchmarkDBWriteRandom;4757;185;3
0-4-0;Baseline;/leveldb/bench_test.go/BenchmarkDBWriteRandomSync;4091;129;3
0-4-0;Baseline;/leveldb/bench_test.go/BenchmarkDBOverwrite;3708;108;3
0-4-0;Baseline;/leveldb/bench_test.go/BenchmarkDBOverwriteRandom;4669;112;3
0-4-0;Baseline;/leveldb/bench_test.go/BenchmarkDBPut;4539;410;6
0-4-0;Baseline;/leveldb/bench_test.go/BenchmarkDBRead;538;19;0
0-4-0;Baseline;/leveldb/bench_test.go/BenchmarkDBReadGC;556;19;0
0-4-0;Baseline;/leveldb/bench_test.go/BenchmarkDBReadUncompressed;509;21;0
0-4-0;Baseline;/leveldb/bench_test.go/BenchmarkDBReadTable;489;19;0
0-4-0;Baseline;/leveldb/bench_test.go/BenchmarkDBReadReverse;794;75;0
0-4-0;Baseline;/leveldb/bench_test.go/BenchmarkDBReadReverseTable;782;76;0
0-4-0;Baseline;/leveldb/bench_test.go/BenchmarkDBSeek;15531;1558;18
0-4-0;Baseline;/leveldb/bench_test.go/BenchmarkDBSeekRandom;21314;1793;23
0-4-0;Baseline;/leveldb/bench_test.go/BenchmarkDBGet;6392;820;12
0-4-0;Baseline;/leveldb/bench_test.go/BenchmarkDBGetRandom;11241;1003;15
0-4-0;Baseline;/leveldb/bench_test.go/BenchmarkDBReadConcurrent;90.5;9;0
0-4-0;Baseline;/leveldb/bench_test.go/BenchmarkDBReadConcurrent2;100;41;0
0-4-0;Baseline;/leveldb/cache/bench_test.go/BenchmarkLRUCache;946;190;5
0-4-0;Baseline;/leveldb/memdb/bench_test.go/BenchmarkPut;1765;239;0
0-4-0;Baseline;/leveldb/memdb/bench_test.go/BenchmarkPutRandom;2102;239;0
0-4-0;Baseline;/leveldb/memdb/bench_test.go/BenchmarkGet;1742;0;0
0-4-0;Baseline;/leveldb/memdb/bench_test.go/BenchmarkGetRandom;2207;0;0
0-4-0;Baseline;/leveldb/util/buffer_test.go/BenchmarkBufferNotEmptyWriteRead;438619;4704;3
0-4-0;Baseline;/leveldb/util/buffer_test.go/BenchmarkBufferFullSmallReads;135368;3424;3
0-5-0;Baseline;/leveldb/bench_test.go/BenchmarkDBWrite;3706;129;3
0-5-0;Baseline;/leveldb/bench_test.go/BenchmarkDBWriteBatch;1341;35;0
0-5-0;Baseline;/leveldb/bench_test.go/BenchmarkDBWriteUncompressed;3704;128;3
0-5-0;Baseline;/leveldb/bench_test.go/BenchmarkDBWriteBatchUncompressed;1336;34;0
0-5-0;Baseline;/leveldb/bench_test.go/BenchmarkDBWriteRandom;4778;184;3
0-5-0;Baseline;/leveldb/bench_test.go/BenchmarkDBWriteRandomSync;4086;129;3
0-5-0;Baseline;/leveldb/bench_test.go/BenchmarkDBOverwrite;3682;108;3
0-5-0;Baseline;/leveldb/bench_test.go/BenchmarkDBOverwriteRandom;4677;111;3
0-5-0;Baseline;/leveldb/bench_test.go/BenchmarkDBPut;4501;410;6
0-5-0;Baseline;/leveldb/bench_test.go/BenchmarkDBRead;537;19;0
0-5-0;Baseline;/leveldb/bench_test.go/BenchmarkDBReadGC;563;19;0
0-5-0;Baseline;/leveldb/bench_test.go/BenchmarkDBReadUncompressed;509;21;0
0-5-0;Baseline;/leveldb/bench_test.go/BenchmarkDBReadTable;489;19;0
0-5-0;Baseline;/leveldb/bench_test.go/BenchmarkDBReadReverse;795;75;0
0-5-0;Baseline;/leveldb/bench_test.go/BenchmarkDBReadReverseTable;780;76;0
0-5-0;Baseline;/leveldb/bench_test.go/BenchmarkDBSeek;15564;1558;18
0-5-0;Baseline;/leveldb/bench_test.go/BenchmarkDBSeekRandom;21372;1793;23
0-5-0;Baseline;/leveldb/bench_test.go/BenchmarkDBGet;6404;820;12
0-5-0;Baseline;/leveldb/bench_test.go/BenchmarkDBGetRandom;11221;1003;15
0-5-0;Baseline;/leveldb/bench_test.go/BenchmarkDBReadConcurrent;89;9;0
0-5-0;Baseline;/leveldb/bench_test.go/BenchmarkDBReadConcurrent2;106;41;0
0-5-0;Baseline;/leveldb/cache/bench_test.go/BenchmarkLRUCache;947;190;5
0-5-0;Baseline;/leveldb/memdb/bench_test.go/BenchmarkPut;1762;239;0
0-5-0;Baseline;/leveldb/memdb/bench_test.go/BenchmarkPutRandom;2094;239;0
0-5-0;Baseline;/leveldb/memdb/bench_test.go/BenchmarkGet;1751;0;0
0-5-0;Baseline;/leveldb/memdb/bench_test.go/BenchmarkGetRandom;2226;0;0
0-5-0;Baseline;/leveldb/util/buffer_test.go/BenchmarkBufferNotEmptyWriteRead;438507;4704;3
0-5-0;Baseline;/leveldb/util/buffer_test.go/BenchmarkBufferFullSmallReads;135335;3424;3
0-6-0;Baseline;/leveldb/bench_test.go/BenchmarkDBWrite;3721;129;3
0-6-0;Baseline;/leveldb/bench_test.go/BenchmarkDBWriteBatch;1343;35;0
0-6-0;Baseline;/leveldb/bench_test.go/BenchmarkDBWriteUncompressed;3710;128;3
0-6-0;Baseline;/leveldb/bench_test.go/BenchmarkDBWriteBatchUncompressed;1346;34;0
0-6-0;Baseline;/leveldb/bench_test.go/BenchmarkDBWriteRandom;4759;184;3
0-6-0;Baseline;/leveldb/bench_test.go/BenchmarkDBWriteRandomSync;4104;129;3
0-6-0;Baseline;/leveldb/bench_test.go/BenchmarkDBOverwrite;3697;108;3
0-6-0;Baseline;/leveldb/bench_test.go/BenchmarkDBOverwriteRandom;4653;112;3
0-6-0;Baseline;/leveldb/bench_test.go/BenchmarkDBPut;4521;410;6
0-6-0;Baseline;/leveldb/bench_test.go/BenchmarkDBRead;537;19;0
0-6-0;Baseline;/leveldb/bench_test.go/BenchmarkDBReadGC;561;19;0
0-6-0;Baseline;/leveldb/bench_test.go/BenchmarkDBReadUncompressed;513;21;0
0-6-0;Baseline;/leveldb/bench_test.go/BenchmarkDBReadTable;490;19;0
0-6-0;Baseline;/leveldb/bench_test.go/BenchmarkDBReadReverse;795;75;0
0-6-0;Baseline;/leveldb/bench_test.go/BenchmarkDBReadReverseTable;785;76;0
0-6-0;Baseline;/leveldb/bench_test.go/BenchmarkDBSeek;15575;1558;18
0-6-0;Baseline;/leveldb/bench_test.go/BenchmarkDBSeekRandom;21265;1793;23
0-6-0;Baseline;/leveldb/bench_test.go/BenchmarkDBGet;6390;820;12
0-6-0;Baseline;/leveldb/bench_test.go/BenchmarkDBGetRandom;12244;1034;16
0-6-0;Baseline;/leveldb/bench_test.go/BenchmarkDBReadConcurrent;89.7;9;0
0-6-0;Baseline;/leveldb/bench_test.go/BenchmarkDBReadConcurrent2;104;40;0
0-6-0;Baseline;/leveldb/cache/bench_test.go/BenchmarkLRUCache;945;190;5
0-6-0;Baseline;/leveldb/memdb/bench_test.go/BenchmarkPut;1760;239;0
0-6-0;Baseline;/leveldb/memdb/bench_test.go/BenchmarkPutRandom;2096;239;0
0-6-0;Baseline;/leveldb/memdb/bench_test.go/BenchmarkGet;1755;0;0
0-6-0;Baseline;/leveldb/memdb/bench_test.go/BenchmarkGetRandom;2212;0;0
0-6-0;Baseline;/leveldb/util/buffer_test.go/BenchmarkBufferNotEmptyWriteRead;438686;4704;3
0-6-0;Baseline;/leveldb/util/buffer_test.go/BenchmarkBufferFullSmallReads;135355;3424;3
0-7-0;Baseline;/leveldb/bench_test.go/BenchmarkDBWrite;3686;129;3
0-7-0;Baseline;/leveldb/bench_test.go/BenchmarkDBWriteBatch;1330;35;0
0-7-0;Baseline;/leveldb/bench_test.go/BenchmarkDBWriteUncompressed;3813;128;3
0-7-0;Baseline;/leveldb/bench_test.go/BenchmarkDBWriteBatchUncompressed;1346;34;0
0-7-0;Baseline;/leveldb/bench_test.go/BenchmarkDBWriteRandom;4780;185;3
0-7-0;Baseline;/leveldb/bench_test.go/BenchmarkDBWriteRandomSync;4100;129;3
0-7-0;Baseline;/leveldb/bench_test.go/BenchmarkDBOverwrite;3693;108;3
0-7-0;Baseline;/leveldb/bench_test.go/BenchmarkDBOverwriteRandom;4661;111;3
0-7-0;Baseline;/leveldb/bench_test.go/BenchmarkDBPut;4498;410;6
0-7-0;Baseline;/leveldb/bench_test.go/BenchmarkDBRead;536;19;0
0-7-0;Baseline;/leveldb/bench_test.go/BenchmarkDBReadGC;562;19;0
0-7-0;Baseline;/leveldb/bench_test.go/BenchmarkDBReadUncompressed;510;21;0
0-7-0;Baseline;/leveldb/bench_test.go/BenchmarkDBReadTable;490;19;0
0-7-0;Baseline;/leveldb/bench_test.go/BenchmarkDBReadReverse;797;75;0
0-7-0;Baseline;/leveldb/bench_test.go/BenchmarkDBReadReverseTable;783;76;0
0-7-0;Baseline;/leveldb/bench_test.go/BenchmarkDBSeek;15537;1558;18
0-7-0;Baseline;/leveldb/bench_test.go/BenchmarkDBSeekRandom;21368;1793;23
0-7-0;Baseline;/leveldb/bench_test.go/BenchmarkDBGet;6396;820;12
0-7-0;Baseline;/leveldb/bench_test.go/BenchmarkDBGetRandom;11153;1003;15
0-7-0;Baseline;/leveldb/bench_test.go/BenchmarkDBReadConcurrent;89.3;9;0
0-7-0;Baseline;/leveldb/bench_test.go/BenchmarkDBReadConcurrent2;104;40;0
0-7-0;Baseline;/leveldb/cache/bench_test.go/BenchmarkLRUCache;948;190;5
0-7-0;Baseline;/leveldb/memdb/bench_test.go/BenchmarkPut;1766;239;0
0-7-0;Baseline;/leveldb/memdb/bench_test.go/BenchmarkPutRandom;2102;239;0
0-7-0;Baseline;/leveldb/memdb/bench_test.go/BenchmarkGet;1749;0;0
0-7-0;Baseline;/leveldb/memdb/bench_test.go/BenchmarkGetRandom;2206;0;0
0-7-0;Baseline;/leveldb/util/buffer_test.go/BenchmarkBufferNotEmptyWriteRead;438627;4704;3
0-7-0;Baseline;/leveldb/util/buffer_test.go/BenchmarkBufferFullSmallReads;135509;3424;3
0-8-0;Baseline;/leveldb/memdb/bench_test.go/BenchmarkPut;1762;239;0
0-8-0;Baseline;/leveldb/memdb/bench_test.go/BenchmarkPutRandom;2097;239;0
0-8-0;Baseline;/leveldb/memdb/bench_test.go/BenchmarkGet;1748;0;0
0-8-0;Baseline;/leveldb/memdb/bench_test.go/BenchmarkGetRandom;2223;0;0
0-8-0;Baseline;/leveldb/util/buffer_test.go/BenchmarkBufferNotEmptyWriteRead;438803;4704;3
0-8-0;Baseline;/leveldb/util/buffer_test.go/BenchmarkBufferFullSmallReads;135318;3424;3
0-8-0;Baseline;/leveldb/bench_test.go/BenchmarkDBWrite;3704;129;3
0-8-0;Baseline;/leveldb/bench_test.go/BenchmarkDBWriteBatch;1344;35;0
0-8-0;Baseline;/leveldb/bench_test.go/BenchmarkDBWriteUncompressed;3719;128;3
0-8-0;Baseline;/leveldb/bench_test.go/BenchmarkDBWriteBatchUncompressed;1347;34;0
0-8-0;Baseline;/leveldb/bench_test.go/BenchmarkDBWriteRandom;4789;185;3
0-8-0;Baseline;/leveldb/bench_test.go/BenchmarkDBWriteRandomSync;4079;129;3
0-8-0;Baseline;/leveldb/bench_test.go/BenchmarkDBOverwrite;3716;108;3
0-8-0;Baseline;/leveldb/bench_test.go/BenchmarkDBOverwriteRandom;4673;112;3
0-8-0;Baseline;/leveldb/bench_test.go/BenchmarkDBPut;4506;410;6
0-8-0;Baseline;/leveldb/bench_test.go/BenchmarkDBRead;539;19;0
0-8-0;Baseline;/leveldb/bench_test.go/BenchmarkDBReadGC;568;19;0
0-8-0;Baseline;/leveldb/bench_test.go/BenchmarkDBReadUncompressed;509;21;0
0-8-0;Baseline;/leveldb/bench_test.go/BenchmarkDBReadTable;492;19;0
0-8-0;Baseline;/leveldb/bench_test.go/BenchmarkDBReadReverse;795;75;0
0-8-0;Baseline;/leveldb/bench_test.go/BenchmarkDBReadReverseTable;781;76;0
0-8-0;Baseline;/leveldb/bench_test.go/BenchmarkDBSeek;15527;1558;18
0-8-0;Baseline;/leveldb/bench_test.go/BenchmarkDBSeekRandom;21364;1793;23
0-8-0;Baseline;/leveldb/bench_test.go/BenchmarkDBGet;6402;820;12
0-8-0;Baseline;/leveldb/bench_test.go/BenchmarkDBGetRandom;11255;1003;15
0-8-0;Baseline;/leveldb/bench_test.go/BenchmarkDBReadConcurrent;89.4;9;0
0-8-0;Baseline;/leveldb/bench_test.go/BenchmarkDBReadConcurrent2;104;40;0
0-8-0;Baseline;/leveldb/cache/bench_test.go/BenchmarkLRUCache;936;190;5
0-9-0;Baseline;/leveldb/cache/bench_test.go/BenchmarkLRUCache;949;190;5
0-9-0;Baseline;/leveldb/memdb/bench_test.go/BenchmarkPut;1761;239;0
0-9-0;Baseline;/leveldb/memdb/bench_test.go/BenchmarkPutRandom;2106;239;0
0-9-0;Baseline;/leveldb/memdb/bench_test.go/BenchmarkGet;1740;0;0
0-9-0;Baseline;/leveldb/memdb/bench_test.go/BenchmarkGetRandom;2211;0;0
0-9-0;Baseline;/leveldb/util/buffer_test.go/BenchmarkBufferNotEmptyWriteRead;438727;4704;3
0-9-0;Baseline;/leveldb/util/buffer_test.go/BenchmarkBufferFullSmallReads;135493;3424;3
0-9-0;Baseline;/leveldb/bench_test.go/BenchmarkDBWrite;3692;129;3
0-9-0;Baseline;/leveldb/bench_test.go/BenchmarkDBWriteBatch;1341;35;0
0-9-0;Baseline;/leveldb/bench_test.go/BenchmarkDBWriteUncompressed;3727;128;3
0-9-0;Baseline;/leveldb/bench_test.go/BenchmarkDBWriteBatchUncompressed;1336;34;0
0-9-0;Baseline;/leveldb/bench_test.go/BenchmarkDBWriteRandom;4777;184;3
0-9-0;Baseline;/leveldb/bench_test.go/BenchmarkDBWriteRandomSync;4069;129;3
0-9-0;Baseline;/leveldb/bench_test.go/BenchmarkDBOverwrite;3722;108;3
0-9-0;Baseline;/leveldb/bench_test.go/BenchmarkDBOverwriteRandom;4661;111;3
0-9-0;Baseline;/leveldb/bench_test.go/BenchmarkDBPut;4472;410;6
0-9-0;Baseline;/leveldb/bench_test.go/BenchmarkDBRead;536;19;0
0-9-0;Baseline;/leveldb/bench_test.go/BenchmarkDBReadGC;553;19;0
0-9-0;Baseline;/leveldb/bench_test.go/BenchmarkDBReadUncompressed;509;21;0
0-9-0;Baseline;/leveldb/bench_test.go/BenchmarkDBReadTable;491;19;0
0-9-0;Baseline;/leveldb/bench_test.go/BenchmarkDBReadReverse;794;75;0
0-9-0;Baseline;/leveldb/bench_test.go/BenchmarkDBReadReverseTable;777;76;0
0-9-0;Baseline;/leveldb/bench_test.go/BenchmarkDBSeek;15568;1558;18
0-9-0;Baseline;/leveldb/bench_test.go/BenchmarkDBSeekRandom;21267;1793;23
0-9-0;Baseline;/leveldb/bench_test.go/BenchmarkDBGet;6413;820;12
0-9-0;Baseline;/leveldb/bench_test.go/BenchmarkDBGetRandom;11203;1003;15
0-9-0;Baseline;/leveldb/bench_test.go/BenchmarkDBReadConcurrent;90.6;9;0
0-9-0;Baseline;/leveldb/bench_test.go/BenchmarkDBReadConcurrent2;103;40;0
0-10-0;Baseline;/leveldb/memdb/bench_test.go/BenchmarkPut;1761;239;0
0-10-0;Baseline;/leveldb/memdb/bench_test.go/BenchmarkPutRandom;2101;239;0
0-10-0;Baseline;/leveldb/memdb/bench_test.go/BenchmarkGet;1739;0;0
0-10-0;Baseline;/leveldb/memdb/bench_test.go/BenchmarkGetRandom;2206;0;0
0-10-0;Baseline;/leveldb/util/buffer_test.go/BenchmarkBufferNotEmptyWriteRead;438735;4704;3
0-10-0;Baseline;/leveldb/util/buffer_test.go/BenchmarkBufferFullSmallReads;135335;3424;3
0-10-0;Baseline;/leveldb/bench_test.go/BenchmarkDBWrite;3724;129;3
0-10-0;Baseline;/leveldb/bench_test.go/BenchmarkDBWriteBatch;1332;35;0
0-10-0;Baseline;/leveldb/bench_test.go/BenchmarkDBWriteUncompressed;3704;128;3
0-10-0;Baseline;/leveldb/bench_test.go/BenchmarkDBWriteBatchUncompressed;1346;34;0
0-10-0;Baseline;/leveldb/bench_test.go/BenchmarkDBWriteRandom;4779;185;3
0-10-0;Baseline;/leveldb/bench_test.go/BenchmarkDBWriteRandomSync;4083;129;3
0-10-0;Baseline;/leveldb/bench_test.go/BenchmarkDBOverwrite;3689;108;3
0-10-0;Baseline;/leveldb/bench_test.go/BenchmarkDBOverwriteRandom;4668;112;3
0-10-0;Baseline;/leveldb/bench_test.go/BenchmarkDBPut;4502;410;6
0-10-0;Baseline;/leveldb/bench_test.go/BenchmarkDBRead;539;19;0
0-10-0;Baseline;/leveldb/bench_test.go/BenchmarkDBReadGC;555;19;0
0-10-0;Baseline;/leveldb/bench_test.go/BenchmarkDBReadUncompressed;515;21;0
0-10-0;Baseline;/leveldb/bench_test.go/BenchmarkDBReadTable;490;19;0
0-10-0;Baseline;/leveldb/bench_test.go/BenchmarkDBReadReverse;793;75;0
0-10-0;Baseline;/leveldb/bench_test.go/BenchmarkDBReadReverseTable;782;76;0
0-10-0;Baseline;/leveldb/bench_test.go/BenchmarkDBSeek;15568;1558;18
0-10-0;Baseline;/leveldb/bench_test.go/BenchmarkDBSeekRandom;21308;1793;23
0-10-0;Baseline;/leveldb/bench_test.go/BenchmarkDBGet;6399;820;12
0-10-0;Baseline;/leveldb/bench_test.go/BenchmarkDBGetRandom;11193;1003;15
0-10-0;Baseline;/leveldb/bench_test.go/BenchmarkDBReadConcurrent;89.3;9;0
0-10-0;Baseline;/leveldb/bench_test.go/BenchmarkDBReadConcurrent2;104;40;0
0-10-0;Baseline;/leveldb/cache/bench_test.go/BenchmarkLRUCache;943;190;5
0-11-0;Baseline;/leveldb/bench_test.go/BenchmarkDBWrite;3708;129;3
0-11-0;Baseline;/leveldb/bench_test.go/BenchmarkDBWriteBatch;1341;35;0
0-11-0;Baseline;/leveldb/bench_test.go/BenchmarkDBWriteUncompressed;3716;128;3
0-11-0;Baseline;/leveldb/bench_test.go/BenchmarkDBWriteBatchUncompressed;1345;34;0
0-11-0;Baseline;/leveldb/bench_test.go/BenchmarkDBWriteRandom;4773;184;3
0-11-0;Baseline;/leveldb/bench_test.go/BenchmarkDBWriteRandomSync;4062;129;3
0-11-0;Baseline;/leveldb/bench_test.go/BenchmarkDBOverwrite;3712;108;3
0-11-0;Baseline;/leveldb/bench_test.go/BenchmarkDBOverwriteRandom;4690;112;3
0-11-0;Baseline;/leveldb/bench_test.go/BenchmarkDBPut;4536;410;6
0-11-0;Baseline;/leveldb/bench_test.go/BenchmarkDBRead;539;19;0
0-11-0;Baseline;/leveldb/bench_test.go/BenchmarkDBReadGC;563;19;0
0-11-0;Baseline;/leveldb/bench_test.go/BenchmarkDBReadUncompressed;509;21;0
0-11-0;Baseline;/leveldb/bench_test.go/BenchmarkDBReadTable;490;19;0
0-11-0;Baseline;/leveldb/bench_test.go/BenchmarkDBReadReverse;795;75;0
0-11-0;Baseline;/leveldb/bench_test.go/BenchmarkDBReadReverseTable;780;76;0
0-11-0;Baseline;/leveldb/bench_test.go/BenchmarkDBSeek;15557;1558;18
0-11-0;Baseline;/leveldb/bench_test.go/BenchmarkDBSeekRandom;21299;1793;23
0-11-0;Baseline;/leveldb/bench_test.go/BenchmarkDBGet;6419;820;12
0-11-0;Baseline;/leveldb/bench_test.go/BenchmarkDBGetRandom;11239;1003;15
0-11-0;Baseline;/leveldb/bench_test.go/BenchmarkDBReadConcurrent;90;9;0
0-11-0;Baseline;/leveldb/bench_test.go/BenchmarkDBReadConcurrent2;104;40;0
0-11-0;Baseline;/leveldb/cache/bench_test.go/BenchmarkLRUCache;948;190;5
0-11-0;Baseline;/leveldb/memdb/bench_test.go/BenchmarkPut;1779;239;0
0-11-0;Baseline;/leveldb/memdb/bench_test.go/BenchmarkPutRandom;2096;239;0
0-11-0;Baseline;/leveldb/memdb/bench_test.go/BenchmarkGet;1751;0;0
0-11-0;Baseline;/leveldb/memdb/bench_test.go/BenchmarkGetRandom;2212;0;0
0-11-0;Baseline;/leveldb/util/buffer_test.go/BenchmarkBufferNotEmptyWriteRead;438860;4704;3
0-11-0;Baseline;/leveldb/util/buffer_test.go/BenchmarkBufferFullSmallReads;135347;3424;3
0-12-0;Baseline;/leveldb/memdb/bench_test.go/BenchmarkPut;1783;239;0
0-12-0;Baseline;/leveldb/memdb/bench_test.go/BenchmarkPutRandom;2102;239;0
0-12-0;Baseline;/leveldb/memdb/bench_test.go/BenchmarkGet;1736;0;0
0-12-0;Baseline;/leveldb/memdb/bench_test.go/BenchmarkGetRandom;2221;0;0
0-12-0;Baseline;/leveldb/util/buffer_test.go/BenchmarkBufferNotEmptyWriteRead;438731;4704;3
0-12-0;Baseline;/leveldb/util/buffer_test.go/BenchmarkBufferFullSmallReads;135412;3424;3
0-12-0;Baseline;/leveldb/bench_test.go/BenchmarkDBWrite;3703;129;3
0-12-0;Baseline;/leveldb/bench_test.go/BenchmarkDBWriteBatch;1341;35;0
0-12-0;Baseline;/leveldb/bench_test.go/BenchmarkDBWriteUncompressed;3724;128;3
0-12-0;Baseline;/leveldb/bench_test.go/BenchmarkDBWriteBatchUncompressed;1344;34;0
0-12-0;Baseline;/leveldb/bench_test.go/BenchmarkDBWriteRandom;4748;184;3
0-12-0;Baseline;/leveldb/bench_test.go/BenchmarkDBWriteRandomSync;4072;170;3
0-12-0;Baseline;/leveldb/bench_test.go/BenchmarkDBOverwrite;3726;108;3
0-12-0;Baseline;/leveldb/bench_test.go/BenchmarkDBOverwriteRandom;4683;111;3
0-12-0;Baseline;/leveldb/bench_test.go/BenchmarkDBPut;4501;410;6
0-12-0;Baseline;/leveldb/bench_test.go/BenchmarkDBRead;538;19;0
0-12-0;Baseline;/leveldb/bench_test.go/BenchmarkDBReadGC;558;19;0
0-12-0;Baseline;/leveldb/bench_test.go/BenchmarkDBReadUncompressed;509;21;0
0-12-0;Baseline;/leveldb/bench_test.go/BenchmarkDBReadTable;490;19;0
0-12-0;Baseline;/leveldb/bench_test.go/BenchmarkDBReadReverse;795;75;0
0-12-0;Baseline;/leveldb/bench_test.go/BenchmarkDBReadReverseTable;784;76;0
0-12-0;Baseline;/leveldb/bench_test.go/BenchmarkDBSeek;15622;1558;18
0-12-0;Baseline;/leveldb/bench_test.go/BenchmarkDBSeekRandom;21387;1793;23
0-12-0;Baseline;/leveldb/bench_test.go/BenchmarkDBGet;6433;820;12
0-12-0;Baseline;/leveldb/bench_test.go/BenchmarkDBGetRandom;11183;1003;15
0-12-0;Baseline;/leveldb/bench_test.go/BenchmarkDBReadConcurrent;88.8;9;0
0-12-0;Baseline;/leveldb/bench_test.go/BenchmarkDBReadConcurrent2;106;41;0
0-12-0;Baseline;/leveldb/cache/bench_test.go/BenchmarkLRUCache;955;190;5
0-13-0;Baseline;/leveldb/bench_test.go/BenchmarkDBWrite;3692;129;3
0-13-0;Baseline;/leveldb/bench_test.go/BenchmarkDBWriteBatch;1341;35;0
0-13-0;Baseline;/leveldb/bench_test.go/BenchmarkDBWriteUncompressed;3689;128;3
0-13-0;Baseline;/leveldb/bench_test.go/BenchmarkDBWriteBatchUncompressed;1347;34;0
0-13-0;Baseline;/leveldb/bench_test.go/BenchmarkDBWriteRandom;4778;185;3
0-13-0;Baseline;/leveldb/bench_test.go/BenchmarkDBWriteRandomSync;4064;129;3
0-13-0;Baseline;/leveldb/bench_test.go/BenchmarkDBOverwrite;3706;108;3
0-13-0;Baseline;/leveldb/bench_test.go/BenchmarkDBOverwriteRandom;4673;112;3
0-13-0;Baseline;/leveldb/bench_test.go/BenchmarkDBPut;4523;410;6
0-13-0;Baseline;/leveldb/bench_test.go/BenchmarkDBRead;537;19;0
0-13-0;Baseline;/leveldb/bench_test.go/BenchmarkDBReadGC;563;19;0
0-13-0;Baseline;/leveldb/bench_test.go/BenchmarkDBReadUncompressed;512;21;0
0-13-0;Baseline;/leveldb/bench_test.go/BenchmarkDBReadTable;489;19;0
0-13-0;Baseline;/leveldb/bench_test.go/BenchmarkDBReadReverse;796;75;0
0-13-0;Baseline;/leveldb/bench_test.go/BenchmarkDBReadReverseTable;781;76;0
0-13-0;Baseline;/leveldb/bench_test.go/BenchmarkDBSeek;15567;1558;18
0-13-0;Baseline;/leveldb/bench_test.go/BenchmarkDBSeekRandom;21318;1793;23
0-13-0;Baseline;/leveldb/bench_test.go/BenchmarkDBGet;6436;820;12
0-13-0;Baseline;/leveldb/bench_test.go/BenchmarkDBGetRandom;11175;1003;15
0-13-0;Baseline;/leveldb/bench_test.go/BenchmarkDBReadConcurrent;93.2;9;0
0-13-0;Baseline;/leveldb/bench_test.go/BenchmarkDBReadConcurrent2;103;40;0
0-13-0;Baseline;/leveldb/cache/bench_test.go/BenchmarkLRUCache;946;190;5
0-13-0;Baseline;/leveldb/memdb/bench_test.go/BenchmarkPut;1764;239;0
0-13-0;Baseline;/leveldb/memdb/bench_test.go/BenchmarkPutRandom;2119;239;0
0-13-0;Baseline;/leveldb/memdb/bench_test.go/BenchmarkGet;1749;0;0
0-13-0;Baseline;/leveldb/memdb/bench_test.go/BenchmarkGetRandom;2201;0;0
0-13-0;Baseline;/leveldb/util/buffer_test.go/BenchmarkBufferNotEmptyWriteRead;438763;4704;3
0-13-0;Baseline;/leveldb/util/buffer_test.go/BenchmarkBufferFullSmallReads;135352;3424;3
0-14-0;Baseline;/leveldb/bench_test.go/BenchmarkDBWrite;3714;129;3
0-14-0;Baseline;/leveldb/bench_test.go/BenchmarkDBWriteBatch;1345;35;0
0-14-0;Baseline;/leveldb/bench_test.go/BenchmarkDBWriteUncompressed;3708;128;3
0-14-0;Baseline;/leveldb/bench_test.go/BenchmarkDBWriteBatchUncompressed;1345;34;0
0-14-0;Baseline;/leveldb/bench_test.go/BenchmarkDBWriteRandom;4814;185;3
0-14-0;Baseline;/leveldb/bench_test.go/BenchmarkDBWriteRandomSync;4103;129;3
0-14-0;Baseline;/leveldb/bench_test.go/BenchmarkDBOverwrite;3682;108;3
0-14-0;Baseline;/leveldb/bench_test.go/BenchmarkDBOverwriteRandom;4645;111;3
0-14-0;Baseline;/leveldb/bench_test.go/BenchmarkDBPut;4501;410;6
0-14-0;Baseline;/leveldb/bench_test.go/BenchmarkDBRead;539;19;0
0-14-0;Baseline;/leveldb/bench_test.go/BenchmarkDBReadGC;549;19;0
0-14-0;Baseline;/leveldb/bench_test.go/BenchmarkDBReadUncompressed;510;21;0
0-14-0;Baseline;/leveldb/bench_test.go/BenchmarkDBReadTable;490;19;0
0-14-0;Baseline;/leveldb/bench_test.go/BenchmarkDBReadReverse;796;75;0
0-14-0;Baseline;/leveldb/bench_test.go/BenchmarkDBReadReverseTable;784;76;0
0-14-0;Baseline;/leveldb/bench_test.go/BenchmarkDBSeek;15557;1558;18
0-14-0;Baseline;/leveldb/bench_test.go/BenchmarkDBSeekRandom;21249;1793;23
0-14-0;Baseline;/leveldb/bench_test.go/BenchmarkDBGet;6409;820;12
0-14-0;Baseline;/leveldb/bench_test.go/BenchmarkDBGetRandom;11230;1003;15
0-14-0;Baseline;/leveldb/bench_test.go/BenchmarkDBReadConcurrent;92.6;9;0
0-14-0;Baseline;/leveldb/bench_test.go/BenchmarkDBReadConcurrent2;104;40;0
0-14-0;Baseline;/leveldb/cache/bench_test.go/BenchmarkLRUCache;945;190;5
0-14-0;Baseline;/leveldb/memdb/bench_test.go/BenchmarkPut;1766;239;0
0-14-0;Baseline;/leveldb/memdb/bench_test.go/BenchmarkPutRandom;2096;239;0
0-14-0;Baseline;/leveldb/memdb/bench_test.go/BenchmarkGet;1752;0;0
0-14-0;Baseline;/leveldb/memdb/bench_test.go/BenchmarkGetRandom;2218;0;0
0-14-0;Baseline;/leveldb/util/buffer_test.go/BenchmarkBufferNotEmptyWriteRead;438715;4704;3
0-14-0;Baseline;/leveldb/util/buffer_test.go/BenchmarkBufferFullSmallReads;135351;3424;3
0-15-0;Baseline;/leveldb/util/buffer_test.go/BenchmarkBufferNotEmptyWriteRead;438735;4704;3
0-15-0;Baseline;/leveldb/util/buffer_test.go/BenchmarkBufferFullSmallReads;135411;3424;3
0-15-0;Baseline;/leveldb/bench_test.go/BenchmarkDBWrite;3743;129;3
0-15-0;Baseline;/leveldb/bench_test.go/BenchmarkDBWriteBatch;1342;35;0
0-15-0;Baseline;/leveldb/bench_test.go/BenchmarkDBWriteUncompressed;3710;128;3
0-15-0;Baseline;/leveldb/bench_test.go/BenchmarkDBWriteBatchUncompressed;1345;34;0
0-15-0;Baseline;/leveldb/bench_test.go/BenchmarkDBWriteRandom;4758;185;3
0-15-0;Baseline;/leveldb/bench_test.go/BenchmarkDBWriteRandomSync;4088;129;3
0-15-0;Baseline;/leveldb/bench_test.go/BenchmarkDBOverwrite;3673;108;3
0-15-0;Baseline;/leveldb/bench_test.go/BenchmarkDBOverwriteRandom;4673;111;3
0-15-0;Baseline;/leveldb/bench_test.go/BenchmarkDBPut;4531;410;6
0-15-0;Baseline;/leveldb/bench_test.go/BenchmarkDBRead;540;19;0
0-15-0;Baseline;/leveldb/bench_test.go/BenchmarkDBReadGC;562;19;0
0-15-0;Baseline;/leveldb/bench_test.go/BenchmarkDBReadUncompressed;513;21;0
0-15-0;Baseline;/leveldb/bench_test.go/BenchmarkDBReadTable;490;19;0
0-15-0;Baseline;/leveldb/bench_test.go/BenchmarkDBReadReverse;794;75;0
0-15-0;Baseline;/leveldb/bench_test.go/BenchmarkDBReadReverseTable;784;76;0
0-15-0;Baseline;/leveldb/bench_test.go/BenchmarkDBSeek;15566;1558;18
0-15-0;Baseline;/leveldb/bench_test.go/BenchmarkDBSeekRandom;21276;1793;23
0-15-0;Baseline;/leveldb/bench_test.go/BenchmarkDBGet;6413;820;12
0-15-0;Baseline;/leveldb/bench_test.go/BenchmarkDBGetRandom;11112;1003;15
0-15-0;Baseline;/leveldb/bench_test.go/BenchmarkDBReadConcurrent;90.2;9;0
0-15-0;Baseline;/leveldb/bench_test.go/BenchmarkDBReadConcurrent2;104;40;0
0-15-0;Baseline;/leveldb/cache/bench_test.go/BenchmarkLRUCache;951;190;5
0-15-0;Baseline;/leveldb/memdb/bench_test.go/BenchmarkPut;1770;239;0
0-15-0;Baseline;/leveldb/memdb/bench_test.go/BenchmarkPutRandom;2098;239;0
0-15-0;Baseline;/leveldb/memdb/bench_test.go/BenchmarkGet;1749;0;0
0-15-0;Baseline;/leveldb/memdb/bench_test.go/BenchmarkGetRandom;2204;0;0
0-16-0;Baseline;/leveldb/bench_test.go/BenchmarkDBWrite;3714;129;3
0-16-0;Baseline;/leveldb/bench_test.go/BenchmarkDBWriteBatch;1341;35;0
0-16-0;Baseline;/leveldb/bench_test.go/BenchmarkDBWriteUncompressed;3706;128;3
0-16-0;Baseline;/leveldb/bench_test.go/BenchmarkDBWriteBatchUncompressed;1347;34;0
0-16-0;Baseline;/leveldb/bench_test.go/BenchmarkDBWriteRandom;4739;184;3
0-16-0;Baseline;/leveldb/bench_test.go/BenchmarkDBWriteRandomSync;4066;129;3
0-16-0;Baseline;/leveldb/bench_test.go/BenchmarkDBOverwrite;3713;108;3
0-16-0;Baseline;/leveldb/bench_test.go/BenchmarkDBOverwriteRandom;4687;111;3
0-16-0;Baseline;/leveldb/bench_test.go/BenchmarkDBPut;4549;410;6
0-16-0;Baseline;/leveldb/bench_test.go/BenchmarkDBRead;538;19;0
0-16-0;Baseline;/leveldb/bench_test.go/BenchmarkDBReadGC;556;19;0
0-16-0;Baseline;/leveldb/bench_test.go/BenchmarkDBReadUncompressed;510;21;0
0-16-0;Baseline;/leveldb/bench_test.go/BenchmarkDBReadTable;490;19;0
0-16-0;Baseline;/leveldb/bench_test.go/BenchmarkDBReadReverse;797;75;0
0-16-0;Baseline;/leveldb/bench_test.go/BenchmarkDBReadReverseTable;781;76;0
0-16-0;Baseline;/leveldb/bench_test.go/BenchmarkDBSeek;15552;1558;18
0-16-0;Baseline;/leveldb/bench_test.go/BenchmarkDBSeekRandom;21325;1793;23
0-16-0;Baseline;/leveldb/bench_test.go/BenchmarkDBGet;6395;820;12
0-16-0;Baseline;/leveldb/bench_test.go/BenchmarkDBGetRandom;11117;1003;15
0-16-0;Baseline;/leveldb/bench_test.go/BenchmarkDBReadConcurrent;89.8;9;0
0-16-0;Baseline;/leveldb/bench_test.go/BenchmarkDBReadConcurrent2;107;41;0
0-16-0;Baseline;/leveldb/cache/bench_test.go/BenchmarkLRUCache;946;190;5
0-16-0;Baseline;/leveldb/memdb/bench_test.go/BenchmarkPut;1765;239;0
0-16-0;Baseline;/leveldb/memdb/bench_test.go/BenchmarkPutRandom;2110;239;0
0-16-0;Baseline;/leveldb/memdb/bench_test.go/BenchmarkGet;1752;0;0
0-16-0;Baseline;/leveldb/memdb/bench_test.go/BenchmarkGetRandom;2215;0;0
0-16-0;Baseline;/leveldb/util/buffer_test.go/BenchmarkBufferNotEmptyWriteRead;438621;4704;3
0-16-0;Baseline;/leveldb/util/buffer_test.go/BenchmarkBufferFullSmallReads;135314;3424;3
0-17-0;Baseline;/leveldb/bench_test.go/BenchmarkDBWrite;3720;129;3
0-17-0;Baseline;/leveldb/bench_test.go/BenchmarkDBWriteBatch;1331;35;0
0-17-0;Baseline;/leveldb/bench_test.go/BenchmarkDBWriteUncompressed;3729;128;3
0-17-0;Baseline;/leveldb/bench_test.go/BenchmarkDBWriteBatchUncompressed;1347;34;0
0-17-0;Baseline;/leveldb/bench_test.go/BenchmarkDBWriteRandom;4829;184;3
0-17-0;Baseline;/leveldb/bench_test.go/BenchmarkDBWriteRandomSync;4079;129;3
0-17-0;Baseline;/leveldb/bench_test.go/BenchmarkDBOverwrite;3714;108;3
0-17-0;Baseline;/leveldb/bench_test.go/BenchmarkDBOverwriteRandom;4705;112;3
0-17-0;Baseline;/leveldb/bench_test.go/BenchmarkDBPut;4490;410;6
0-17-0;Baseline;/leveldb/bench_test.go/BenchmarkDBRead;539;19;0
0-17-0;Baseline;/leveldb/bench_test.go/BenchmarkDBReadGC;554;19;0
0-17-0;Baseline;/leveldb/bench_test.go/BenchmarkDBReadUncompressed;510;21;0
0-17-0;Baseline;/leveldb/bench_test.go/BenchmarkDBReadTable;489;19;0
0-17-0;Baseline;/leveldb/bench_test.go/BenchmarkDBReadReverse;798;75;0
0-17-0;Baseline;/leveldb/bench_test.go/BenchmarkDBReadReverseTable;784;76;0
0-17-0;Baseline;/leveldb/bench_test.go/BenchmarkDBSeek;15543;1558;18
0-17-0;Baseline;/leveldb/bench_test.go/BenchmarkDBSeekRandom;21289;1793;23
0-17-0;Baseline;/leveldb/bench_test.go/BenchmarkDBGet;6416;820;12
0-17-0;Baseline;/leveldb/bench_test.go/BenchmarkDBGetRandom;12235;1034;16
0-17-0;Baseline;/leveldb/bench_test.go/BenchmarkDBReadConcurrent;89.3;9;0
0-17-0;Baseline;/leveldb/bench_test.go/BenchmarkDBReadConcurrent2;100;41;0
0-17-0;Baseline;/leveldb/cache/bench_test.go/BenchmarkLRUCache;946;190;5
0-17-0;Baseline;/leveldb/memdb/bench_test.go/BenchmarkPut;1764;239;0
0-17-0;Baseline;/leveldb/memdb/bench_test.go/BenchmarkPutRandom;2100;239;0
0-17-0;Baseline;/leveldb/memdb/bench_test.go/BenchmarkGet;1746;0;0
0-17-0;Baseline;/leveldb/memdb/bench_test.go/BenchmarkGetRandom;2214;0;0
0-17-0;Baseline;/leveldb/util/buffer_test.go/BenchmarkBufferNotEmptyWriteRead;438701;4704;3
0-17-0;Baseline;/leveldb/util/buffer_test.go/BenchmarkBufferFullSmallReads;135407;3424;3
0-18-0;Baseline;/leveldb/bench_test.go/BenchmarkDBWrite;3705;129;3
0-18-0;Baseline;/leveldb/bench_test.go/BenchmarkDBWriteBatch;1340;35;0
0-18-0;Baseline;/leveldb/bench_test.go/BenchmarkDBWriteUncompressed;3726;128;3
0-18-0;Baseline;/leveldb/bench_test.go/BenchmarkDBWriteBatchUncompressed;1344;34;0
0-18-0;Baseline;/leveldb/bench_test.go/BenchmarkDBWriteRandom;4765;185;3
0-18-0;Baseline;/leveldb/bench_test.go/BenchmarkDBWriteRandomSync;4074;129;3
0-18-0;Baseline;/leveldb/bench_test.go/BenchmarkDBOverwrite;3732;108;3
0-18-0;Baseline;/leveldb/bench_test.go/BenchmarkDBOverwriteRandom;4689;111;3
0-18-0;Baseline;/leveldb/bench_test.go/BenchmarkDBPut;5001;410;6
0-18-0;Baseline;/leveldb/bench_test.go/BenchmarkDBRead;541;19;0
0-18-0;Baseline;/leveldb/bench_test.go/BenchmarkDBReadGC;559;19;0
0-18-0;Baseline;/leveldb/bench_test.go/BenchmarkDBReadUncompressed;510;21;0
0-18-0;Baseline;/leveldb/bench_test.go/BenchmarkDBReadTable;490;19;0
0-18-0;Baseline;/leveldb/bench_test.go/BenchmarkDBReadReverse;807;75;0
0-18-0;Baseline;/leveldb/bench_test.go/BenchmarkDBReadReverseTable;782;76;0
0-18-0;Baseline;/leveldb/bench_test.go/BenchmarkDBSeek;15521;1558;18
0-18-0;Baseline;/leveldb/bench_test.go/BenchmarkDBSeekRandom;21318;1793;23
0-18-0;Baseline;/leveldb/bench_test.go/BenchmarkDBGet;6427;820;12
0-18-0;Baseline;/leveldb/bench_test.go/BenchmarkDBGetRandom;12175;1034;16
0-18-0;Baseline;/leveldb/bench_test.go/BenchmarkDBReadConcurrent;91.1;9;0
0-18-0;Baseline;/leveldb/bench_test.go/BenchmarkDBReadConcurrent2;104;40;0
0-18-0;Baseline;/leveldb/cache/bench_test.go/BenchmarkLRUCache;947;190;5
0-18-0;Baseline;/leveldb/memdb/bench_test.go/BenchmarkPut;1765;239;0
0-18-0;Baseline;/leveldb/memdb/bench_test.go/BenchmarkPutRandom;2115;239;0
0-18-0;Baseline;/leveldb/memdb/bench_test.go/BenchmarkGet;1750;0;0
0-18-0;Baseline;/leveldb/memdb/bench_test.go/BenchmarkGetRandom;2212;0;0
0-18-0;Baseline;/leveldb/util/buffer_test.go/BenchmarkBufferNotEmptyWriteRead;438660;4704;3
0-18-0;Baseline;/leveldb/util/buffer_test.go/BenchmarkBufferFullSmallReads;135355;3424;3
0-19-0;Baseline;/leveldb/bench_test.go/BenchmarkDBWrite;3696;129;3
0-19-0;Baseline;/leveldb/bench_test.go/BenchmarkDBWriteBatch;1331;35;0
0-19-0;Baseline;/leveldb/bench_test.go/BenchmarkDBWriteUncompressed;3712;128;3
0-19-0;Baseline;/leveldb/bench_test.go/BenchmarkDBWriteBatchUncompressed;1346;34;0
0-19-0;Baseline;/leveldb/bench_test.go/BenchmarkDBWriteRandom;4756;184;3
0-19-0;Baseline;/leveldb/bench_test.go/BenchmarkDBWriteRandomSync;4072;129;3
0-19-0;Baseline;/leveldb/bench_test.go/BenchmarkDBOverwrite;3703;108;3
0-19-0;Baseline;/leveldb/bench_test.go/BenchmarkDBOverwriteRandom;4687;112;3
0-19-0;Baseline;/leveldb/bench_test.go/BenchmarkDBPut;4554;410;6
0-19-0;Baseline;/leveldb/bench_test.go/BenchmarkDBRead;537;19;0
0-19-0;Baseline;/leveldb/bench_test.go/BenchmarkDBReadGC;558;19;0
0-19-0;Baseline;/leveldb/bench_test.go/BenchmarkDBReadUncompressed;511;21;0
0-19-0;Baseline;/leveldb/bench_test.go/BenchmarkDBReadTable;490;19;0
0-19-0;Baseline;/leveldb/bench_test.go/BenchmarkDBReadReverse;798;75;0
0-19-0;Baseline;/leveldb/bench_test.go/BenchmarkDBReadReverseTable;779;76;0
0-19-0;Baseline;/leveldb/bench_test.go/BenchmarkDBSeek;15548;1558;18
0-19-0;Baseline;/leveldb/bench_test.go/BenchmarkDBSeekRandom;21350;1793;23
0-19-0;Baseline;/leveldb/bench_test.go/BenchmarkDBGet;6419;820;12
0-19-0;Baseline;/leveldb/bench_test.go/BenchmarkDBGetRandom;11244;1003;15
0-19-0;Baseline;/leveldb/bench_test.go/BenchmarkDBReadConcurrent;88.6;9;0
0-19-0;Baseline;/leveldb/bench_test.go/BenchmarkDBReadConcurrent2;104;40;0
0-19-0;Baseline;/leveldb/cache/bench_test.go/BenchmarkLRUCache;951;190;5
0-19-0;Baseline;/leveldb/memdb/bench_test.go/BenchmarkPut;1769;239;0
0-19-0;Baseline;/leveldb/memdb/bench_test.go/BenchmarkPutRandom;2098;239;0
0-19-0;Baseline;/leveldb/memdb/bench_test.go/BenchmarkGet;1750;0;0
0-19-0;Baseline;/leveldb/memdb/bench_test.go/BenchmarkGetRandom;2203;0;0
0-19-0;Baseline;/leveldb/util/buffer_test.go/BenchmarkBufferNotEmptyWriteRead;438737;4704;3
0-19-0;Baseline;/leveldb/util/buffer_test.go/BenchmarkBufferFullSmallReads;135371;3424;3
0-20-0;Baseline;/leveldb/cache/bench_test.go/BenchmarkLRUCache;944;190;5
0-20-0;Baseline;/leveldb/memdb/bench_test.go/BenchmarkPut;1785;239;0
0-20-0;Baseline;/leveldb/memdb/bench_test.go/BenchmarkPutRandom;2096;239;0
0-20-0;Baseline;/leveldb/memdb/bench_test.go/BenchmarkGet;1757;0;0
0-20-0;Baseline;/leveldb/memdb/bench_test.go/BenchmarkGetRandom;2219;0;0
0-20-0;Baseline;/leveldb/util/buffer_test.go/BenchmarkBufferNotEmptyWriteRead;438756;4704;3
0-20-0;Baseline;/leveldb/util/buffer_test.go/BenchmarkBufferFullSmallReads;135330;3424;3
0-20-0;Baseline;/leveldb/bench_test.go/BenchmarkDBWrite;3717;129;3
0-20-0;Baseline;/leveldb/bench_test.go/BenchmarkDBWriteBatch;1330;35;0
0-20-0;Baseline;/leveldb/bench_test.go/BenchmarkDBWriteUncompressed;3685;128;3
0-20-0;Baseline;/leveldb/bench_test.go/BenchmarkDBWriteBatchUncompressed;1345;34;0
0-20-0;Baseline;/leveldb/bench_test.go/BenchmarkDBWriteRandom;4765;185;3
0-20-0;Baseline;/leveldb/bench_test.go/BenchmarkDBWriteRandomSync;4107;129;3
0-20-0;Baseline;/leveldb/bench_test.go/BenchmarkDBOverwrite;3705;108;3
0-20-0;Baseline;/leveldb/bench_test.go/BenchmarkDBOverwriteRandom;4674;112;3
0-20-0;Baseline;/leveldb/bench_test.go/BenchmarkDBPut;4565;410;6
0-20-0;Baseline;/leveldb/bench_test.go/BenchmarkDBRead;540;19;0
0-20-0;Baseline;/leveldb/bench_test.go/BenchmarkDBReadGC;567;19;0
0-20-0;Baseline;/leveldb/bench_test.go/BenchmarkDBReadUncompressed;509;21;0
0-20-0;Baseline;/leveldb/bench_test.go/BenchmarkDBReadTable;489;19;0
0-20-0;Baseline;/leveldb/bench_test.go/BenchmarkDBReadReverse;795;75;0
0-20-0;Baseline;/leveldb/bench_test.go/BenchmarkDBReadReverseTable;783;76;0
0-20-0;Baseline;/leveldb/bench_test.go/BenchmarkDBSeek;15531;1558;18
0-20-0;Baseline;/leveldb/bench_test.go/BenchmarkDBSeekRandom;21343;1793;23
0-20-0;Baseline;/leveldb/bench_test.go/BenchmarkDBGet;6406;820;12
0-20-0;Baseline;/leveldb/bench_test.go/BenchmarkDBGetRandom;11186;1003;15
0-20-0;Baseline;/leveldb/bench_test.go/BenchmarkDBReadConcurrent;89.2;9;0
0-20-0;Baseline;/leveldb/bench_test.go/BenchmarkDBReadConcurrent2;105;41;0
0-21-0;Baseline;/leveldb/memdb/bench_test.go/BenchmarkPut;1783;239;0
0-21-0;Baseline;/leveldb/memdb/bench_test.go/BenchmarkPutRandom;2111;239;0
0-21-0;Baseline;/leveldb/memdb/bench_test.go/BenchmarkGet;1751;0;0
0-21-0;Baseline;/leveldb/memdb/bench_test.go/BenchmarkGetRandom;2213;0;0
0-21-0;Baseline;/leveldb/util/buffer_test.go/BenchmarkBufferNotEmptyWriteRead;438816;4704;3
0-21-0;Baseline;/leveldb/util/buffer_test.go/BenchmarkBufferFullSmallReads;135364;3424;3
0-21-0;Baseline;/leveldb/bench_test.go/BenchmarkDBWrite;3710;129;3
0-21-0;Baseline;/leveldb/bench_test.go/BenchmarkDBWriteBatch;1342;35;0
0-21-0;Baseline;/leveldb/bench_test.go/BenchmarkDBWriteUncompressed;3706;128;3
0-21-0;Baseline;/leveldb/bench_test.go/BenchmarkDBWriteBatchUncompressed;1345;34;0
0-21-0;Baseline;/leveldb/bench_test.go/BenchmarkDBWriteRandom;4780;184;3
0-21-0;Baseline;/leveldb/bench_test.go/BenchmarkDBWriteRandomSync;4061;129;3
0-21-0;Baseline;/leveldb/bench_test.go/BenchmarkDBOverwrite;3685;108;3
0-21-0;Baseline;/leveldb/bench_test.go/BenchmarkDBOverwriteRandom;4650;111;3
0-21-0;Baseline;/leveldb/bench_test.go/BenchmarkDBPut;4510;410;6
0-21-0;Baseline;/leveldb/bench_test.go/BenchmarkDBRead;538;19;0
0-21-0;Baseline;/leveldb/bench_test.go/BenchmarkDBReadGC;552;19;0
0-21-0;Baseline;/leveldb/bench_test.go/BenchmarkDBReadUncompressed;511;21;0
0-21-0;Baseline;/leveldb/bench_test.go/BenchmarkDBReadTable;490;19;0
0-21-0;Baseline;/leveldb/bench_test.go/BenchmarkDBReadReverse;798;75;0
0-21-0;Baseline;/leveldb/bench_test.go/BenchmarkDBReadReverseTable;787;76;0
0-21-0;Baseline;/leveldb/bench_test.go/BenchmarkDBSeek;15525;1558;18
0-21-0;Baseline;/leveldb/bench_test.go/BenchmarkDBSeekRandom;21350;1793;23
0-21-0;Baseline;/leveldb/bench_test.go/BenchmarkDBGet;6408;820;12
0-21-0;Baseline;/leveldb/bench_test.go/BenchmarkDBGetRandom;11211;1003;15
0-21-0;Baseline;/leveldb/bench_test.go/BenchmarkDBReadConcurrent;90.3;9;0
0-21-0;Baseline;/leveldb/bench_test.go/BenchmarkDBReadConcurrent2;104;40;0
0-21-0;Baseline;/leveldb/cache/bench_test.go/BenchmarkLRUCache;946;190;5
0-22-0;Baseline;/leveldb/bench_test.go/BenchmarkDBWrite;3716;129;3
0-22-0;Baseline;/leveldb/bench_test.go/BenchmarkDBWriteBatch;1341;35;0
0-22-0;Baseline;/leveldb/bench_test.go/BenchmarkDBWriteUncompressed;3702;128;3
0-22-0;Baseline;/leveldb/bench_test.go/BenchmarkDBWriteBatchUncompressed;1346;34;0
0-22-0;Baseline;/leveldb/bench_test.go/BenchmarkDBWriteRandom;4772;185;3
0-22-0;Baseline;/leveldb/bench_test.go/BenchmarkDBWriteRandomSync;4094;129;3
0-22-0;Baseline;/leveldb/bench_test.go/BenchmarkDBOverwrite;3697;108;3
0-22-0;Baseline;/leveldb/bench_test.go/BenchmarkDBOverwriteRandom;4741;111;3
0-22-0;Baseline;/leveldb/bench_test.go/BenchmarkDBPut;4567;410;6
0-22-0;Baseline;/leveldb/bench_test.go/BenchmarkDBRead;537;19;0
0-22-0;Baseline;/leveldb/bench_test.go/BenchmarkDBReadGC;561;19;0
0-22-0;Baseline;/leveldb/bench_test.go/BenchmarkDBReadUncompressed;509;21;0
0-22-0;Baseline;/leveldb/bench_test.go/BenchmarkDBReadTable;491;19;0
0-22-0;Baseline;/leveldb/bench_test.go/BenchmarkDBReadReverse;795;75;0
0-22-0;Baseline;/leveldb/bench_test.go/BenchmarkDBReadReverseTable;782;76;0
0-22-0;Baseline;/leveldb/bench_test.go/BenchmarkDBSeek;15550;1558;18
0-22-0;Baseline;/leveldb/bench_test.go/BenchmarkDBSeekRandom;21254;1793;23
0-22-0;Baseline;/leveldb/bench_test.go/BenchmarkDBGet;6395;820;12
0-22-0;Baseline;/leveldb/bench_test.go/BenchmarkDBGetRandom;11193;1003;15
0-22-0;Baseline;/leveldb/bench_test.go/BenchmarkDBReadConcurrent;88.6;9;0
0-22-0;Baseline;/leveldb/bench_test.go/BenchmarkDBReadConcurrent2;104;40;0
0-22-0;Baseline;/leveldb/cache/bench_test.go/BenchmarkLRUCache;947;190;5
0-22-0;Baseline;/leveldb/memdb/bench_test.go/BenchmarkPut;1766;239;0
0-22-0;Baseline;/leveldb/memdb/bench_test.go/BenchmarkPutRandom;2113;239;0
0-22-0;Baseline;/leveldb/memdb/bench_test.go/BenchmarkGet;1750;0;0
0-22-0;Baseline;/leveldb/memdb/bench_test.go/BenchmarkGetRandom;2216;0;0
0-22-0;Baseline;/leveldb/util/buffer_test.go/BenchmarkBufferNotEmptyWriteRead;438634;4704;3
0-22-0;Baseline;/leveldb/util/buffer_test.go/BenchmarkBufferFullSmallReads;135325;3424;3
0-23-0;Baseline;/leveldb/cache/bench_test.go/BenchmarkLRUCache;945;190;5
0-23-0;Baseline;/leveldb/memdb/bench_test.go/BenchmarkPut;1765;239;0
0-23-0;Baseline;/leveldb/memdb/bench_test.go/BenchmarkPutRandom;2100;239;0
0-23-0;Baseline;/leveldb/memdb/bench_test.go/BenchmarkGet;1738;0;0
0-23-0;Baseline;/leveldb/memdb/bench_test.go/BenchmarkGetRandom;2211;0;0
0-23-0;Baseline;/leveldb/util/buffer_test.go/BenchmarkBufferNotEmptyWriteRead;438788;4704;3
0-23-0;Baseline;/leveldb/util/buffer_test.go/BenchmarkBufferFullSmallReads;135311;3424;3
0-23-0;Baseline;/leveldb/bench_test.go/BenchmarkDBWrite;3730;129;3
0-23-0;Baseline;/leveldb/bench_test.go/BenchmarkDBWriteBatch;1361;35;0
0-23-0;Baseline;/leveldb/bench_test.go/BenchmarkDBWriteUncompressed;3728;128;3
0-23-0;Baseline;/leveldb/bench_test.go/BenchmarkDBWriteBatchUncompressed;1346;34;0
0-23-0;Baseline;/leveldb/bench_test.go/BenchmarkDBWriteRandom;4770;185;3
0-23-0;Baseline;/leveldb/bench_test.go/BenchmarkDBWriteRandomSync;4053;129;3
0-23-0;Baseline;/leveldb/bench_test.go/BenchmarkDBOverwrite;3692;108;3
0-23-0;Baseline;/leveldb/bench_test.go/BenchmarkDBOverwriteRandom;4695;111;3
0-23-0;Baseline;/leveldb/bench_test.go/BenchmarkDBPut;4510;410;6
0-23-0;Baseline;/leveldb/bench_test.go/BenchmarkDBRead;540;19;0
0-23-0;Baseline;/leveldb/bench_test.go/BenchmarkDBReadGC;556;19;0
0-23-0;Baseline;/leveldb/bench_test.go/BenchmarkDBReadUncompressed;515;21;0
0-23-0;Baseline;/leveldb/bench_test.go/BenchmarkDBReadTable;490;19;0
0-23-0;Baseline;/leveldb/bench_test.go/BenchmarkDBReadReverse;793;75;0
0-23-0;Baseline;/leveldb/bench_test.go/BenchmarkDBReadReverseTable;784;76;0
0-23-0;Baseline;/leveldb/bench_test.go/BenchmarkDBSeek;15572;1558;18
0-23-0;Baseline;/leveldb/bench_test.go/BenchmarkDBSeekRandom;21338;1793;23
0-23-0;Baseline;/leveldb/bench_test.go/BenchmarkDBGet;6392;820;12
0-23-0;Baseline;/leveldb/bench_test.go/BenchmarkDBGetRandom;11175;1003;15
0-23-0;Baseline;/leveldb/bench_test.go/BenchmarkDBReadConcurrent;88.4;9;0
0-23-0;Baseline;/leveldb/bench_test.go/BenchmarkDBReadConcurrent2;103;40;0
0-24-0;Baseline;/leveldb/util/buffer_test.go/BenchmarkBufferNotEmptyWriteRead;438641;4704;3
0-24-0;Baseline;/leveldb/util/buffer_test.go/BenchmarkBufferFullSmallReads;135395;3424;3
0-24-0;Baseline;/leveldb/bench_test.go/BenchmarkDBWrite;3697;129;3
0-24-0;Baseline;/leveldb/bench_test.go/BenchmarkDBWriteBatch;1342;35;0
0-24-0;Baseline;/leveldb/bench_test.go/BenchmarkDBWriteUncompressed;3731;128;3
0-24-0;Baseline;/leveldb/bench_test.go/BenchmarkDBWriteBatchUncompressed;1338;34;0
0-24-0;Baseline;/leveldb/bench_test.go/BenchmarkDBWriteRandom;4745;184;3
0-24-0;Baseline;/leveldb/bench_test.go/BenchmarkDBWriteRandomSync;4065;129;3
0-24-0;Baseline;/leveldb/bench_test.go/BenchmarkDBOverwrite;3709;108;3
0-24-0;Baseline;/leveldb/bench_test.go/BenchmarkDBOverwriteRandom;4658;112;3
0-24-0;Baseline;/leveldb/bench_test.go/BenchmarkDBPut;4528;410;6
0-24-0;Baseline;/leveldb/bench_test.go/BenchmarkDBRead;538;19;0
0-24-0;Baseline;/leveldb/bench_test.go/BenchmarkDBReadGC;567;19;0
0-24-0;Baseline;/leveldb/bench_test.go/BenchmarkDBReadUncompressed;511;21;0
0-24-0;Baseline;/leveldb/bench_test.go/BenchmarkDBReadTable;490;19;0
0-24-0;Baseline;/leveldb/bench_test.go/BenchmarkDBReadReverse;797;75;0
0-24-0;Baseline;/leveldb/bench_test.go/BenchmarkDBReadReverseTable;780;76;0
0-24-0;Baseline;/leveldb/bench_test.go/BenchmarkDBSeek;15527;1558;18
0-24-0;Baseline;/leveldb/bench_test.go/BenchmarkDBSeekRandom;21297;1793;23
0-24-0;Baseline;/leveldb/bench_test.go/BenchmarkDBGet;6413;820;12
0-24-0;Baseline;/leveldb/bench_test.go/BenchmarkDBGetRandom;11196;1003;15
0-24-0;Baseline;/leveldb/bench_test.go/BenchmarkDBReadConcurrent;91.9;9;0
0-24-0;Baseline;/leveldb/bench_test.go/BenchmarkDBReadConcurrent2;104;40;0
0-24-0;Baseline;/leveldb/cache/bench_test.go/BenchmarkLRUCache;947;190;5
0-24-0;Baseline;/leveldb/memdb/bench_test.go/BenchmarkPut;1766;239;0
0-24-0;Baseline;/leveldb/memdb/bench_test.go/BenchmarkPutRandom;2094;239;0
0-24-0;Baseline;/leveldb/memdb/bench_test.go/BenchmarkGet;1752;0;0
0-24-0;Baseline;/leveldb/memdb/bench_test.go/BenchmarkGetRandom;2227;0;0
0-25-0;Baseline;/leveldb/bench_test.go/BenchmarkDBWrite;3707;129;3
0-25-0;Baseline;/leveldb/bench_test.go/BenchmarkDBWriteBatch;1344;35;0
0-25-0;Baseline;/leveldb/bench_test.go/BenchmarkDBWriteUncompressed;3731;128;3
0-25-0;Baseline;/leveldb/bench_test.go/BenchmarkDBWriteBatchUncompressed;1347;34;0
0-25-0;Baseline;/leveldb/bench_test.go/BenchmarkDBWriteRandom;4782;185;3
0-25-0;Baseline;/leveldb/bench_test.go/BenchmarkDBWriteRandomSync;4062;129;3
0-25-0;Baseline;/leveldb/bench_test.go/BenchmarkDBOverwrite;3683;108;3
0-25-0;Baseline;/leveldb/bench_test.go/BenchmarkDBOverwriteRandom;4663;111;3
0-25-0;Baseline;/leveldb/bench_test.go/BenchmarkDBPut;4522;410;6
0-25-0;Baseline;/leveldb/bench_test.go/BenchmarkDBRead;537;19;0
0-25-0;Baseline;/leveldb/bench_test.go/BenchmarkDBReadGC;548;19;0
0-25-0;Baseline;/leveldb/bench_test.go/BenchmarkDBReadUncompressed;511;21;0
0-25-0;Baseline;/leveldb/bench_test.go/BenchmarkDBReadTable;490;19;0
0-25-0;Baseline;/leveldb/bench_test.go/BenchmarkDBReadReverse;799;75;0
0-25-0;Baseline;/leveldb/bench_test.go/BenchmarkDBReadReverseTable;783;76;0
0-25-0;Baseline;/leveldb/bench_test.go/BenchmarkDBSeek;15546;1558;18
0-25-0;Baseline;/leveldb/bench_test.go/BenchmarkDBSeekRandom;21182;1793;23
0-25-0;Baseline;/leveldb/bench_test.go/BenchmarkDBGet;6393;820;12
