0-0-0;Baseline;/spdy/bench_test.go/BenchmarkSimpleCopy;13852;974;47
0-0-0;Baseline;/spdy/bench_test.go/BenchmarkSimpleLocalProxy;11940;972;47
0-0-0;Baseline;/spdy/bench_test.go/BenchmarkSimpleSpdyProxy;11525;1694;73
0-0-0;Baseline;/spdy/bench_test.go/BenchmarkSimpleNoProxy;9060;232;21
0-0-0;Baseline;/spdy/bench_test.go/BenchmarkSimpleLocalPipe;448;16;2
0-0-0;Baseline;/spdy/bench_test.go/BenchmarkComplexNoProxy;149256;49408;346
0-0-0;Baseline;/spdy/bench_test.go/BenchmarkComplexLocalPipe;784;392;5
0-0-0;Baseline;inmem_test.go/BenchmarkRoundTrip;745;0;0
0-1-0;Baseline;inmem_test.go/BenchmarkRoundTrip;744;0;0
0-1-0;Baseline;/spdy/bench_test.go/BenchmarkSimpleCopy;13806;974;47
0-1-0;Baseline;/spdy/bench_test.go/BenchmarkSimpleLocalProxy;11969;972;47
0-1-0;Baseline;/spdy/bench_test.go/BenchmarkSimpleSpdyProxy;11447;1667;73
0-1-0;Baseline;/spdy/bench_test.go/BenchmarkSimpleNoProxy;9059;232;21
0-1-0;Baseline;/spdy/bench_test.go/BenchmarkSimpleLocalPipe;442;16;2
0-1-0;Baseline;/spdy/bench_test.go/BenchmarkComplexNoProxy;152480;49408;346
0-1-0;Baseline;/spdy/bench_test.go/BenchmarkComplexLocalPipe;777;392;5
0-2-0;Baseline;inmem_test.go/BenchmarkRoundTrip;741;0;0
0-2-0;Baseline;/spdy/bench_test.go/BenchmarkSimpleCopy;13913;974;47
0-2-0;Baseline;/spdy/bench_test.go/BenchmarkSimpleLocalProxy;11942;972;47
0-2-0;Baseline;/spdy/bench_test.go/BenchmarkSimpleSpdyProxy;11525;1694;73
0-2-0;Baseline;/spdy/bench_test.go/BenchmarkSimpleNoProxy;8988;232;21
0-2-0;Baseline;/spdy/bench_test.go/BenchmarkSimpleLocalPipe;441;16;2
0-2-0;Baseline;/spdy/bench_test.go/BenchmarkComplexNoProxy;153439;49408;346
0-2-0;Baseline;/spdy/bench_test.go/BenchmarkComplexLocalPipe;780;392;5
0-3-0;Baseline;inmem_test.go/BenchmarkRoundTrip;739;0;0
0-3-0;Baseline;/spdy/bench_test.go/BenchmarkSimpleCopy;13727;974;47
0-3-0;Baseline;/spdy/bench_test.go/BenchmarkSimpleLocalProxy;11944;972;47
0-3-0;Baseline;/spdy/bench_test.go/BenchmarkSimpleSpdyProxy;11407;1667;73
0-3-0;Baseline;/spdy/bench_test.go/BenchmarkSimpleNoProxy;9080;232;21
0-3-0;Baseline;/spdy/bench_test.go/BenchmarkSimpleLocalPipe;442;16;2
0-3-0;Baseline;/spdy/bench_test.go/BenchmarkComplexNoProxy;151504;49408;346
0-3-0;Baseline;/spdy/bench_test.go/BenchmarkComplexLocalPipe;782;392;5
0-4-0;Baseline;inmem_test.go/BenchmarkRoundTrip;743;0;0
0-4-0;Baseline;/spdy/bench_test.go/BenchmarkSimpleCopy;13921;974;47
0-4-0;Baseline;/spdy/bench_test.go/BenchmarkSimpleLocalProxy;12073;972;47
0-4-0;Baseline;/spdy/bench_test.go/BenchmarkSimpleSpdyProxy;11549;1668;73
0-4-0;Baseline;/spdy/bench_test.go/BenchmarkSimpleNoProxy;9046;232;21
0-4-0;Baseline;/spdy/bench_test.go/BenchmarkSimpleLocalPipe;444;16;2
0-4-0;Baseline;/spdy/bench_test.go/BenchmarkComplexNoProxy;153802;49407;346
0-4-0;Baseline;/spdy/bench_test.go/BenchmarkComplexLocalPipe;776;392;5
0-5-0;Baseline;inmem_test.go/BenchmarkRoundTrip;745;0;0
0-5-0;Baseline;/spdy/bench_test.go/BenchmarkSimpleCopy;13932;974;47
0-5-0;Baseline;/spdy/bench_test.go/BenchmarkSimpleLocalProxy;11862;972;47
0-5-0;Baseline;/spdy/bench_test.go/BenchmarkSimpleSpdyProxy;11591;1668;73
0-5-0;Baseline;/spdy/bench_test.go/BenchmarkSimpleNoProxy;9027;232;21
0-5-0;Baseline;/spdy/bench_test.go/BenchmarkSimpleLocalPipe;441;16;2
0-5-0;Baseline;/spdy/bench_test.go/BenchmarkComplexNoProxy;149899;49408;346
0-5-0;Baseline;/spdy/bench_test.go/BenchmarkComplexLocalPipe;782;392;5
0-6-0;Baseline;inmem_test.go/BenchmarkRoundTrip;741;0;0
0-6-0;Baseline;/spdy/bench_test.go/BenchmarkSimpleCopy;13841;974;47
0-6-0;Baseline;/spdy/bench_test.go/BenchmarkSimpleLocalProxy;12096;972;47
0-6-0;Baseline;/spdy/bench_test.go/BenchmarkSimpleSpdyProxy;11489;1667;73
0-6-0;Baseline;/spdy/bench_test.go/BenchmarkSimpleNoProxy;9110;232;21
0-6-0;Baseline;/spdy/bench_test.go/BenchmarkSimpleLocalPipe;443;16;2
0-6-0;Baseline;/spdy/bench_test.go/BenchmarkComplexNoProxy;149573;49408;346
0-6-0;Baseline;/spdy/bench_test.go/BenchmarkComplexLocalPipe;782;392;5
0-7-0;Baseline;inmem_test.go/BenchmarkRoundTrip;744;0;0
0-7-0;Baseline;/spdy/bench_test.go/BenchmarkSimpleCopy;13776;974;47
0-7-0;Baseline;/spdy/bench_test.go/BenchmarkSimpleLocalProxy;11989;972;47
0-7-0;Baseline;/spdy/bench_test.go/BenchmarkSimpleSpdyProxy;11451;1667;73
0-7-0;Baseline;/spdy/bench_test.go/BenchmarkSimpleNoProxy;9075;232;21
0-7-0;Baseline;/spdy/bench_test.go/BenchmarkSimpleLocalPipe;441;16;2
0-7-0;Baseline;/spdy/bench_test.go/BenchmarkComplexNoProxy;153461;49408;346
0-7-0;Baseline;/spdy/bench_test.go/BenchmarkComplexLocalPipe;777;392;5
0-8-0;Baseline;inmem_test.go/BenchmarkRoundTrip;745;0;0
0-8-0;Baseline;/spdy/bench_test.go/BenchmarkSimpleCopy;13810;974;47
0-8-0;Baseline;/spdy/bench_test.go/BenchmarkSimpleLocalProxy;11924;972;47
0-8-0;Baseline;/spdy/bench_test.go/BenchmarkSimpleSpdyProxy;11452;1667;73
0-8-0;Baseline;/spdy/bench_test.go/BenchmarkSimpleNoProxy;9034;232;21
0-8-0;Baseline;/spdy/bench_test.go/BenchmarkSimpleLocalPipe;440;16;2
0-8-0;Baseline;/spdy/bench_test.go/BenchmarkComplexNoProxy;151134;49408;346
0-8-0;Baseline;/spdy/bench_test.go/BenchmarkComplexLocalPipe;783;392;5
0-9-0;Baseline;inmem_test.go/BenchmarkRoundTrip;745;0;0
0-9-0;Baseline;/spdy/bench_test.go/BenchmarkSimpleCopy;13882;974;47
0-9-0;Baseline;/spdy/bench_test.go/BenchmarkSimpleLocalProxy;12034;972;47
0-9-0;Baseline;/spdy/bench_test.go/BenchmarkSimpleSpdyProxy;11503;1667;73
0-9-0;Baseline;/spdy/bench_test.go/BenchmarkSimpleNoProxy;9085;232;21
0-9-0;Baseline;/spdy/bench_test.go/BenchmarkSimpleLocalPipe;442;16;2
0-9-0;Baseline;/spdy/bench_test.go/BenchmarkComplexNoProxy;149809;49407;346
0-9-0;Baseline;/spdy/bench_test.go/BenchmarkComplexLocalPipe;777;392;5
0-10-0;Baseline;inmem_test.go/BenchmarkRoundTrip;741;0;0
0-10-0;Baseline;/spdy/bench_test.go/BenchmarkSimpleCopy;13677;974;47
0-10-0;Baseline;/spdy/bench_test.go/BenchmarkSimpleLocalProxy;11905;972;47
0-10-0;Baseline;/spdy/bench_test.go/BenchmarkSimpleSpdyProxy;11557;1668;73
0-10-0;Baseline;/spdy/bench_test.go/BenchmarkSimpleNoProxy;9102;232;21
0-10-0;Baseline;/spdy/bench_test.go/BenchmarkSimpleLocalPipe;445;16;2
0-10-0;Baseline;/spdy/bench_test.go/BenchmarkComplexNoProxy;152655;49407;346
0-10-0;Baseline;/spdy/bench_test.go/BenchmarkComplexLocalPipe;779;392;5
0-11-0;Baseline;inmem_test.go/BenchmarkRoundTrip;737;0;0
0-11-0;Baseline;/spdy/bench_test.go/BenchmarkSimpleCopy;13855;974;47
0-11-0;Baseline;/spdy/bench_test.go/BenchmarkSimpleLocalProxy;11896;972;47
0-11-0;Baseline;/spdy/bench_test.go/BenchmarkSimpleSpdyProxy;11680;1668;73
0-11-0;Baseline;/spdy/bench_test.go/BenchmarkSimpleNoProxy;9061;232;21
0-11-0;Baseline;/spdy/bench_test.go/BenchmarkSimpleLocalPipe;443;16;2
0-11-0;Baseline;/spdy/bench_test.go/BenchmarkComplexNoProxy;153398;49408;346
0-11-0;Baseline;/spdy/bench_test.go/BenchmarkComplexLocalPipe;776;392;5
0-12-0;Baseline;inmem_test.go/BenchmarkRoundTrip;741;0;0
0-12-0;Baseline;/spdy/bench_test.go/BenchmarkSimpleCopy;13730;974;47
0-12-0;Baseline;/spdy/bench_test.go/BenchmarkSimpleLocalProxy;11871;972;47
0-12-0;Baseline;/spdy/bench_test.go/BenchmarkSimpleSpdyProxy;11453;1694;73
0-12-0;Baseline;/spdy/bench_test.go/BenchmarkSimpleNoProxy;9053;232;21
0-12-0;Baseline;/spdy/bench_test.go/BenchmarkSimpleLocalPipe;443;16;2
0-12-0;Baseline;/spdy/bench_test.go/BenchmarkComplexNoProxy;153153;49408;346
0-12-0;Baseline;/spdy/bench_test.go/BenchmarkComplexLocalPipe;781;392;5
0-13-0;Baseline;inmem_test.go/BenchmarkRoundTrip;745;0;0
0-13-0;Baseline;/spdy/bench_test.go/BenchmarkSimpleCopy;13772;974;47
0-13-0;Baseline;/spdy/bench_test.go/BenchmarkSimpleLocalProxy;11956;972;47
0-13-0;Baseline;/spdy/bench_test.go/BenchmarkSimpleSpdyProxy;11549;1668;73
0-13-0;Baseline;/spdy/bench_test.go/BenchmarkSimpleNoProxy;9083;232;21
0-13-0;Baseline;/spdy/bench_test.go/BenchmarkSimpleLocalPipe;446;16;2
0-13-0;Baseline;/spdy/bench_test.go/BenchmarkComplexNoProxy;150879;49408;346
0-13-0;Baseline;/spdy/bench_test.go/BenchmarkComplexLocalPipe;774;392;5
0-14-0;Baseline;inmem_test.go/BenchmarkRoundTrip;744;0;0
0-14-0;Baseline;/spdy/bench_test.go/BenchmarkSimpleCopy;13826;974;47
0-14-0;Baseline;/spdy/bench_test.go/BenchmarkSimpleLocalProxy;11990;972;47
0-14-0;Baseline;/spdy/bench_test.go/BenchmarkSimpleSpdyProxy;11742;1694;73
0-14-0;Baseline;/spdy/bench_test.go/BenchmarkSimpleNoProxy;9026;232;21
0-14-0;Baseline;/spdy/bench_test.go/BenchmarkSimpleLocalPipe;441;16;2
0-14-0;Baseline;/spdy/bench_test.go/BenchmarkComplexNoProxy;149665;49408;346
0-14-0;Baseline;/spdy/bench_test.go/BenchmarkComplexLocalPipe;778;392;5
0-15-0;Baseline;inmem_test.go/BenchmarkRoundTrip;741;0;0
0-15-0;Baseline;/spdy/bench_test.go/BenchmarkSimpleCopy;13777;974;47
0-15-0;Baseline;/spdy/bench_test.go/BenchmarkSimpleLocalProxy;11941;972;47
0-15-0;Baseline;/spdy/bench_test.go/BenchmarkSimpleSpdyProxy;11610;1668;73
0-15-0;Baseline;/spdy/bench_test.go/BenchmarkSimpleNoProxy;9066;232;21
0-15-0;Baseline;/spdy/bench_test.go/BenchmarkSimpleLocalPipe;445;16;2
0-15-0;Baseline;/spdy/bench_test.go/BenchmarkComplexNoProxy;149685;49408;346
0-15-0;Baseline;/spdy/bench_test.go/BenchmarkComplexLocalPipe;777;392;5
0-16-0;Baseline;/spdy/bench_test.go/BenchmarkSimpleCopy;13818;974;47
0-16-0;Baseline;/spdy/bench_test.go/BenchmarkSimpleLocalProxy;12050;972;47
0-16-0;Baseline;/spdy/bench_test.go/BenchmarkSimpleSpdyProxy;11534;1667;73
0-16-0;Baseline;/spdy/bench_test.go/BenchmarkSimpleNoProxy;9027;232;21
0-16-0;Baseline;/spdy/bench_test.go/BenchmarkSimpleLocalPipe;443;16;2
0-16-0;Baseline;/spdy/bench_test.go/BenchmarkComplexNoProxy;149243;49408;346
0-16-0;Baseline;/spdy/bench_test.go/BenchmarkComplexLocalPipe;783;392;5
0-16-0;Baseline;inmem_test.go/BenchmarkRoundTrip;745;0;0
0-17-0;Baseline;inmem_test.go/BenchmarkRoundTrip;743;0;0
0-17-0;Baseline;/spdy/bench_test.go/BenchmarkSimpleCopy;13553;974;47
0-17-0;Baseline;/spdy/bench_test.go/BenchmarkSimpleLocalProxy;11920;972;47
0-17-0;Baseline;/spdy/bench_test.go/BenchmarkSimpleSpdyProxy;11516;1668;73
0-17-0;Baseline;/spdy/bench_test.go/BenchmarkSimpleNoProxy;9065;232;21
0-17-0;Baseline;/spdy/bench_test.go/BenchmarkSimpleLocalPipe;442;16;2
0-17-0;Baseline;/spdy/bench_test.go/BenchmarkComplexNoProxy;150062;49408;346
0-17-0;Baseline;/spdy/bench_test.go/BenchmarkComplexLocalPipe;781;392;5
0-18-0;Baseline;inmem_test.go/BenchmarkRoundTrip;744;0;0
0-18-0;Baseline;/spdy/bench_test.go/BenchmarkSimpleCopy;13649;974;47
0-18-0;Baseline;/spdy/bench_test.go/BenchmarkSimpleLocalProxy;12038;972;47
0-18-0;Baseline;/spdy/bench_test.go/BenchmarkSimpleSpdyProxy;11887;1695;73
0-18-0;Baseline;/spdy/bench_test.go/BenchmarkSimpleNoProxy;9043;232;21
0-18-0;Baseline;/spdy/bench_test.go/BenchmarkSimpleLocalPipe;442;16;2
0-18-0;Baseline;/spdy/bench_test.go/BenchmarkComplexNoProxy;151870;49408;346
0-18-0;Baseline;/spdy/bench_test.go/BenchmarkComplexLocalPipe;775;392;5
0-19-0;Baseline;/spdy/bench_test.go/BenchmarkSimpleCopy;13690;974;47
0-19-0;Baseline;/spdy/bench_test.go/BenchmarkSimpleLocalProxy;12062;972;47
0-19-0;Baseline;/spdy/bench_test.go/BenchmarkSimpleSpdyProxy;11513;1694;73
0-19-0;Baseline;/spdy/bench_test.go/BenchmarkSimpleNoProxy;9028;232;21
0-19-0;Baseline;/spdy/bench_test.go/BenchmarkSimpleLocalPipe;446;16;2
0-19-0;Baseline;/spdy/bench_test.go/BenchmarkComplexNoProxy;150538;49408;346
0-19-0;Baseline;/spdy/bench_test.go/BenchmarkComplexLocalPipe;783;392;5
0-19-0;Baseline;inmem_test.go/BenchmarkRoundTrip;741;0;0
0-20-0;Baseline;inmem_test.go/BenchmarkRoundTrip;740;0;0
0-20-0;Baseline;/spdy/bench_test.go/BenchmarkSimpleCopy;13769;974;47
0-20-0;Baseline;/spdy/bench_test.go/BenchmarkSimpleLocalProxy;11917;972;47
0-20-0;Baseline;/spdy/bench_test.go/BenchmarkSimpleSpdyProxy;11505;1668;73
0-20-0;Baseline;/spdy/bench_test.go/BenchmarkSimpleNoProxy;9032;232;21
0-20-0;Baseline;/spdy/bench_test.go/BenchmarkSimpleLocalPipe;445;16;2
0-20-0;Baseline;/spdy/bench_test.go/BenchmarkComplexNoProxy;150811;49408;346
0-20-0;Baseline;/spdy/bench_test.go/BenchmarkComplexLocalPipe;779;392;5
0-21-0;Baseline;inmem_test.go/BenchmarkRoundTrip;741;0;0
0-21-0;Baseline;/spdy/bench_test.go/BenchmarkSimpleCopy;13706;974;47
0-21-0;Baseline;/spdy/bench_test.go/BenchmarkSimpleLocalProxy;12076;972;47
0-21-0;Baseline;/spdy/bench_test.go/BenchmarkSimpleSpdyProxy;11492;1668;73
0-21-0;Baseline;/spdy/bench_test.go/BenchmarkSimpleNoProxy;9117;232;21
0-21-0;Baseline;/spdy/bench_test.go/BenchmarkSimpleLocalPipe;440;16;2
0-21-0;Baseline;/spdy/bench_test.go/BenchmarkComplexNoProxy;150157;49408;346
0-21-0;Baseline;/spdy/bench_test.go/BenchmarkComplexLocalPipe;780;392;5
0-22-0;Baseline;inmem_test.go/BenchmarkRoundTrip;739;0;0
0-22-0;Baseline;/spdy/bench_test.go/BenchmarkSimpleCopy;13874;974;47
0-22-0;Baseline;/spdy/bench_test.go/BenchmarkSimpleLocalProxy;11987;972;47
0-22-0;Baseline;/spdy/bench_test.go/BenchmarkSimpleSpdyProxy;11531;1668;73
0-22-0;Baseline;/spdy/bench_test.go/BenchmarkSimpleNoProxy;9092;232;21
0-22-0;Baseline;/spdy/bench_test.go/BenchmarkSimpleLocalPipe;451;16;2
0-22-0;Baseline;/spdy/bench_test.go/BenchmarkComplexNoProxy;152305;49407;346
0-22-0;Baseline;/spdy/bench_test.go/BenchmarkComplexLocalPipe;779;392;5
0-23-0;Baseline;inmem_test.go/BenchmarkRoundTrip;743;0;0
0-23-0;Baseline;/spdy/bench_test.go/BenchmarkSimpleCopy;13912;974;47
0-23-0;Baseline;/spdy/bench_test.go/BenchmarkSimpleLocalProxy;11905;972;47
0-23-0;Baseline;/spdy/bench_test.go/BenchmarkSimpleSpdyProxy;11442;1693;73
0-23-0;Baseline;/spdy/bench_test.go/BenchmarkSimpleNoProxy;9075;232;21
0-23-0;Baseline;/spdy/bench_test.go/BenchmarkSimpleLocalPipe;442;16;2
0-23-0;Baseline;/spdy/bench_test.go/BenchmarkComplexNoProxy;152855;49408;346
0-23-0;Baseline;/spdy/bench_test.go/BenchmarkComplexLocalPipe;779;392;5
0-24-0;Baseline;inmem_test.go/BenchmarkRoundTrip;740;0;0
0-24-0;Baseline;/spdy/bench_test.go/BenchmarkSimpleCopy;13689;974;47
0-24-0;Baseline;/spdy/bench_test.go/BenchmarkSimpleLocalProxy;11998;972;47
0-24-0;Baseline;/spdy/bench_test.go/BenchmarkSimpleSpdyProxy;11529;1668;73
0-24-0;Baseline;/spdy/bench_test.go/BenchmarkSimpleNoProxy;9034;232;21
0-24-0;Baseline;/spdy/bench_test.go/BenchmarkSimpleLocalPipe;449;16;2
0-24-0;Baseline;/spdy/bench_test.go/BenchmarkComplexNoProxy;149599;49408;346
0-24-0;Baseline;/spdy/bench_test.go/BenchmarkComplexLocalPipe;775;392;5
0-25-0;Baseline;inmem_test.go/BenchmarkRoundTrip;744;0;0
0-25-0;Baseline;/spdy/bench_test.go/BenchmarkSimpleCopy;13705;974;47
0-25-0;Baseline;/spdy/bench_test.go/BenchmarkSimpleLocalProxy;11986;972;47
0-25-0;Baseline;/spdy/bench_test.go/BenchmarkSimpleSpdyProxy;11415;1667;73
0-25-0;Baseline;/spdy/bench_test.go/BenchmarkSimpleNoProxy;9004;232;21
0-25-0;Baseline;/spdy/bench_test.go/BenchmarkSimpleLocalPipe;448;16;2
0-25-0;Baseline;/spdy/bench_test.go/BenchmarkComplexNoProxy;151301;49407;346
0-25-0;Baseline;/spdy/bench_test.go/BenchmarkComplexLocalPipe;776;392;5
0-26-0;Baseline;inmem_test.go/BenchmarkRoundTrip;743;0;0
0-26-0;Baseline;/spdy/bench_test.go/BenchmarkSimpleCopy;13818;974;47
0-26-0;Baseline;/spdy/bench_test.go/BenchmarkSimpleLocalProxy;12049;972;47
0-26-0;Baseline;/spdy/bench_test.go/BenchmarkSimpleSpdyProxy;11553;1668;73
0-26-0;Baseline;/spdy/bench_test.go/BenchmarkSimpleNoProxy;9088;232;21
0-26-0;Baseline;/spdy/bench_test.go/BenchmarkSimpleLocalPipe;441;16;2
0-26-0;Baseline;/spdy/bench_test.go/BenchmarkComplexNoProxy;152870;49408;346
0-26-0;Baseline;/spdy/bench_test.go/BenchmarkComplexLocalPipe;779;392;5
0-27-0;Baseline;/spdy/bench_test.go/BenchmarkSimpleCopy;13782;974;47
0-27-0;Baseline;/spdy/bench_test.go/BenchmarkSimpleLocalProxy;11917;972;47
0-27-0;Baseline;/spdy/bench_test.go/BenchmarkSimpleSpdyProxy;11593;1694;73
0-27-0;Baseline;/spdy/bench_test.go/BenchmarkSimpleNoProxy;9056;232;21
0-27-0;Baseline;/spdy/bench_test.go/BenchmarkSimpleLocalPipe;446;16;2
0-27-0;Baseline;/spdy/bench_test.go/BenchmarkComplexNoProxy;150285;49408;346
0-27-0;Baseline;/spdy/bench_test.go/BenchmarkComplexLocalPipe;779;392;5
0-27-0;Baseline;inmem_test.go/BenchmarkRoundTrip;745;0;0
0-28-0;Baseline;inmem_test.go/BenchmarkRoundTrip;746;0;0
0-28-0;Baseline;/spdy/bench_test.go/BenchmarkSimpleCopy;13776;974;47
0-28-0;Baseline;/spdy/bench_test.go/BenchmarkSimpleLocalProxy;11962;972;47
0-28-0;Baseline;/spdy/bench_test.go/BenchmarkSimpleSpdyProxy;11477;1668;73
0-28-0;Baseline;/spdy/bench_test.go/BenchmarkSimpleNoProxy;9083;232;21
0-28-0;Baseline;/spdy/bench_test.go/BenchmarkSimpleLocalPipe;441;16;2
0-28-0;Baseline;/spdy/bench_test.go/BenchmarkComplexNoProxy;151773;49408;346
0-28-0;Baseline;/spdy/bench_test.go/BenchmarkComplexLocalPipe;779;392;5
0-29-0;Baseline;inmem_test.go/BenchmarkRoundTrip;742;0;0
0-29-0;Baseline;/spdy/bench_test.go/BenchmarkSimpleCopy;14008;974;47
0-29-0;Baseline;/spdy/bench_test.go/BenchmarkSimpleLocalProxy;11946;972;47
0-29-0;Baseline;/spdy/bench_test.go/BenchmarkSimpleSpdyProxy;11459;1667;73
0-29-0;Baseline;/spdy/bench_test.go/BenchmarkSimpleNoProxy;9021;232;21
0-29-0;Baseline;/spdy/bench_test.go/BenchmarkSimpleLocalPipe;441;16;2
0-29-0;Baseline;/spdy/bench_test.go/BenchmarkComplexNoProxy;150051;49407;346
0-29-0;Baseline;/spdy/bench_test.go/BenchmarkComplexLocalPipe;781;392;5
0-30-0;Baseline;inmem_test.go/BenchmarkRoundTrip;744;0;0
0-30-0;Baseline;/spdy/bench_test.go/BenchmarkSimpleCopy;13894;974;47
0-30-0;Baseline;/spdy/bench_test.go/BenchmarkSimpleLocalProxy;11930;972;47
0-30-0;Baseline;/spdy/bench_test.go/BenchmarkSimpleSpdyProxy;11441;1667;73
0-30-0;Baseline;/spdy/bench_test.go/BenchmarkSimpleNoProxy;9027;232;21
0-30-0;Baseline;/spdy/bench_test.go/BenchmarkSimpleLocalPipe;441;16;2
0-30-0;Baseline;/spdy/bench_test.go/BenchmarkComplexNoProxy;153272;49408;346
0-30-0;Baseline;/spdy/bench_test.go/BenchmarkComplexLocalPipe;776;392;5
0-31-0;Baseline;inmem_test.go/BenchmarkRoundTrip;745;0;0
0-31-0;Baseline;/spdy/bench_test.go/BenchmarkSimpleCopy;13771;974;47
0-31-0;Baseline;/spdy/bench_test.go/BenchmarkSimpleLocalProxy;12013;972;47
0-31-0;Baseline;/spdy/bench_test.go/BenchmarkSimpleSpdyProxy;11430;1667;73
0-31-0;Baseline;/spdy/bench_test.go/BenchmarkSimpleNoProxy;9171;232;21
0-31-0;Baseline;/spdy/bench_test.go/BenchmarkSimpleLocalPipe;444;16;2
0-31-0;Baseline;/spdy/bench_test.go/BenchmarkComplexNoProxy;150248;49408;346
0-31-0;Baseline;/spdy/bench_test.go/BenchmarkComplexLocalPipe;778;392;5
0-32-0;Baseline;inmem_test.go/BenchmarkRoundTrip;739;0;0
0-32-0;Baseline;/spdy/bench_test.go/BenchmarkSimpleCopy;13891;974;47
0-32-0;Baseline;/spdy/bench_test.go/BenchmarkSimpleLocalProxy;12004;972;47
0-32-0;Baseline;/spdy/bench_test.go/BenchmarkSimpleSpdyProxy;11481;1668;73
0-32-0;Baseline;/spdy/bench_test.go/BenchmarkSimpleNoProxy;9024;232;21
0-32-0;Baseline;/spdy/bench_test.go/BenchmarkSimpleLocalPipe;445;16;2
0-32-0;Baseline;/spdy/bench_test.go/BenchmarkComplexNoProxy;149665;49408;346
0-32-0;Baseline;/spdy/bench_test.go/BenchmarkComplexLocalPipe;777;392;5
0-33-0;Baseline;/spdy/bench_test.go/BenchmarkSimpleCopy;13708;974;47
0-33-0;Baseline;/spdy/bench_test.go/BenchmarkSimpleLocalProxy;12056;972;47
0-33-0;Baseline;/spdy/bench_test.go/BenchmarkSimpleSpdyProxy;11620;1668;73
0-33-0;Baseline;/spdy/bench_test.go/BenchmarkSimpleNoProxy;9095;232;21
0-33-0;Baseline;/spdy/bench_test.go/BenchmarkSimpleLocalPipe;441;16;2
0-33-0;Baseline;/spdy/bench_test.go/BenchmarkComplexNoProxy;153148;49408;346
0-33-0;Baseline;/spdy/bench_test.go/BenchmarkComplexLocalPipe;775;392;5
0-33-0;Baseline;inmem_test.go/BenchmarkRoundTrip;739;0;0
0-34-0;Baseline;inmem_test.go/BenchmarkRoundTrip;744;0;0
0-34-0;Baseline;/spdy/bench_test.go/BenchmarkSimpleCopy;13810;974;47
0-34-0;Baseline;/spdy/bench_test.go/BenchmarkSimpleLocalProxy;11850;972;47
0-34-0;Baseline;/spdy/bench_test.go/BenchmarkSimpleSpdyProxy;11491;1694;73
0-34-0;Baseline;/spdy/bench_test.go/BenchmarkSimpleNoProxy;9027;232;21
0-34-0;Baseline;/spdy/bench_test.go/BenchmarkSimpleLocalPipe;445;16;2
0-34-0;Baseline;/spdy/bench_test.go/BenchmarkComplexNoProxy;153540;49408;346
0-34-0;Baseline;/spdy/bench_test.go/BenchmarkComplexLocalPipe;779;392;5
0-35-0;Baseline;inmem_test.go/BenchmarkRoundTrip;742;0;0
0-35-0;Baseline;/spdy/bench_test.go/BenchmarkSimpleCopy;13897;974;47
0-35-0;Baseline;/spdy/bench_test.go/BenchmarkSimpleLocalProxy;11984;972;47
0-35-0;Baseline;/spdy/bench_test.go/BenchmarkSimpleSpdyProxy;11504;1668;73
0-35-0;Baseline;/spdy/bench_test.go/BenchmarkSimpleNoProxy;9097;232;21
0-35-0;Baseline;/spdy/bench_test.go/BenchmarkSimpleLocalPipe;446;16;2
0-35-0;Baseline;/spdy/bench_test.go/BenchmarkComplexNoProxy;152364;49407;346
0-35-0;Baseline;/spdy/bench_test.go/BenchmarkComplexLocalPipe;774;392;5
0-36-0;Baseline;inmem_test.go/BenchmarkRoundTrip;745;0;0
0-36-0;Baseline;/spdy/bench_test.go/BenchmarkSimpleCopy;13706;974;47
0-36-0;Baseline;/spdy/bench_test.go/BenchmarkSimpleLocalProxy;12064;972;47
0-36-0;Baseline;/spdy/bench_test.go/BenchmarkSimpleSpdyProxy;11538;1667;73
0-36-0;Baseline;/spdy/bench_test.go/BenchmarkSimpleNoProxy;9058;232;21
0-36-0;Baseline;/spdy/bench_test.go/BenchmarkSimpleLocalPipe;442;16;2
0-36-0;Baseline;/spdy/bench_test.go/BenchmarkComplexNoProxy;149625;49408;346
0-36-0;Baseline;/spdy/bench_test.go/BenchmarkComplexLocalPipe;781;392;5
0-37-0;Baseline;inmem_test.go/BenchmarkRoundTrip;737;0;0
0-37-0;Baseline;/spdy/bench_test.go/BenchmarkSimpleCopy;14025;974;47
0-37-0;Baseline;/spdy/bench_test.go/BenchmarkSimpleLocalProxy;11987;972;47
0-37-0;Baseline;/spdy/bench_test.go/BenchmarkSimpleSpdyProxy;11521;1668;73
0-37-0;Baseline;/spdy/bench_test.go/BenchmarkSimpleNoProxy;8989;232;21
0-37-0;Baseline;/spdy/bench_test.go/BenchmarkSimpleLocalPipe;443;16;2
0-37-0;Baseline;/spdy/bench_test.go/BenchmarkComplexNoProxy;152912;49407;346
0-37-0;Baseline;/spdy/bench_test.go/BenchmarkComplexLocalPipe;778;392;5
0-38-0;Baseline;inmem_test.go/BenchmarkRoundTrip;742;0;0
0-38-0;Baseline;/spdy/bench_test.go/BenchmarkSimpleCopy;13980;974;47
0-38-0;Baseline;/spdy/bench_test.go/BenchmarkSimpleLocalProxy;11910;972;47
0-38-0;Baseline;/spdy/bench_test.go/BenchmarkSimpleSpdyProxy;11463;1667;73
0-38-0;Baseline;/spdy/bench_test.go/BenchmarkSimpleNoProxy;9062;232;21
0-38-0;Baseline;/spdy/bench_test.go/BenchmarkSimpleLocalPipe;442;16;2
0-38-0;Baseline;/spdy/bench_test.go/BenchmarkComplexNoProxy;149138;49408;346
0-38-0;Baseline;/spdy/bench_test.go/BenchmarkComplexLocalPipe;776;392;5
0-39-0;Baseline;/spdy/bench_test.go/BenchmarkSimpleCopy;13812;974;47
0-39-0;Baseline;/spdy/bench_test.go/BenchmarkSimpleLocalProxy;12017;972;47
0-39-0;Baseline;/spdy/bench_test.go/BenchmarkSimpleSpdyProxy;11635;1668;73
0-39-0;Baseline;/spdy/bench_test.go/BenchmarkSimpleNoProxy;9045;232;21
0-39-0;Baseline;/spdy/bench_test.go/BenchmarkSimpleLocalPipe;445;16;2
0-39-0;Baseline;/spdy/bench_test.go/BenchmarkComplexNoProxy;152568;49407;346
0-39-0;Baseline;/spdy/bench_test.go/BenchmarkComplexLocalPipe;776;392;5
0-39-0;Baseline;inmem_test.go/BenchmarkRoundTrip;742;0;0
0-40-0;Baseline;inmem_test.go/BenchmarkRoundTrip;740;0;0
0-40-0;Baseline;/spdy/bench_test.go/BenchmarkSimpleCopy;13867;974;47
0-40-0;Baseline;/spdy/bench_test.go/BenchmarkSimpleLocalProxy;12017;971;47
0-40-0;Baseline;/spdy/bench_test.go/BenchmarkSimpleSpdyProxy;11573;1668;73
0-40-0;Baseline;/spdy/bench_test.go/BenchmarkSimpleNoProxy;9134;232;21
0-40-0;Baseline;/spdy/bench_test.go/BenchmarkSimpleLocalPipe;442;16;2
0-40-0;Baseline;/spdy/bench_test.go/BenchmarkComplexNoProxy;152316;49408;346
0-40-0;Baseline;/spdy/bench_test.go/BenchmarkComplexLocalPipe;777;392;5
0-41-0;Baseline;inmem_test.go/BenchmarkRoundTrip;744;0;0
0-41-0;Baseline;/spdy/bench_test.go/BenchmarkSimpleCopy;14097;974;47
0-41-0;Baseline;/spdy/bench_test.go/BenchmarkSimpleLocalProxy;11993;972;47
0-41-0;Baseline;/spdy/bench_test.go/BenchmarkSimpleSpdyProxy;11597;1668;73
0-41-0;Baseline;/spdy/bench_test.go/BenchmarkSimpleNoProxy;9055;232;21
0-41-0;Baseline;/spdy/bench_test.go/BenchmarkSimpleLocalPipe;439;16;2
0-41-0;Baseline;/spdy/bench_test.go/BenchmarkComplexNoProxy;149766;49407;346
0-41-0;Baseline;/spdy/bench_test.go/BenchmarkComplexLocalPipe;776;392;5
0-42-0;Baseline;inmem_test.go/BenchmarkRoundTrip;745;0;0
0-42-0;Baseline;/spdy/bench_test.go/BenchmarkSimpleCopy;13736;974;47
0-42-0;Baseline;/spdy/bench_test.go/BenchmarkSimpleLocalProxy;12074;972;47
0-42-0;Baseline;/spdy/bench_test.go/BenchmarkSimpleSpdyProxy;11563;1668;73
0-42-0;Baseline;/spdy/bench_test.go/BenchmarkSimpleNoProxy;9116;232;21
0-42-0;Baseline;/spdy/bench_test.go/BenchmarkSimpleLocalPipe;444;16;2
0-42-0;Baseline;/spdy/bench_test.go/BenchmarkComplexNoProxy;152609;49407;346
0-42-0;Baseline;/spdy/bench_test.go/BenchmarkComplexLocalPipe;789;392;5
0-43-0;Baseline;inmem_test.go/BenchmarkRoundTrip;746;0;0
0-43-0;Baseline;/spdy/bench_test.go/BenchmarkSimpleCopy;14081;974;47
0-43-0;Baseline;/spdy/bench_test.go/BenchmarkSimpleLocalProxy;11896;972;47
0-43-0;Baseline;/spdy/bench_test.go/BenchmarkSimpleSpdyProxy;11535;1667;73
0-43-0;Baseline;/spdy/bench_test.go/BenchmarkSimpleNoProxy;9134;232;21
0-43-0;Baseline;/spdy/bench_test.go/BenchmarkSimpleLocalPipe;452;16;2
0-43-0;Baseline;/spdy/bench_test.go/BenchmarkComplexNoProxy;149293;49408;346
0-43-0;Baseline;/spdy/bench_test.go/BenchmarkComplexLocalPipe;777;392;5
0-44-0;Baseline;inmem_test.go/BenchmarkRoundTrip;744;0;0
0-44-0;Baseline;/spdy/bench_test.go/BenchmarkSimpleCopy;13837;974;47
0-44-0;Baseline;/spdy/bench_test.go/BenchmarkSimpleLocalProxy;11894;972;47
0-44-0;Baseline;/spdy/bench_test.go/BenchmarkSimpleSpdyProxy;11531;1668;73
0-44-0;Baseline;/spdy/bench_test.go/BenchmarkSimpleNoProxy;9057;232;21
0-44-0;Baseline;/spdy/bench_test.go/BenchmarkSimpleLocalPipe;441;16;2
0-44-0;Baseline;/spdy/bench_test.go/BenchmarkComplexNoProxy;153769;49407;346
0-44-0;Baseline;/spdy/bench_test.go/BenchmarkComplexLocalPipe;780;392;5
0-45-0;Baseline;inmem_test.go/BenchmarkRoundTrip;742;0;0
0-45-0;Baseline;/spdy/bench_test.go/BenchmarkSimpleCopy;13726;974;47
0-45-0;Baseline;/spdy/bench_test.go/BenchmarkSimpleLocalProxy;12029;972;47
0-45-0;Baseline;/spdy/bench_test.go/BenchmarkSimpleSpdyProxy;11554;1668;73
0-45-0;Baseline;/spdy/bench_test.go/BenchmarkSimpleNoProxy;9034;232;21
0-45-0;Baseline;/spdy/bench_test.go/BenchmarkSimpleLocalPipe;446;16;2
0-45-0;Baseline;/spdy/bench_test.go/BenchmarkComplexNoProxy;152655;49408;346
0-45-0;Baseline;/spdy/bench_test.go/BenchmarkComplexLocalPipe;777;392;5
0-46-0;Baseline;inmem_test.go/BenchmarkRoundTrip;736;0;0
0-46-0;Baseline;/spdy/bench_test.go/BenchmarkSimpleCopy;13822;974;47
0-46-0;Baseline;/spdy/bench_test.go/BenchmarkSimpleLocalProxy;11888;972;47
0-46-0;Baseline;/spdy/bench_test.go/BenchmarkSimpleSpdyProxy;11493;1668;73
0-46-0;Baseline;/spdy/bench_test.go/BenchmarkSimpleNoProxy;9003;232;21
0-46-0;Baseline;/spdy/bench_test.go/BenchmarkSimpleLocalPipe;445;16;2
0-46-0;Baseline;/spdy/bench_test.go/BenchmarkComplexNoProxy;152115;49408;346
0-46-0;Baseline;/spdy/bench_test.go/BenchmarkComplexLocalPipe;782;392;5
0-47-0;Baseline;inmem_test.go/BenchmarkRoundTrip;745;0;0
0-47-0;Baseline;/spdy/bench_test.go/BenchmarkSimpleCopy;13745;974;47
0-47-0;Baseline;/spdy/bench_test.go/BenchmarkSimpleLocalProxy;12002;972;47
0-47-0;Baseline;/spdy/bench_test.go/BenchmarkSimpleSpdyProxy;11583;1668;73
0-47-0;Baseline;/spdy/bench_test.go/BenchmarkSimpleNoProxy;9006;232;21
0-47-0;Baseline;/spdy/bench_test.go/BenchmarkSimpleLocalPipe;445;16;2
0-47-0;Baseline;/spdy/bench_test.go/BenchmarkComplexNoProxy;151989;49408;346
0-47-0;Baseline;/spdy/bench_test.go/BenchmarkComplexLocalPipe;775;392;5
0-48-0;Baseline;inmem_test.go/BenchmarkRoundTrip;743;0;0
0-48-0;Baseline;/spdy/bench_test.go/BenchmarkSimpleCopy;13905;974;47
0-48-0;Baseline;/spdy/bench_test.go/BenchmarkSimpleLocalProxy;11942;972;47
0-48-0;Baseline;/spdy/bench_test.go/BenchmarkSimpleSpdyProxy;11461;1694;73
0-48-0;Baseline;/spdy/bench_test.go/BenchmarkSimpleNoProxy;9015;232;21
0-48-0;Baseline;/spdy/bench_test.go/BenchmarkSimpleLocalPipe;441;16;2
0-48-0;Baseline;/spdy/bench_test.go/BenchmarkComplexNoProxy;151170;49407;346
0-48-0;Baseline;/spdy/bench_test.go/BenchmarkComplexLocalPipe;779;392;5
0-49-0;Baseline;/spdy/bench_test.go/BenchmarkSimpleCopy;13616;974;47
0-49-0;Baseline;/spdy/bench_test.go/BenchmarkSimpleLocalProxy;11899;972;47
0-49-0;Baseline;/spdy/bench_test.go/BenchmarkSimpleSpdyProxy;11348;1667;73
0-49-0;Baseline;/spdy/bench_test.go/BenchmarkSimpleNoProxy;9025;232;21
0-49-0;Baseline;/spdy/bench_test.go/BenchmarkSimpleLocalPipe;444;16;2
0-49-0;Baseline;/spdy/bench_test.go/BenchmarkComplexNoProxy;153645;49408;346
0-49-0;Baseline;/spdy/bench_test.go/BenchmarkComplexLocalPipe;776;392;5
0-49-0;Baseline;inmem_test.go/BenchmarkRoundTrip;744;0;0
0-50-0;Baseline;inmem_test.go/BenchmarkRoundTrip;740;0;0
0-50-0;Baseline;/spdy/bench_test.go/BenchmarkSimpleCopy;13713;974;47
0-50-0;Baseline;/spdy/bench_test.go/BenchmarkSimpleLocalProxy;12034;972;47
0-50-0;Baseline;/spdy/bench_test.go/BenchmarkSimpleSpdyProxy;11563;1668;73
0-50-0;Baseline;/spdy/bench_test.go/BenchmarkSimpleNoProxy;9053;232;21
0-50-0;Baseline;/spdy/bench_test.go/BenchmarkSimpleLocalPipe;439;16;2
0-50-0;Baseline;/spdy/bench_test.go/BenchmarkComplexNoProxy;153816;49408;346
0-50-0;Baseline;/spdy/bench_test.go/BenchmarkComplexLocalPipe;782;392;5
0-51-0;Baseline;inmem_test.go/BenchmarkRoundTrip;743;0;0
0-51-0;Baseline;/spdy/bench_test.go/BenchmarkSimpleCopy;13833;974;47
0-51-0;Baseline;/spdy/bench_test.go/BenchmarkSimpleLocalProxy;11810;972;47
0-51-0;Baseline;/spdy/bench_test.go/BenchmarkSimpleSpdyProxy;11596;1668;73
0-51-0;Baseline;/spdy/bench_test.go/BenchmarkSimpleNoProxy;9043;232;21
0-51-0;Baseline;/spdy/bench_test.go/BenchmarkSimpleLocalPipe;446;16;2
0-51-0;Baseline;/spdy/bench_test.go/BenchmarkComplexNoProxy;149228;49408;346
0-51-0;Baseline;/spdy/bench_test.go/BenchmarkComplexLocalPipe;779;392;5
0-52-0;Baseline;inmem_test.go/BenchmarkRoundTrip;744;0;0
0-52-0;Baseline;/spdy/bench_test.go/BenchmarkSimpleCopy;13690;974;47
0-52-0;Baseline;/spdy/bench_test.go/BenchmarkSimpleLocalProxy;12063;972;47
0-52-0;Baseline;/spdy/bench_test.go/BenchmarkSimpleSpdyProxy;11683;1694;73
0-52-0;Baseline;/spdy/bench_test.go/BenchmarkSimpleNoProxy;9149;232;21
0-52-0;Baseline;/spdy/bench_test.go/BenchmarkSimpleLocalPipe;441;16;2
0-52-0;Baseline;/spdy/bench_test.go/BenchmarkComplexNoProxy;149940;49408;346
0-52-0;Baseline;/spdy/bench_test.go/BenchmarkComplexLocalPipe;773;392;5
0-53-0;Baseline;inmem_test.go/BenchmarkRoundTrip;740;0;0
0-53-0;Baseline;/spdy/bench_test.go/BenchmarkSimpleCopy;13878;974;47
0-53-0;Baseline;/spdy/bench_test.go/BenchmarkSimpleLocalProxy;11933;972;47
0-53-0;Baseline;/spdy/bench_test.go/BenchmarkSimpleSpdyProxy;11418;1667;73
0-53-0;Baseline;/spdy/bench_test.go/BenchmarkSimpleNoProxy;9030;232;21
0-53-0;Baseline;/spdy/bench_test.go/BenchmarkSimpleLocalPipe;440;16;2
0-53-0;Baseline;/spdy/bench_test.go/BenchmarkComplexNoProxy;152667;49408;346
0-53-0;Baseline;/spdy/bench_test.go/BenchmarkComplexLocalPipe;776;392;5
0-54-0;Baseline;/spdy/bench_test.go/BenchmarkSimpleCopy;13845;974;47
0-54-0;Baseline;/spdy/bench_test.go/BenchmarkSimpleLocalProxy;11989;972;47
0-54-0;Baseline;/spdy/bench_test.go/BenchmarkSimpleSpdyProxy;11449;1667;73
0-54-0;Baseline;/spdy/bench_test.go/BenchmarkSimpleNoProxy;9036;232;21
0-54-0;Baseline;/spdy/bench_test.go/BenchmarkSimpleLocalPipe;442;16;2
0-54-0;Baseline;/spdy/bench_test.go/BenchmarkComplexNoProxy;149271;49408;346
0-54-0;Baseline;/spdy/bench_test.go/BenchmarkComplexLocalPipe;777;392;5
0-54-0;Baseline;inmem_test.go/BenchmarkRoundTrip;743;0;0
0-55-0;Baseline;inmem_test.go/BenchmarkRoundTrip;743;0;0
0-55-0;Baseline;/spdy/bench_test.go/BenchmarkSimpleCopy;13721;974;47
0-55-0;Baseline;/spdy/bench_test.go/BenchmarkSimpleLocalProxy;11999;972;47
0-55-0;Baseline;/spdy/bench_test.go/BenchmarkSimpleSpdyProxy;11545;1694;73
0-55-0;Baseline;/spdy/bench_test.go/BenchmarkSimpleNoProxy;9032;232;21
0-55-0;Baseline;/spdy/bench_test.go/BenchmarkSimpleLocalPipe;440;16;2
0-55-0;Baseline;/spdy/bench_test.go/BenchmarkComplexNoProxy;153460;49408;346
0-55-0;Baseline;/spdy/bench_test.go/BenchmarkComplexLocalPipe;777;392;5
0-56-0;Baseline;inmem_test.go/BenchmarkRoundTrip;741;0;0
0-56-0;Baseline;/spdy/bench_test.go/BenchmarkSimpleCopy;13854;974;47
0-56-0;Baseline;/spdy/bench_test.go/BenchmarkSimpleLocalProxy;11820;972;47
0-56-0;Baseline;/spdy/bench_test.go/BenchmarkSimpleSpdyProxy;11457;1667;73
0-56-0;Baseline;/spdy/bench_test.go/BenchmarkSimpleNoProxy;9097;232;21
0-56-0;Baseline;/spdy/bench_test.go/BenchmarkSimpleLocalPipe;443;16;2
0-56-0;Baseline;/spdy/bench_test.go/BenchmarkComplexNoProxy;149728;49408;346
0-56-0;Baseline;/spdy/bench_test.go/BenchmarkComplexLocalPipe;782;392;5
0-57-0;Baseline;inmem_test.go/BenchmarkRoundTrip;744;0;0
0-57-0;Baseline;/spdy/bench_test.go/BenchmarkSimpleCopy;14107;974;47
0-57-0;Baseline;/spdy/bench_test.go/BenchmarkSimpleLocalProxy;11957;972;47
0-57-0;Baseline;/spdy/bench_test.go/BenchmarkSimpleSpdyProxy;11573;1668;73
0-57-0;Baseline;/spdy/bench_test.go/BenchmarkSimpleNoProxy;9015;232;21
0-57-0;Baseline;/spdy/bench_test.go/BenchmarkSimpleLocalPipe;446;16;2
0-57-0;Baseline;/spdy/bench_test.go/BenchmarkComplexNoProxy;152537;49408;346
0-57-0;Baseline;/spdy/bench_test.go/BenchmarkComplexLocalPipe;780;392;5
0-58-0;Baseline;/spdy/bench_test.go/BenchmarkSimpleCopy;13615;974;47
0-58-0;Baseline;/spdy/bench_test.go/BenchmarkSimpleLocalProxy;12098;972;47
0-58-0;Baseline;/spdy/bench_test.go/BenchmarkSimpleSpdyProxy;11564;1694;73
0-58-0;Baseline;/spdy/bench_test.go/BenchmarkSimpleNoProxy;9040;232;21
0-58-0;Baseline;/spdy/bench_test.go/BenchmarkSimpleLocalPipe;445;16;2
0-58-0;Baseline;/spdy/bench_test.go/BenchmarkComplexNoProxy;153081;49408;346
0-58-0;Baseline;/spdy/bench_test.go/BenchmarkComplexLocalPipe;780;392;5
0-58-0;Baseline;inmem_test.go/BenchmarkRoundTrip;744;0;0
0-59-0;Baseline;/spdy/bench_test.go/BenchmarkSimpleCopy;13732;974;47
0-59-0;Baseline;/spdy/bench_test.go/BenchmarkSimpleLocalProxy;12042;972;47
0-59-0;Baseline;/spdy/bench_test.go/BenchmarkSimpleSpdyProxy;11572;1668;73
0-59-0;Baseline;/spdy/bench_test.go/BenchmarkSimpleNoProxy;9024;232;21
0-59-0;Baseline;/spdy/bench_test.go/BenchmarkSimpleLocalPipe;441;16;2
0-59-0;Baseline;/spdy/bench_test.go/BenchmarkComplexNoProxy;149618;49408;346
0-59-0;Baseline;/spdy/bench_test.go/BenchmarkComplexLocalPipe;777;392;5
0-59-0;Baseline;inmem_test.go/BenchmarkRoundTrip;744;0;0
0-60-0;Baseline;inmem_test.go/BenchmarkRoundTrip;745;0;0
0-60-0;Baseline;/spdy/bench_test.go/BenchmarkSimpleCopy;14005;974;47
0-60-0;Baseline;/spdy/bench_test.go/BenchmarkSimpleLocalProxy;12053;972;47
0-60-0;Baseline;/spdy/bench_test.go/BenchmarkSimpleSpdyProxy;11465;1668;73
0-60-0;Baseline;/spdy/bench_test.go/BenchmarkSimpleNoProxy;9034;232;21
0-60-0;Baseline;/spdy/bench_test.go/BenchmarkSimpleLocalPipe;438;16;2
0-60-0;Baseline;/spdy/bench_test.go/BenchmarkComplexNoProxy;154440;49407;346
0-60-0;Baseline;/spdy/bench_test.go/BenchmarkComplexLocalPipe;778;392;5
0-61-0;Baseline;/spdy/bench_test.go/BenchmarkSimpleCopy;13758;974;47
0-61-0;Baseline;/spdy/bench_test.go/BenchmarkSimpleLocalProxy;12054;972;47
0-61-0;Baseline;/spdy/bench_test.go/BenchmarkSimpleSpdyProxy;11523;1668;73
0-61-0;Baseline;/spdy/bench_test.go/BenchmarkSimpleNoProxy;9031;232;21
0-61-0;Baseline;/spdy/bench_test.go/BenchmarkSimpleLocalPipe;441;16;2
0-61-0;Baseline;/spdy/bench_test.go/BenchmarkComplexNoProxy;153011;49407;346
0-61-0;Baseline;/spdy/bench_test.go/BenchmarkComplexLocalPipe;781;392;5
0-61-0;Baseline;inmem_test.go/BenchmarkRoundTrip;745;0;0
0-62-0;Baseline;inmem_test.go/BenchmarkRoundTrip;742;0;0
0-62-0;Baseline;/spdy/bench_test.go/BenchmarkSimpleCopy;13867;974;47
0-62-0;Baseline;/spdy/bench_test.go/BenchmarkSimpleLocalProxy;11965;972;47
0-62-0;Baseline;/spdy/bench_test.go/BenchmarkSimpleSpdyProxy;11446;1667;73
0-62-0;Baseline;/spdy/bench_test.go/BenchmarkSimpleNoProxy;9022;232;21
0-62-0;Baseline;/spdy/bench_test.go/BenchmarkSimpleLocalPipe;441;16;2
0-62-0;Baseline;/spdy/bench_test.go/BenchmarkComplexNoProxy;150054;49407;346
0-62-0;Baseline;/spdy/bench_test.go/BenchmarkComplexLocalPipe;780;392;5
0-63-0;Baseline;inmem_test.go/BenchmarkRoundTrip;742;0;0
0-63-0;Baseline;/spdy/bench_test.go/BenchmarkSimpleCopy;13884;974;47
0-63-0;Baseline;/spdy/bench_test.go/BenchmarkSimpleLocalProxy;12096;972;47
0-63-0;Baseline;/spdy/bench_test.go/BenchmarkSimpleSpdyProxy;11659;1668;73
0-63-0;Baseline;/spdy/bench_test.go/BenchmarkSimpleNoProxy;9022;232;21
0-63-0;Baseline;/spdy/bench_test.go/BenchmarkSimpleLocalPipe;440;16;2
0-63-0;Baseline;/spdy/bench_test.go/BenchmarkComplexNoProxy;152892;49407;346
0-63-0;Baseline;/spdy/bench_test.go/BenchmarkComplexLocalPipe;778;392;5
0-64-0;Baseline;inmem_test.go/BenchmarkRoundTrip;741;0;0
0-64-0;Baseline;/spdy/bench_test.go/BenchmarkSimpleCopy;13612;974;47
0-64-0;Baseline;/spdy/bench_test.go/BenchmarkSimpleLocalProxy;12057;972;47
0-64-0;Baseline;/spdy/bench_test.go/BenchmarkSimpleSpdyProxy;11478;1667;73
0-64-0;Baseline;/spdy/bench_test.go/BenchmarkSimpleNoProxy;9035;232;21
0-64-0;Baseline;/spdy/bench_test.go/BenchmarkSimpleLocalPipe;441;16;2
0-64-0;Baseline;/spdy/bench_test.go/BenchmarkComplexNoProxy;149469;49408;346
0-64-0;Baseline;/spdy/bench_test.go/BenchmarkComplexLocalPipe;781;392;5
0-65-0;Baseline;inmem_test.go/BenchmarkRoundTrip;744;0;0
0-65-0;Baseline;/spdy/bench_test.go/BenchmarkSimpleCopy;13878;974;47
0-65-0;Baseline;/spdy/bench_test.go/BenchmarkSimpleLocalProxy;12011;972;47
0-65-0;Baseline;/spdy/bench_test.go/BenchmarkSimpleSpdyProxy;11521;1694;73
0-65-0;Baseline;/spdy/bench_test.go/BenchmarkSimpleNoProxy;9019;232;21
0-65-0;Baseline;/spdy/bench_test.go/BenchmarkSimpleLocalPipe;441;16;2
0-65-0;Baseline;/spdy/bench_test.go/BenchmarkComplexNoProxy;152588;49407;346
0-65-0;Baseline;/spdy/bench_test.go/BenchmarkComplexLocalPipe;777;392;5
0-66-0;Baseline;inmem_test.go/BenchmarkRoundTrip;742;0;0
0-66-0;Baseline;/spdy/bench_test.go/BenchmarkSimpleCopy;13834;974;47
0-66-0;Baseline;/spdy/bench_test.go/BenchmarkSimpleLocalProxy;12005;972;47
0-66-0;Baseline;/spdy/bench_test.go/BenchmarkSimpleSpdyProxy;11498;1668;73
0-66-0;Baseline;/spdy/bench_test.go/BenchmarkSimpleNoProxy;8985;232;21
0-66-0;Baseline;/spdy/bench_test.go/BenchmarkSimpleLocalPipe;444;16;2
0-66-0;Baseline;/spdy/bench_test.go/BenchmarkComplexNoProxy;149574;49408;346
0-66-0;Baseline;/spdy/bench_test.go/BenchmarkComplexLocalPipe;781;392;5
0-67-0;Baseline;inmem_test.go/BenchmarkRoundTrip;734;0;0
0-67-0;Baseline;/spdy/bench_test.go/BenchmarkSimpleCopy;13996;974;47
0-67-0;Baseline;/spdy/bench_test.go/BenchmarkSimpleLocalProxy;11944;972;47
0-67-0;Baseline;/spdy/bench_test.go/BenchmarkSimpleSpdyProxy;11658;1668;73
0-67-0;Baseline;/spdy/bench_test.go/BenchmarkSimpleNoProxy;9059;232;21
0-67-0;Baseline;/spdy/bench_test.go/BenchmarkSimpleLocalPipe;442;16;2
0-67-0;Baseline;/spdy/bench_test.go/BenchmarkComplexNoProxy;152988;49407;346
0-67-0;Baseline;/spdy/bench_test.go/BenchmarkComplexLocalPipe;778;392;5
0-68-0;Baseline;inmem_test.go/BenchmarkRoundTrip;736;0;0
0-68-0;Baseline;/spdy/bench_test.go/BenchmarkSimpleCopy;13724;974;47
0-68-0;Baseline;/spdy/bench_test.go/BenchmarkSimpleLocalProxy;11895;972;47
0-68-0;Baseline;/spdy/bench_test.go/BenchmarkSimpleSpdyProxy;11511;1694;73
0-68-0;Baseline;/spdy/bench_test.go/BenchmarkSimpleNoProxy;9023;232;21
0-68-0;Baseline;/spdy/bench_test.go/BenchmarkSimpleLocalPipe;443;16;2
0-68-0;Baseline;/spdy/bench_test.go/BenchmarkComplexNoProxy;153088;49407;346
0-68-0;Baseline;/spdy/bench_test.go/BenchmarkComplexLocalPipe;778;392;5
0-69-0;Baseline;inmem_test.go/BenchmarkRoundTrip;736;0;0
0-69-0;Baseline;/spdy/bench_test.go/BenchmarkSimpleCopy;13802;974;47
0-69-0;Baseline;/spdy/bench_test.go/BenchmarkSimpleLocalProxy;11962;972;47
0-69-0;Baseline;/spdy/bench_test.go/BenchmarkSimpleSpdyProxy;11528;1668;73
0-69-0;Baseline;/spdy/bench_test.go/BenchmarkSimpleNoProxy;9169;232;21
0-69-0;Baseline;/spdy/bench_test.go/BenchmarkSimpleLocalPipe;440;16;2
0-69-0;Baseline;/spdy/bench_test.go/BenchmarkComplexNoProxy;152666;49407;346
0-69-0;Baseline;/spdy/bench_test.go/BenchmarkComplexLocalPipe;774;392;5
0-70-0;Baseline;inmem_test.go/BenchmarkRoundTrip;739;0;0
0-70-0;Baseline;/spdy/bench_test.go/BenchmarkSimpleCopy;13813;974;47
0-70-0;Baseline;/spdy/bench_test.go/BenchmarkSimpleLocalProxy;11989;972;47
0-70-0;Baseline;/spdy/bench_test.go/BenchmarkSimpleSpdyProxy;11487;1668;73
0-70-0;Baseline;/spdy/bench_test.go/BenchmarkSimpleNoProxy;9066;232;21
0-70-0;Baseline;/spdy/bench_test.go/BenchmarkSimpleLocalPipe;444;16;2
0-70-0;Baseline;/spdy/bench_test.go/BenchmarkComplexNoProxy;149733;49408;346
0-70-0;Baseline;/spdy/bench_test.go/BenchmarkComplexLocalPipe;780;392;5
0-71-0;Baseline;inmem_test.go/BenchmarkRoundTrip;744;0;0
0-71-0;Baseline;/spdy/bench_test.go/BenchmarkSimpleCopy;13864;974;47
0-71-0;Baseline;/spdy/bench_test.go/BenchmarkSimpleLocalProxy;11934;972;47
0-71-0;Baseline;/spdy/bench_test.go/BenchmarkSimpleSpdyProxy;11474;1667;73
0-71-0;Baseline;/spdy/bench_test.go/BenchmarkSimpleNoProxy;9117;232;21
0-71-0;Baseline;/spdy/bench_test.go/BenchmarkSimpleLocalPipe;440;16;2
0-71-0;Baseline;/spdy/bench_test.go/BenchmarkComplexNoProxy;149726;49407;346
0-71-0;Baseline;/spdy/bench_test.go/BenchmarkComplexLocalPipe;778;392;5
0-72-0;Baseline;inmem_test.go/BenchmarkRoundTrip;745;0;0
0-72-0;Baseline;/spdy/bench_test.go/BenchmarkSimpleCopy;13842;974;47
0-72-0;Baseline;/spdy/bench_test.go/BenchmarkSimpleLocalProxy;11929;972;47
0-72-0;Baseline;/spdy/bench_test.go/BenchmarkSimpleSpdyProxy;11441;1667;73
0-72-0;Baseline;/spdy/bench_test.go/BenchmarkSimpleNoProxy;9171;232;21
0-72-0;Baseline;/spdy/bench_test.go/BenchmarkSimpleLocalPipe;441;16;2
0-72-0;Baseline;/spdy/bench_test.go/BenchmarkComplexNoProxy;149436;49408;346
0-72-0;Baseline;/spdy/bench_test.go/BenchmarkComplexLocalPipe;783;392;5
0-73-0;Baseline;inmem_test.go/BenchmarkRoundTrip;740;0;0
0-73-0;Baseline;/spdy/bench_test.go/BenchmarkSimpleCopy;13861;974;47
0-73-0;Baseline;/spdy/bench_test.go/BenchmarkSimpleLocalProxy;11830;972;47
0-73-0;Baseline;/spdy/bench_test.go/BenchmarkSimpleSpdyProxy;11633;1668;73
0-73-0;Baseline;/spdy/bench_test.go/BenchmarkSimpleNoProxy;9068;232;21
0-73-0;Baseline;/spdy/bench_test.go/BenchmarkSimpleLocalPipe;443;16;2
0-73-0;Baseline;/spdy/bench_test.go/BenchmarkComplexNoProxy;151500;49409;346
0-73-0;Baseline;/spdy/bench_test.go/BenchmarkComplexLocalPipe;775;392;5
0-74-0;Baseline;/spdy/bench_test.go/BenchmarkSimpleCopy;13778;974;47
0-74-0;Baseline;/spdy/bench_test.go/BenchmarkSimpleLocalProxy;11982;972;47
0-74-0;Baseline;/spdy/bench_test.go/BenchmarkSimpleSpdyProxy;11518;1668;73
0-74-0;Baseline;/spdy/bench_test.go/BenchmarkSimpleNoProxy;9023;232;21
0-74-0;Baseline;/spdy/bench_test.go/BenchmarkSimpleLocalPipe;441;16;2
0-74-0;Baseline;/spdy/bench_test.go/BenchmarkComplexNoProxy;150566;49408;346
0-74-0;Baseline;/spdy/bench_test.go/BenchmarkComplexLocalPipe;776;392;5
0-74-0;Baseline;inmem_test.go/BenchmarkRoundTrip;743;0;0
0-75-0;Baseline;inmem_test.go/BenchmarkRoundTrip;739;0;0
0-75-0;Baseline;/spdy/bench_test.go/BenchmarkSimpleCopy;13822;974;47
0-75-0;Baseline;/spdy/bench_test.go/BenchmarkSimpleLocalProxy;11877;972;47
0-75-0;Baseline;/spdy/bench_test.go/BenchmarkSimpleSpdyProxy;11473;1667;73
0-75-0;Baseline;/spdy/bench_test.go/BenchmarkSimpleNoProxy;9101;232;21
0-75-0;Baseline;/spdy/bench_test.go/BenchmarkSimpleLocalPipe;442;16;2
0-75-0;Baseline;/spdy/bench_test.go/BenchmarkComplexNoProxy;150046;49408;346
0-75-0;Baseline;/spdy/bench_test.go/BenchmarkComplexLocalPipe;778;392;5
0-76-0;Baseline;inmem_test.go/BenchmarkRoundTrip;735;0;0
0-76-0;Baseline;/spdy/bench_test.go/BenchmarkSimpleCopy;13749;974;47
0-76-0;Baseline;/spdy/bench_test.go/BenchmarkSimpleLocalProxy;11914;972;47
0-76-0;Baseline;/spdy/bench_test.go/BenchmarkSimpleSpdyProxy;11561;1668;73
0-76-0;Baseline;/spdy/bench_test.go/BenchmarkSimpleNoProxy;9013;232;21
0-76-0;Baseline;/spdy/bench_test.go/BenchmarkSimpleLocalPipe;439;16;2
0-76-0;Baseline;/spdy/bench_test.go/BenchmarkComplexNoProxy;153597;49408;346
0-76-0;Baseline;/spdy/bench_test.go/BenchmarkComplexLocalPipe;777;392;5
0-77-0;Baseline;inmem_test.go/BenchmarkRoundTrip;740;0;0
0-77-0;Baseline;/spdy/bench_test.go/BenchmarkSimpleCopy;13959;974;47
0-77-0;Baseline;/spdy/bench_test.go/BenchmarkSimpleLocalProxy;12050;972;47
0-77-0;Baseline;/spdy/bench_test.go/BenchmarkSimpleSpdyProxy;11553;1668;73
0-77-0;Baseline;/spdy/bench_test.go/BenchmarkSimpleNoProxy;9112;232;21
0-77-0;Baseline;/spdy/bench_test.go/BenchmarkSimpleLocalPipe;451;16;2
0-77-0;Baseline;/spdy/bench_test.go/BenchmarkComplexNoProxy;152570;49407;346
0-77-0;Baseline;/spdy/bench_test.go/BenchmarkComplexLocalPipe;779;392;5
0-78-0;Baseline;inmem_test.go/BenchmarkRoundTrip;741;0;0
0-78-0;Baseline;/spdy/bench_test.go/BenchmarkSimpleCopy;13681;974;47
0-78-0;Baseline;/spdy/bench_test.go/BenchmarkSimpleLocalProxy;12058;972;47
0-78-0;Baseline;/spdy/bench_test.go/BenchmarkSimpleSpdyProxy;11473;1667;73
0-78-0;Baseline;/spdy/bench_test.go/BenchmarkSimpleNoProxy;9048;232;21
0-78-0;Baseline;/spdy/bench_test.go/BenchmarkSimpleLocalPipe;440;16;2
0-78-0;Baseline;/spdy/bench_test.go/BenchmarkComplexNoProxy;150016;49407;346
0-78-0;Baseline;/spdy/bench_test.go/BenchmarkComplexLocalPipe;775;392;5
0-79-0;Baseline;/spdy/bench_test.go/BenchmarkSimpleCopy;13912;974;47
0-79-0;Baseline;/spdy/bench_test.go/BenchmarkSimpleLocalProxy;12058;972;47
0-79-0;Baseline;/spdy/bench_test.go/BenchmarkSimpleSpdyProxy;11384;1693;73
0-79-0;Baseline;/spdy/bench_test.go/BenchmarkSimpleNoProxy;9108;232;21
0-79-0;Baseline;/spdy/bench_test.go/BenchmarkSimpleLocalPipe;440;16;2
0-79-0;Baseline;/spdy/bench_test.go/BenchmarkComplexNoProxy;149458;49408;346
0-79-0;Baseline;/spdy/bench_test.go/BenchmarkComplexLocalPipe;776;392;5
0-79-0;Baseline;inmem_test.go/BenchmarkRoundTrip;735;0;0
0-80-0;Baseline;inmem_test.go/BenchmarkRoundTrip;744;0;0
0-80-0;Baseline;/spdy/bench_test.go/BenchmarkSimpleCopy;13776;974;47
0-80-0;Baseline;/spdy/bench_test.go/BenchmarkSimpleLocalProxy;12070;972;47
0-80-0;Baseline;/spdy/bench_test.go/BenchmarkSimpleSpdyProxy;11484;1668;73
0-80-0;Baseline;/spdy/bench_test.go/BenchmarkSimpleNoProxy;9121;232;21
0-80-0;Baseline;/spdy/bench_test.go/BenchmarkSimpleLocalPipe;439;16;2
0-80-0;Baseline;/spdy/bench_test.go/BenchmarkComplexNoProxy;152120;49407;346
0-80-0;Baseline;/spdy/bench_test.go/BenchmarkComplexLocalPipe;779;392;5
0-81-0;Baseline;inmem_test.go/BenchmarkRoundTrip;739;0;0
0-81-0;Baseline;/spdy/bench_test.go/BenchmarkSimpleCopy;13863;974;47
0-81-0;Baseline;/spdy/bench_test.go/BenchmarkSimpleLocalProxy;11941;972;47
0-81-0;Baseline;/spdy/bench_test.go/BenchmarkSimpleSpdyProxy;11436;1667;73
0-81-0;Baseline;/spdy/bench_test.go/BenchmarkSimpleNoProxy;9042;232;21
0-81-0;Baseline;/spdy/bench_test.go/BenchmarkSimpleLocalPipe;440;16;2
0-81-0;Baseline;/spdy/bench_test.go/BenchmarkComplexNoProxy;151067;49408;346
0-81-0;Baseline;/spdy/bench_test.go/BenchmarkComplexLocalPipe;778;392;5
0-82-0;Baseline;inmem_test.go/BenchmarkRoundTrip;739;0;0
0-82-0;Baseline;/spdy/bench_test.go/BenchmarkSimpleCopy;13890;974;47
0-82-0;Baseline;/spdy/bench_test.go/BenchmarkSimpleLocalProxy;12021;972;47
0-82-0;Baseline;/spdy/bench_test.go/BenchmarkSimpleSpdyProxy;11395;1667;73
0-82-0;Baseline;/spdy/bench_test.go/BenchmarkSimpleNoProxy;9055;232;21
0-82-0;Baseline;/spdy/bench_test.go/BenchmarkSimpleLocalPipe;438;16;2
0-82-0;Baseline;/spdy/bench_test.go/BenchmarkComplexNoProxy;153096;49409;346
0-82-0;Baseline;/spdy/bench_test.go/BenchmarkComplexLocalPipe;779;392;5
0-83-0;Baseline;inmem_test.go/BenchmarkRoundTrip;737;0;0
0-83-0;Baseline;/spdy/bench_test.go/BenchmarkSimpleCopy;13769;974;47
0-83-0;Baseline;/spdy/bench_test.go/BenchmarkSimpleLocalProxy;12005;972;47
0-83-0;Baseline;/spdy/bench_test.go/BenchmarkSimpleSpdyProxy;11468;1667;73
0-83-0;Baseline;/spdy/bench_test.go/BenchmarkSimpleNoProxy;9071;232;21
0-83-0;Baseline;/spdy/bench_test.go/BenchmarkSimpleLocalPipe;439;16;2
0-83-0;Baseline;/spdy/bench_test.go/BenchmarkComplexNoProxy;149627;49408;346
0-83-0;Baseline;/spdy/bench_test.go/BenchmarkComplexLocalPipe;780;392;5
0-84-0;Baseline;inmem_test.go/BenchmarkRoundTrip;744;0;0
0-84-0;Baseline;/spdy/bench_test.go/BenchmarkSimpleCopy;13841;974;47
0-84-0;Baseline;/spdy/bench_test.go/BenchmarkSimpleLocalProxy;11915;972;47
0-84-0;Baseline;/spdy/bench_test.go/BenchmarkSimpleSpdyProxy;11646;1668;73
0-84-0;Baseline;/spdy/bench_test.go/BenchmarkSimpleNoProxy;9023;232;21
0-84-0;Baseline;/spdy/bench_test.go/BenchmarkSimpleLocalPipe;446;16;2
0-84-0;Baseline;/spdy/bench_test.go/BenchmarkComplexNoProxy;149246;49407;346
0-84-0;Baseline;/spdy/bench_test.go/BenchmarkComplexLocalPipe;779;392;5
0-85-0;Baseline;inmem_test.go/BenchmarkRoundTrip;738;0;0
0-85-0;Baseline;/spdy/bench_test.go/BenchmarkSimpleCopy;14088;974;47
0-85-0;Baseline;/spdy/bench_test.go/BenchmarkSimpleLocalProxy;11835;972;47
0-85-0;Baseline;/spdy/bench_test.go/BenchmarkSimpleSpdyProxy;11485;1668;73
0-85-0;Baseline;/spdy/bench_test.go/BenchmarkSimpleNoProxy;9013;232;21
0-85-0;Baseline;/spdy/bench_test.go/BenchmarkSimpleLocalPipe;440;16;2
0-85-0;Baseline;/spdy/bench_test.go/BenchmarkComplexNoProxy;153647;49408;346
0-85-0;Baseline;/spdy/bench_test.go/BenchmarkComplexLocalPipe;782;392;5
0-86-0;Baseline;inmem_test.go/BenchmarkRoundTrip;741;0;0
0-86-0;Baseline;/spdy/bench_test.go/BenchmarkSimpleCopy;13950;974;47
0-86-0;Baseline;/spdy/bench_test.go/BenchmarkSimpleLocalProxy;11958;972;47
0-86-0;Baseline;/spdy/bench_test.go/BenchmarkSimpleSpdyProxy;11503;1668;73
0-86-0;Baseline;/spdy/bench_test.go/BenchmarkSimpleNoProxy;9060;232;21
0-86-0;Baseline;/spdy/bench_test.go/BenchmarkSimpleLocalPipe;449;16;2
0-86-0;Baseline;/spdy/bench_test.go/BenchmarkComplexNoProxy;150714;49408;346
0-86-0;Baseline;/spdy/bench_test.go/BenchmarkComplexLocalPipe;780;392;5
0-87-0;Baseline;inmem_test.go/BenchmarkRoundTrip;740;0;0
0-87-0;Baseline;/spdy/bench_test.go/BenchmarkSimpleCopy;13863;974;47
0-87-0;Baseline;/spdy/bench_test.go/BenchmarkSimpleLocalProxy;11827;972;47
0-87-0;Baseline;/spdy/bench_test.go/BenchmarkSimpleSpdyProxy;11511;1668;73
0-87-0;Baseline;/spdy/bench_test.go/BenchmarkSimpleNoProxy;9054;232;21
0-87-0;Baseline;/spdy/bench_test.go/BenchmarkSimpleLocalPipe;450;16;2
0-87-0;Baseline;/spdy/bench_test.go/BenchmarkComplexNoProxy;150510;49407;346
0-87-0;Baseline;/spdy/bench_test.go/BenchmarkComplexLocalPipe;779;392;5
0-88-0;Baseline;/spdy/bench_test.go/BenchmarkSimpleCopy;13776;974;47
0-88-0;Baseline;/spdy/bench_test.go/BenchmarkSimpleLocalProxy;12013;972;47
0-88-0;Baseline;/spdy/bench_test.go/BenchmarkSimpleSpdyProxy;11643;1668;73
0-88-0;Baseline;/spdy/bench_test.go/BenchmarkSimpleNoProxy;9029;232;21
0-88-0;Baseline;/spdy/bench_test.go/BenchmarkSimpleLocalPipe;444;16;2
0-88-0;Baseline;/spdy/bench_test.go/BenchmarkComplexNoProxy;153039;49408;346
0-88-0;Baseline;/spdy/bench_test.go/BenchmarkComplexLocalPipe;777;392;5
0-88-0;Baseline;inmem_test.go/BenchmarkRoundTrip;744;0;0
0-89-0;Baseline;inmem_test.go/BenchmarkRoundTrip;740;0;0
0-89-0;Baseline;/spdy/bench_test.go/BenchmarkSimpleCopy;13711;974;47
0-89-0;Baseline;/spdy/bench_test.go/BenchmarkSimpleLocalProxy;11936;972;47
0-89-0;Baseline;/spdy/bench_test.go/BenchmarkSimpleSpdyProxy;11564;1694;73
0-89-0;Baseline;/spdy/bench_test.go/BenchmarkSimpleNoProxy;9064;232;21
0-89-0;Baseline;/spdy/bench_test.go/BenchmarkSimpleLocalPipe;438;16;2
0-89-0;Baseline;/spdy/bench_test.go/BenchmarkComplexNoProxy;152460;49408;346
0-89-0;Baseline;/spdy/bench_test.go/BenchmarkComplexLocalPipe;776;392;5
0-90-0;Baseline;inmem_test.go/BenchmarkRoundTrip;746;0;0
0-90-0;Baseline;/spdy/bench_test.go/BenchmarkSimpleCopy;13830;974;47
0-90-0;Baseline;/spdy/bench_test.go/BenchmarkSimpleLocalProxy;12024;972;47
0-90-0;Baseline;/spdy/bench_test.go/BenchmarkSimpleSpdyProxy;11390;1667;73
0-90-0;Baseline;/spdy/bench_test.go/BenchmarkSimpleNoProxy;9044;232;21
0-90-0;Baseline;/spdy/bench_test.go/BenchmarkSimpleLocalPipe;442;16;2
0-90-0;Baseline;/spdy/bench_test.go/BenchmarkComplexNoProxy;153593;49408;346
0-90-0;Baseline;/spdy/bench_test.go/BenchmarkComplexLocalPipe;780;392;5
0-91-0;Baseline;inmem_test.go/BenchmarkRoundTrip;743;0;0
0-91-0;Baseline;/spdy/bench_test.go/BenchmarkSimpleCopy;13753;974;47
0-91-0;Baseline;/spdy/bench_test.go/BenchmarkSimpleLocalProxy;11876;972;47
0-91-0;Baseline;/spdy/bench_test.go/BenchmarkSimpleSpdyProxy;11501;1668;73
0-91-0;Baseline;/spdy/bench_test.go/BenchmarkSimpleNoProxy;9135;232;21
0-91-0;Baseline;/spdy/bench_test.go/BenchmarkSimpleLocalPipe;444;16;2
0-91-0;Baseline;/spdy/bench_test.go/BenchmarkComplexNoProxy;152746;49408;346
0-91-0;Baseline;/spdy/bench_test.go/BenchmarkComplexLocalPipe;778;392;5
0-92-0;Baseline;inmem_test.go/BenchmarkRoundTrip;744;0;0
0-92-0;Baseline;/spdy/bench_test.go/BenchmarkSimpleCopy;13977;974;47
0-92-0;Baseline;/spdy/bench_test.go/BenchmarkSimpleLocalProxy;11884;972;47
0-92-0;Baseline;/spdy/bench_test.go/BenchmarkSimpleSpdyProxy;11565;1668;73
0-92-0;Baseline;/spdy/bench_test.go/BenchmarkSimpleNoProxy;9049;232;21
0-92-0;Baseline;/spdy/bench_test.go/BenchmarkSimpleLocalPipe;439;16;2
0-92-0;Baseline;/spdy/bench_test.go/BenchmarkComplexNoProxy;152987;49408;346
0-92-0;Baseline;/spdy/bench_test.go/BenchmarkComplexLocalPipe;779;392;5
0-93-0;Baseline;inmem_test.go/BenchmarkRoundTrip;743;0;0
0-93-0;Baseline;/spdy/bench_test.go/BenchmarkSimpleCopy;13771;974;47
0-93-0;Baseline;/spdy/bench_test.go/BenchmarkSimpleLocalProxy;11855;972;47
0-93-0;Baseline;/spdy/bench_test.go/BenchmarkSimpleSpdyProxy;11535;1694;73
0-93-0;Baseline;/spdy/bench_test.go/BenchmarkSimpleNoProxy;9059;232;21
0-93-0;Baseline;/spdy/bench_test.go/BenchmarkSimpleLocalPipe;440;16;2
0-93-0;Baseline;/spdy/bench_test.go/BenchmarkComplexNoProxy;152808;49408;346
0-93-0;Baseline;/spdy/bench_test.go/BenchmarkComplexLocalPipe;780;392;5
0-94-0;Baseline;inmem_test.go/BenchmarkRoundTrip;738;0;0
0-94-0;Baseline;/spdy/bench_test.go/BenchmarkSimpleCopy;13951;974;47
0-94-0;Baseline;/spdy/bench_test.go/BenchmarkSimpleLocalProxy;11941;972;47
0-94-0;Baseline;/spdy/bench_test.go/BenchmarkSimpleSpdyProxy;11542;1667;73
0-94-0;Baseline;/spdy/bench_test.go/BenchmarkSimpleNoProxy;9013;232;21
0-94-0;Baseline;/spdy/bench_test.go/BenchmarkSimpleLocalPipe;440;16;2
0-94-0;Baseline;/spdy/bench_test.go/BenchmarkComplexNoProxy;152252;49407;346
0-94-0;Baseline;/spdy/bench_test.go/BenchmarkComplexLocalPipe;777;392;5
0-95-0;Baseline;inmem_test.go/BenchmarkRoundTrip;740;0;0
0-95-0;Baseline;/spdy/bench_test.go/BenchmarkSimpleCopy;13957;974;47
0-95-0;Baseline;/spdy/bench_test.go/BenchmarkSimpleLocalProxy;11871;972;47
0-95-0;Baseline;/spdy/bench_test.go/BenchmarkSimpleSpdyProxy;11526;1694;73
0-95-0;Baseline;/spdy/bench_test.go/BenchmarkSimpleNoProxy;9056;232;21
0-95-0;Baseline;/spdy/bench_test.go/BenchmarkSimpleLocalPipe;438;16;2
0-95-0;Baseline;/spdy/bench_test.go/BenchmarkComplexNoProxy;149547;49408;346
0-95-0;Baseline;/spdy/bench_test.go/BenchmarkComplexLocalPipe;781;392;5
0-96-0;Baseline;inmem_test.go/BenchmarkRoundTrip;744;0;0
0-96-0;Baseline;/spdy/bench_test.go/BenchmarkSimpleCopy;13840;974;47
0-96-0;Baseline;/spdy/bench_test.go/BenchmarkSimpleLocalProxy;11877;972;47
0-96-0;Baseline;/spdy/bench_test.go/BenchmarkSimpleSpdyProxy;11446;1694;73
0-96-0;Baseline;/spdy/bench_test.go/BenchmarkSimpleNoProxy;8999;232;21
0-96-0;Baseline;/spdy/bench_test.go/BenchmarkSimpleLocalPipe;438;16;2
0-96-0;Baseline;/spdy/bench_test.go/BenchmarkComplexNoProxy;149800;49408;346
0-96-0;Baseline;/spdy/bench_test.go/BenchmarkComplexLocalPipe;776;392;5
0-97-0;Baseline;inmem_test.go/BenchmarkRoundTrip;741;0;0
0-97-0;Baseline;/spdy/bench_test.go/BenchmarkSimpleCopy;13753;974;47
0-97-0;Baseline;/spdy/bench_test.go/BenchmarkSimpleLocalProxy;11931;972;47
0-97-0;Baseline;/spdy/bench_test.go/BenchmarkSimpleSpdyProxy;11544;1668;73
0-97-0;Baseline;/spdy/bench_test.go/BenchmarkSimpleNoProxy;9045;232;21
0-97-0;Baseline;/spdy/bench_test.go/BenchmarkSimpleLocalPipe;443;16;2
0-97-0;Baseline;/spdy/bench_test.go/BenchmarkComplexNoProxy;152531;49408;346
0-97-0;Baseline;/spdy/bench_test.go/BenchmarkComplexLocalPipe;779;392;5
0-98-0;Baseline;inmem_test.go/BenchmarkRoundTrip;742;0;0
0-98-0;Baseline;/spdy/bench_test.go/BenchmarkSimpleCopy;13771;974;47
0-98-0;Baseline;/spdy/bench_test.go/BenchmarkSimpleLocalProxy;12028;972;47
0-98-0;Baseline;/spdy/bench_test.go/BenchmarkSimpleSpdyProxy;11597;1668;73
0-98-0;Baseline;/spdy/bench_test.go/BenchmarkSimpleNoProxy;9068;232;21
0-98-0;Baseline;/spdy/bench_test.go/BenchmarkSimpleLocalPipe;445;16;2
0-98-0;Baseline;/spdy/bench_test.go/BenchmarkComplexNoProxy;153919;49408;346
0-98-0;Baseline;/spdy/bench_test.go/BenchmarkComplexLocalPipe;778;392;5
0-99-0;Baseline;inmem_test.go/BenchmarkRoundTrip;742;0;0
0-99-0;Baseline;/spdy/bench_test.go/BenchmarkSimpleCopy;13768;974;47
0-99-0;Baseline;/spdy/bench_test.go/BenchmarkSimpleLocalProxy;11977;972;47
0-99-0;Baseline;/spdy/bench_test.go/BenchmarkSimpleSpdyProxy;11471;1667;73
0-99-0;Baseline;/spdy/bench_test.go/BenchmarkSimpleNoProxy;9020;232;21
0-99-0;Baseline;/spdy/bench_test.go/BenchmarkSimpleLocalPipe;441;16;2
0-99-0;Baseline;/spdy/bench_test.go/BenchmarkComplexNoProxy;153001;49408;346
0-99-0;Baseline;/spdy/bench_test.go/BenchmarkComplexLocalPipe;777;392;5
0-100-0;Baseline;inmem_test.go/BenchmarkRoundTrip;744;0;0
0-100-0;Baseline;/spdy/bench_test.go/BenchmarkSimpleCopy;13756;974;47
0-100-0;Baseline;/spdy/bench_test.go/BenchmarkSimpleLocalProxy;11854;972;47
0-100-0;Baseline;/spdy/bench_test.go/BenchmarkSimpleSpdyProxy;11481;1694;73
0-100-0;Baseline;/spdy/bench_test.go/BenchmarkSimpleNoProxy;9077;232;21
0-100-0;Baseline;/spdy/bench_test.go/BenchmarkSimpleLocalPipe;447;16;2
0-100-0;Baseline;/spdy/bench_test.go/BenchmarkComplexNoProxy;152985;49408;346
0-100-0;Baseline;/spdy/bench_test.go/BenchmarkComplexLocalPipe;783;392;5
0-101-0;Baseline;inmem_test.go/BenchmarkRoundTrip;741;0;0
0-101-0;Baseline;/spdy/bench_test.go/BenchmarkSimpleCopy;13789;974;47
0-101-0;Baseline;/spdy/bench_test.go/BenchmarkSimpleLocalProxy;12075;972;47
0-101-0;Baseline;/spdy/bench_test.go/BenchmarkSimpleSpdyProxy;11548;1668;73
0-101-0;Baseline;/spdy/bench_test.go/BenchmarkSimpleNoProxy;9035;232;21
0-101-0;Baseline;/spdy/bench_test.go/BenchmarkSimpleLocalPipe;442;16;2
0-101-0;Baseline;/spdy/bench_test.go/BenchmarkComplexNoProxy;153466;49407;346
0-101-0;Baseline;/spdy/bench_test.go/BenchmarkComplexLocalPipe;778;392;5
0-102-0;Baseline;inmem_test.go/BenchmarkRoundTrip;744;0;0
0-102-0;Baseline;/spdy/bench_test.go/BenchmarkSimpleCopy;13857;974;47
0-102-0;Baseline;/spdy/bench_test.go/BenchmarkSimpleLocalProxy;11968;972;47
0-102-0;Baseline;/spdy/bench_test.go/BenchmarkSimpleSpdyProxy;11572;1668;73
0-102-0;Baseline;/spdy/bench_test.go/BenchmarkSimpleNoProxy;9049;232;21
0-102-0;Baseline;/spdy/bench_test.go/BenchmarkSimpleLocalPipe;445;16;2
0-102-0;Baseline;/spdy/bench_test.go/BenchmarkComplexNoProxy;153160;49407;346
0-102-0;Baseline;/spdy/bench_test.go/BenchmarkComplexLocalPipe;778;392;5
0-103-0;Baseline;inmem_test.go/BenchmarkRoundTrip;743;0;0
0-103-0;Baseline;/spdy/bench_test.go/BenchmarkSimpleCopy;13697;974;47
0-103-0;Baseline;/spdy/bench_test.go/BenchmarkSimpleLocalProxy;11934;972;47
0-103-0;Baseline;/spdy/bench_test.go/BenchmarkSimpleSpdyProxy;11676;1694;73
0-103-0;Baseline;/spdy/bench_test.go/BenchmarkSimpleNoProxy;9094;232;21
0-103-0;Baseline;/spdy/bench_test.go/BenchmarkSimpleLocalPipe;440;16;2
0-103-0;Baseline;/spdy/bench_test.go/BenchmarkComplexNoProxy;152426;49408;346
0-103-0;Baseline;/spdy/bench_test.go/BenchmarkComplexLocalPipe;779;392;5
0-104-0;Baseline;inmem_test.go/BenchmarkRoundTrip;740;0;0
0-104-0;Baseline;/spdy/bench_test.go/BenchmarkSimpleCopy;13783;974;47
0-104-0;Baseline;/spdy/bench_test.go/BenchmarkSimpleLocalProxy;11953;972;47
0-104-0;Baseline;/spdy/bench_test.go/BenchmarkSimpleSpdyProxy;11547;1694;73
0-104-0;Baseline;/spdy/bench_test.go/BenchmarkSimpleNoProxy;9088;232;21
0-104-0;Baseline;/spdy/bench_test.go/BenchmarkSimpleLocalPipe;439;16;2
0-104-0;Baseline;/spdy/bench_test.go/BenchmarkComplexNoProxy;152507;49407;346
0-104-0;Baseline;/spdy/bench_test.go/BenchmarkComplexLocalPipe;778;392;5
0-105-0;Baseline;inmem_test.go/BenchmarkRoundTrip;744;0;0
0-105-0;Baseline;/spdy/bench_test.go/BenchmarkSimpleCopy;13756;974;47
0-105-0;Baseline;/spdy/bench_test.go/BenchmarkSimpleLocalProxy;12044;972;47
0-105-0;Baseline;/spdy/bench_test.go/BenchmarkSimpleSpdyProxy;11572;1668;73
0-105-0;Baseline;/spdy/bench_test.go/BenchmarkSimpleNoProxy;9002;232;21
0-105-0;Baseline;/spdy/bench_test.go/BenchmarkSimpleLocalPipe;441;16;2
0-105-0;Baseline;/spdy/bench_test.go/BenchmarkComplexNoProxy;150702;49408;346
0-105-0;Baseline;/spdy/bench_test.go/BenchmarkComplexLocalPipe;788;392;5
0-106-0;Baseline;inmem_test.go/BenchmarkRoundTrip;744;0;0
0-106-0;Baseline;/spdy/bench_test.go/BenchmarkSimpleCopy;13738;974;47
0-106-0;Baseline;/spdy/bench_test.go/BenchmarkSimpleLocalProxy;11869;972;47
0-106-0;Baseline;/spdy/bench_test.go/BenchmarkSimpleSpdyProxy;11442;1667;73
0-106-0;Baseline;/spdy/bench_test.go/BenchmarkSimpleNoProxy;9076;232;21
0-106-0;Baseline;/spdy/bench_test.go/BenchmarkSimpleLocalPipe;439;16;2
0-106-0;Baseline;/spdy/bench_test.go/BenchmarkComplexNoProxy;152079;49408;346
0-106-0;Baseline;/spdy/bench_test.go/BenchmarkComplexLocalPipe;777;392;5
0-107-0;Baseline;inmem_test.go/BenchmarkRoundTrip;733;0;0
0-107-0;Baseline;/spdy/bench_test.go/BenchmarkSimpleCopy;14013;974;47
0-107-0;Baseline;/spdy/bench_test.go/BenchmarkSimpleLocalProxy;11998;972;47
0-107-0;Baseline;/spdy/bench_test.go/BenchmarkSimpleSpdyProxy;11577;1668;73
0-107-0;Baseline;/spdy/bench_test.go/BenchmarkSimpleNoProxy;9147;232;21
0-107-0;Baseline;/spdy/bench_test.go/BenchmarkSimpleLocalPipe;439;16;2
0-107-0;Baseline;/spdy/bench_test.go/BenchmarkComplexNoProxy;152679;49407;346
0-107-0;Baseline;/spdy/bench_test.go/BenchmarkComplexLocalPipe;775;392;5
0-108-0;Baseline;inmem_test.go/BenchmarkRoundTrip;745;0;0
0-108-0;Baseline;/spdy/bench_test.go/BenchmarkSimpleCopy;13699;974;47
0-108-0;Baseline;/spdy/bench_test.go/BenchmarkSimpleLocalProxy;11873;972;47
0-108-0;Baseline;/spdy/bench_test.go/BenchmarkSimpleSpdyProxy;11478;1667;73
0-108-0;Baseline;/spdy/bench_test.go/BenchmarkSimpleNoProxy;9023;232;21
0-108-0;Baseline;/spdy/bench_test.go/BenchmarkSimpleLocalPipe;442;16;2
0-108-0;Baseline;/spdy/bench_test.go/BenchmarkComplexNoProxy;151175;49408;346
0-108-0;Baseline;/spdy/bench_test.go/BenchmarkComplexLocalPipe;788;392;5
0-109-0;Baseline;inmem_test.go/BenchmarkRoundTrip;740;0;0
0-109-0;Baseline;/spdy/bench_test.go/BenchmarkSimpleCopy;13774;974;47
0-109-0;Baseline;/spdy/bench_test.go/BenchmarkSimpleLocalProxy;11960;972;47
0-109-0;Baseline;/spdy/bench_test.go/BenchmarkSimpleSpdyProxy;11564;1668;73
0-109-0;Baseline;/spdy/bench_test.go/BenchmarkSimpleNoProxy;9127;232;21
0-109-0;Baseline;/spdy/bench_test.go/BenchmarkSimpleLocalPipe;444;16;2
0-109-0;Baseline;/spdy/bench_test.go/BenchmarkComplexNoProxy;149993;49407;346
0-109-0;Baseline;/spdy/bench_test.go/BenchmarkComplexLocalPipe;777;392;5
0-110-0;Baseline;inmem_test.go/BenchmarkRoundTrip;744;0;0
0-110-0;Baseline;/spdy/bench_test.go/BenchmarkSimpleCopy;13798;974;47
0-110-0;Baseline;/spdy/bench_test.go/BenchmarkSimpleLocalProxy;11936;972;47
0-110-0;Baseline;/spdy/bench_test.go/BenchmarkSimpleSpdyProxy;11515;1668;73
0-110-0;Baseline;/spdy/bench_test.go/BenchmarkSimpleNoProxy;9047;232;21
0-110-0;Baseline;/spdy/bench_test.go/BenchmarkSimpleLocalPipe;438;16;2
0-110-0;Baseline;/spdy/bench_test.go/BenchmarkComplexNoProxy;153056;49408;346
0-110-0;Baseline;/spdy/bench_test.go/BenchmarkComplexLocalPipe;779;392;5
0-111-0;Baseline;inmem_test.go/BenchmarkRoundTrip;741;0;0
0-111-0;Baseline;/spdy/bench_test.go/BenchmarkSimpleCopy;13896;974;47
0-111-0;Baseline;/spdy/bench_test.go/BenchmarkSimpleLocalProxy;11984;972;47
0-111-0;Baseline;/spdy/bench_test.go/BenchmarkSimpleSpdyProxy;11625;1668;73
0-111-0;Baseline;/spdy/bench_test.go/BenchmarkSimpleNoProxy;9015;232;21
0-111-0;Baseline;/spdy/bench_test.go/BenchmarkSimpleLocalPipe;443;16;2
0-111-0;Baseline;/spdy/bench_test.go/BenchmarkComplexNoProxy;153428;49407;346
0-111-0;Baseline;/spdy/bench_test.go/BenchmarkComplexLocalPipe;778;392;5
0-112-0;Baseline;inmem_test.go/BenchmarkRoundTrip;744;0;0
0-112-0;Baseline;/spdy/bench_test.go/BenchmarkSimpleCopy;13777;974;47
0-112-0;Baseline;/spdy/bench_test.go/BenchmarkSimpleLocalProxy;11889;972;47
0-112-0;Baseline;/spdy/bench_test.go/BenchmarkSimpleSpdyProxy;11449;1667;73
0-112-0;Baseline;/spdy/bench_test.go/BenchmarkSimpleNoProxy;9026;232;21
0-112-0;Baseline;/spdy/bench_test.go/BenchmarkSimpleLocalPipe;444;16;2
0-112-0;Baseline;/spdy/bench_test.go/BenchmarkComplexNoProxy;154515;49407;346
0-112-0;Baseline;/spdy/bench_test.go/BenchmarkComplexLocalPipe;781;392;5
0-113-0;Baseline;inmem_test.go/BenchmarkRoundTrip;739;0;0
0-113-0;Baseline;/spdy/bench_test.go/BenchmarkSimpleCopy;13845;974;47
0-113-0;Baseline;/spdy/bench_test.go/BenchmarkSimpleLocalProxy;11893;972;47
0-113-0;Baseline;/spdy/bench_test.go/BenchmarkSimpleSpdyProxy;11495;1667;73
0-113-0;Baseline;/spdy/bench_test.go/BenchmarkSimpleNoProxy;9040;232;21
0-113-0;Baseline;/spdy/bench_test.go/BenchmarkSimpleLocalPipe;442;16;2
0-113-0;Baseline;/spdy/bench_test.go/BenchmarkComplexNoProxy;152819;49408;346
0-113-0;Baseline;/spdy/bench_test.go/BenchmarkComplexLocalPipe;785;392;5
0-114-0;Baseline;inmem_test.go/BenchmarkRoundTrip;742;0;0
0-114-0;Baseline;/spdy/bench_test.go/BenchmarkSimpleCopy;13975;974;47
0-114-0;Baseline;/spdy/bench_test.go/BenchmarkSimpleLocalProxy;11955;972;47
0-114-0;Baseline;/spdy/bench_test.go/BenchmarkSimpleSpdyProxy;11505;1668;73
0-114-0;Baseline;/spdy/bench_test.go/BenchmarkSimpleNoProxy;9021;232;21
0-114-0;Baseline;/spdy/bench_test.go/BenchmarkSimpleLocalPipe;439;16;2
0-114-0;Baseline;/spdy/bench_test.go/BenchmarkComplexNoProxy;152847;49408;346
0-114-0;Baseline;/spdy/bench_test.go/BenchmarkComplexLocalPipe;779;392;5
0-115-0;Baseline;inmem_test.go/BenchmarkRoundTrip;740;0;0
0-115-0;Baseline;/spdy/bench_test.go/BenchmarkSimpleCopy;13746;974;47
0-115-0;Baseline;/spdy/bench_test.go/BenchmarkSimpleLocalProxy;11971;972;47
0-115-0;Baseline;/spdy/bench_test.go/BenchmarkSimpleSpdyProxy;11512;1668;73
0-115-0;Baseline;/spdy/bench_test.go/BenchmarkSimpleNoProxy;9106;232;21
0-115-0;Baseline;/spdy/bench_test.go/BenchmarkSimpleLocalPipe;444;16;2
0-115-0;Baseline;/spdy/bench_test.go/BenchmarkComplexNoProxy;153399;49408;346
0-115-0;Baseline;/spdy/bench_test.go/BenchmarkComplexLocalPipe;789;392;5
0-116-0;Baseline;inmem_test.go/BenchmarkRoundTrip;744;0;0
0-116-0;Baseline;/spdy/bench_test.go/BenchmarkSimpleCopy;13749;974;47
0-116-0;Baseline;/spdy/bench_test.go/BenchmarkSimpleLocalProxy;11959;972;47
0-116-0;Baseline;/spdy/bench_test.go/BenchmarkSimpleSpdyProxy;11527;1668;73
0-116-0;Baseline;/spdy/bench_test.go/BenchmarkSimpleNoProxy;9036;232;21
0-116-0;Baseline;/spdy/bench_test.go/BenchmarkSimpleLocalPipe;442;16;2
0-116-0;Baseline;/spdy/bench_test.go/BenchmarkComplexNoProxy;153452;49408;346
0-116-0;Baseline;/spdy/bench_test.go/BenchmarkComplexLocalPipe;776;392;5
0-117-0;Baseline;inmem_test.go/BenchmarkRoundTrip;743;0;0
0-117-0;Baseline;/spdy/bench_test.go/BenchmarkSimpleCopy;13902;974;47
0-117-0;Baseline;/spdy/bench_test.go/BenchmarkSimpleLocalProxy;12058;972;47
0-117-0;Baseline;/spdy/bench_test.go/BenchmarkSimpleSpdyProxy;11540;1694;73
0-117-0;Baseline;/spdy/bench_test.go/BenchmarkSimpleNoProxy;8964;232;21
0-117-0;Baseline;/spdy/bench_test.go/BenchmarkSimpleLocalPipe;439;16;2
0-117-0;Baseline;/spdy/bench_test.go/BenchmarkComplexNoProxy;149874;49408;346
0-117-0;Baseline;/spdy/bench_test.go/BenchmarkComplexLocalPipe;780;392;5
0-118-0;Baseline;inmem_test.go/BenchmarkRoundTrip;740;0;0
0-118-0;Baseline;/spdy/bench_test.go/BenchmarkSimpleCopy;13867;974;47
0-118-0;Baseline;/spdy/bench_test.go/BenchmarkSimpleLocalProxy;12099;972;47
0-118-0;Baseline;/spdy/bench_test.go/BenchmarkSimpleSpdyProxy;11645;1668;73
0-118-0;Baseline;/spdy/bench_test.go/BenchmarkSimpleNoProxy;9219;232;21
0-118-0;Baseline;/spdy/bench_test.go/BenchmarkSimpleLocalPipe;445;16;2
0-118-0;Baseline;/spdy/bench_test.go/BenchmarkComplexNoProxy;150877;49408;346
0-118-0;Baseline;/spdy/bench_test.go/BenchmarkComplexLocalPipe;775;392;5
0-119-0;Baseline;inmem_test.go/BenchmarkRoundTrip;735;0;0
0-119-0;Baseline;/spdy/bench_test.go/BenchmarkSimpleCopy;13983;974;47
0-119-0;Baseline;/spdy/bench_test.go/BenchmarkSimpleLocalProxy;11943;972;47
0-119-0;Baseline;/spdy/bench_test.go/BenchmarkSimpleSpdyProxy;11541;1668;73
0-119-0;Baseline;/spdy/bench_test.go/BenchmarkSimpleNoProxy;9065;232;21
0-119-0;Baseline;/spdy/bench_test.go/BenchmarkSimpleLocalPipe;440;16;2
0-119-0;Baseline;/spdy/bench_test.go/BenchmarkComplexNoProxy;152104;49408;346
0-119-0;Baseline;/spdy/bench_test.go/BenchmarkComplexLocalPipe;778;392;5
0-120-0;Baseline;inmem_test.go/BenchmarkRoundTrip;744;0;0
0-120-0;Baseline;/spdy/bench_test.go/BenchmarkSimpleCopy;13721;974;47
0-120-0;Baseline;/spdy/bench_test.go/BenchmarkSimpleLocalProxy;11906;972;47
0-120-0;Baseline;/spdy/bench_test.go/BenchmarkSimpleSpdyProxy;11561;1668;73
0-120-0;Baseline;/spdy/bench_test.go/BenchmarkSimpleNoProxy;9013;232;21
0-120-0;Baseline;/spdy/bench_test.go/BenchmarkSimpleLocalPipe;439;16;2
0-120-0;Baseline;/spdy/bench_test.go/BenchmarkComplexNoProxy;151685;49409;346
0-120-0;Baseline;/spdy/bench_test.go/BenchmarkComplexLocalPipe;779;392;5
0-121-0;Baseline;inmem_test.go/BenchmarkRoundTrip;743;0;0
0-121-0;Baseline;/spdy/bench_test.go/BenchmarkSimpleCopy;13839;974;47
0-121-0;Baseline;/spdy/bench_test.go/BenchmarkSimpleLocalProxy;12051;972;47
0-121-0;Baseline;/spdy/bench_test.go/BenchmarkSimpleSpdyProxy;11827;1695;73
0-121-0;Baseline;/spdy/bench_test.go/BenchmarkSimpleNoProxy;9105;232;21
0-121-0;Baseline;/spdy/bench_test.go/BenchmarkSimpleLocalPipe;442;16;2
0-121-0;Baseline;/spdy/bench_test.go/BenchmarkComplexNoProxy;149670;49407;346
0-121-0;Baseline;/spdy/bench_test.go/BenchmarkComplexLocalPipe;776;392;5
0-122-0;Baseline;inmem_test.go/BenchmarkRoundTrip;744;0;0
0-122-0;Baseline;/spdy/bench_test.go/BenchmarkSimpleCopy;13850;974;47
0-122-0;Baseline;/spdy/bench_test.go/BenchmarkSimpleLocalProxy;12069;972;47
0-122-0;Baseline;/spdy/bench_test.go/BenchmarkSimpleSpdyProxy;11403;1667;73
0-122-0;Baseline;/spdy/bench_test.go/BenchmarkSimpleNoProxy;9069;232;21
0-122-0;Baseline;/spdy/bench_test.go/BenchmarkSimpleLocalPipe;447;16;2
0-122-0;Baseline;/spdy/bench_test.go/BenchmarkComplexNoProxy;150144;49408;346
0-122-0;Baseline;/spdy/bench_test.go/BenchmarkComplexLocalPipe;779;392;5
0-123-0;Baseline;inmem_test.go/BenchmarkRoundTrip;743;0;0
0-123-0;Baseline;/spdy/bench_test.go/BenchmarkSimpleCopy;13882;974;47
0-123-0;Baseline;/spdy/bench_test.go/BenchmarkSimpleLocalProxy;11977;972;47
0-123-0;Baseline;/spdy/bench_test.go/BenchmarkSimpleSpdyProxy;11543;1694;73
0-123-0;Baseline;/spdy/bench_test.go/BenchmarkSimpleNoProxy;9084;232;21
0-123-0;Baseline;/spdy/bench_test.go/BenchmarkSimpleLocalPipe;441;16;2
0-123-0;Baseline;/spdy/bench_test.go/BenchmarkComplexNoProxy;153556;49408;346
0-123-0;Baseline;/spdy/bench_test.go/BenchmarkComplexLocalPipe;778;392;5
0-124-0;Baseline;inmem_test.go/BenchmarkRoundTrip;747;0;0
0-124-0;Baseline;/spdy/bench_test.go/BenchmarkSimpleCopy;13919;974;47
0-124-0;Baseline;/spdy/bench_test.go/BenchmarkSimpleLocalProxy;11825;972;47
0-124-0;Baseline;/spdy/bench_test.go/BenchmarkSimpleSpdyProxy;11535;1668;73
0-124-0;Baseline;/spdy/bench_test.go/BenchmarkSimpleNoProxy;9063;232;21
0-124-0;Baseline;/spdy/bench_test.go/BenchmarkSimpleLocalPipe;439;16;2
0-124-0;Baseline;/spdy/bench_test.go/BenchmarkComplexNoProxy;152522;49407;346
0-124-0;Baseline;/spdy/bench_test.go/BenchmarkComplexLocalPipe;776;392;5
0-125-0;Baseline;inmem_test.go/BenchmarkRoundTrip;740;0;0
0-125-0;Baseline;/spdy/bench_test.go/BenchmarkSimpleCopy;13845;974;47
0-125-0;Baseline;/spdy/bench_test.go/BenchmarkSimpleLocalProxy;11839;972;47
0-125-0;Baseline;/spdy/bench_test.go/BenchmarkSimpleSpdyProxy;11578;1694;73
0-125-0;Baseline;/spdy/bench_test.go/BenchmarkSimpleNoProxy;9089;232;21
