0-0-0;Baseline;jsoniter_int_test.go/Benchmark_jsoniter_encode_int;22.9;0;0
0-0-0;Baseline;jsoniter_int_test.go/Benchmark_itoa;68.1;16;1
0-0-0;Baseline;jsoniter_int_test.go/Benchmark_jsoniter_int;25.5;0;0
0-0-0;Baseline;jsoniter_int_test.go/Benchmark_json_int;561;312;4
0-0-0;Baseline;jsoniter_large_file_test.go/Benchmark_jsoniter_large_file;2433;4224;4
0-0-0;Baseline;jsoniter_large_file_test.go/Benchmark_json_large_file;2106;944;6
0-0-0;Baseline;jsoniter_nested_test.go/Benchmark_jsoniter_nested;611;128;7
0-0-0;Baseline;jsoniter_nested_test.go/Benchmark_json_nested;3213;552;10
0-0-0;Baseline;jsoniter_skip_test.go/Benchmark_jsoniter_skip;1304;16;3
0-0-0;Baseline;jsoniter_skip_test.go/Benchmark_json_skip;8560;480;10
0-0-0;Baseline;jsoniter_string_test.go/Benchmark_jsoniter_unicode;234;32;3
0-0-0;Baseline;jsoniter_string_test.go/Benchmark_jsoniter_ascii;91;32;1
0-0-0;Baseline;jsoniter_string_test.go/Benchmark_jsoniter_string_as_bytes;30.6;0;0
0-0-0;Baseline;jsoniter_string_test.go/Benchmark_json_unicode;872;364;7
0-0-0;Baseline;jsoniter_string_test.go/Benchmark_json_ascii;577;320;4
0-0-0;Baseline;jsoniter_array_test.go/Benchmark_jsoniter_array;225;0;0
0-0-0;Baseline;jsoniter_array_test.go/Benchmark_json_array;1957;480;12
0-0-0;Baseline;jsoniter_demo_test.go/BenchmarkJosniterMarshal;1073;160;2
0-0-0;Baseline;jsoniter_demo_test.go/BenchmarkStdMarshal;1531;336;2
0-0-0;Baseline;jsoniter_float_test.go/Benchmark_jsoniter_float;36.3;0;0
0-0-0;Baseline;jsoniter_float_test.go/Benchmark_json_float;570;312;4
0-1-0;Baseline;jsoniter_demo_test.go/BenchmarkJosniterMarshal;1082;160;2
0-1-0;Baseline;jsoniter_demo_test.go/BenchmarkStdMarshal;1530;336;2
0-1-0;Baseline;jsoniter_float_test.go/Benchmark_jsoniter_float;36.3;0;0
0-1-0;Baseline;jsoniter_float_test.go/Benchmark_json_float;571;312;4
0-1-0;Baseline;jsoniter_int_test.go/Benchmark_jsoniter_encode_int;22.9;0;0
0-1-0;Baseline;jsoniter_int_test.go/Benchmark_itoa;68.2;16;1
0-1-0;Baseline;jsoniter_int_test.go/Benchmark_jsoniter_int;25.5;0;0
0-1-0;Baseline;jsoniter_int_test.go/Benchmark_json_int;560;312;4
0-1-0;Baseline;jsoniter_large_file_test.go/Benchmark_jsoniter_large_file;2429;4224;4
0-1-0;Baseline;jsoniter_large_file_test.go/Benchmark_json_large_file;2104;944;6
0-1-0;Baseline;jsoniter_nested_test.go/Benchmark_jsoniter_nested;612;128;7
0-1-0;Baseline;jsoniter_nested_test.go/Benchmark_json_nested;3212;552;10
0-1-0;Baseline;jsoniter_skip_test.go/Benchmark_jsoniter_skip;1303;16;3
0-1-0;Baseline;jsoniter_skip_test.go/Benchmark_json_skip;8597;480;10
0-1-0;Baseline;jsoniter_string_test.go/Benchmark_jsoniter_unicode;234;32;3
0-1-0;Baseline;jsoniter_string_test.go/Benchmark_jsoniter_ascii;91;32;1
0-1-0;Baseline;jsoniter_string_test.go/Benchmark_jsoniter_string_as_bytes;30.6;0;0
0-1-0;Baseline;jsoniter_string_test.go/Benchmark_json_unicode;873;364;7
0-1-0;Baseline;jsoniter_string_test.go/Benchmark_json_ascii;577;320;4
0-1-0;Baseline;jsoniter_array_test.go/Benchmark_jsoniter_array;225;0;0
0-1-0;Baseline;jsoniter_array_test.go/Benchmark_json_array;1955;480;12
0-2-0;Baseline;jsoniter_float_test.go/Benchmark_jsoniter_float;36.3;0;0
0-2-0;Baseline;jsoniter_float_test.go/Benchmark_json_float;574;312;4
0-2-0;Baseline;jsoniter_int_test.go/Benchmark_jsoniter_encode_int;22.9;0;0
0-2-0;Baseline;jsoniter_int_test.go/Benchmark_itoa;68.1;16;1
0-2-0;Baseline;jsoniter_int_test.go/Benchmark_jsoniter_int;25.5;0;0
0-2-0;Baseline;jsoniter_int_test.go/Benchmark_json_int;560;312;4
0-2-0;Baseline;jsoniter_large_file_test.go/Benchmark_jsoniter_large_file;2426;4224;4
0-2-0;Baseline;jsoniter_large_file_test.go/Benchmark_json_large_file;2112;944;6
0-2-0;Baseline;jsoniter_nested_test.go/Benchmark_jsoniter_nested;609;128;7
0-2-0;Baseline;jsoniter_nested_test.go/Benchmark_json_nested;3223;552;10
0-2-0;Baseline;jsoniter_skip_test.go/Benchmark_jsoniter_skip;1306;16;3
0-2-0;Baseline;jsoniter_skip_test.go/Benchmark_json_skip;8602;480;10
0-2-0;Baseline;jsoniter_string_test.go/Benchmark_jsoniter_unicode;234;32;3
0-2-0;Baseline;jsoniter_string_test.go/Benchmark_jsoniter_ascii;90.7;32;1
0-2-0;Baseline;jsoniter_string_test.go/Benchmark_jsoniter_string_as_bytes;30.6;0;0
0-2-0;Baseline;jsoniter_string_test.go/Benchmark_json_unicode;873;364;7
0-2-0;Baseline;jsoniter_string_test.go/Benchmark_json_ascii;577;320;4
0-2-0;Baseline;jsoniter_array_test.go/Benchmark_jsoniter_array;225;0;0
0-2-0;Baseline;jsoniter_array_test.go/Benchmark_json_array;1955;480;12
0-2-0;Baseline;jsoniter_demo_test.go/BenchmarkJosniterMarshal;1074;160;2
0-2-0;Baseline;jsoniter_demo_test.go/BenchmarkStdMarshal;1529;336;2
0-3-0;Baseline;jsoniter_nested_test.go/Benchmark_jsoniter_nested;611;128;7
0-3-0;Baseline;jsoniter_nested_test.go/Benchmark_json_nested;3216;552;10
0-3-0;Baseline;jsoniter_skip_test.go/Benchmark_jsoniter_skip;1303;16;3
0-3-0;Baseline;jsoniter_skip_test.go/Benchmark_json_skip;8599;480;10
0-3-0;Baseline;jsoniter_string_test.go/Benchmark_jsoniter_unicode;234;32;3
0-3-0;Baseline;jsoniter_string_test.go/Benchmark_jsoniter_ascii;90.7;32;1
0-3-0;Baseline;jsoniter_string_test.go/Benchmark_jsoniter_string_as_bytes;30.6;0;0
0-3-0;Baseline;jsoniter_string_test.go/Benchmark_json_unicode;873;364;7
0-3-0;Baseline;jsoniter_string_test.go/Benchmark_json_ascii;577;320;4
0-3-0;Baseline;jsoniter_array_test.go/Benchmark_jsoniter_array;225;0;0
0-3-0;Baseline;jsoniter_array_test.go/Benchmark_json_array;1955;480;12
0-3-0;Baseline;jsoniter_demo_test.go/BenchmarkJosniterMarshal;1077;160;2
0-3-0;Baseline;jsoniter_demo_test.go/BenchmarkStdMarshal;1529;336;2
0-3-0;Baseline;jsoniter_float_test.go/Benchmark_jsoniter_float;36.3;0;0
0-3-0;Baseline;jsoniter_float_test.go/Benchmark_json_float;571;312;4
0-3-0;Baseline;jsoniter_int_test.go/Benchmark_jsoniter_encode_int;22.9;0;0
0-3-0;Baseline;jsoniter_int_test.go/Benchmark_itoa;68.1;16;1
0-3-0;Baseline;jsoniter_int_test.go/Benchmark_jsoniter_int;25.5;0;0
0-3-0;Baseline;jsoniter_int_test.go/Benchmark_json_int;560;312;4
0-3-0;Baseline;jsoniter_large_file_test.go/Benchmark_jsoniter_large_file;2426;4224;4
0-3-0;Baseline;jsoniter_large_file_test.go/Benchmark_json_large_file;2119;944;6
0-4-0;Baseline;jsoniter_nested_test.go/Benchmark_jsoniter_nested;612;128;7
0-4-0;Baseline;jsoniter_nested_test.go/Benchmark_json_nested;3213;552;10
0-4-0;Baseline;jsoniter_skip_test.go/Benchmark_jsoniter_skip;1305;16;3
0-4-0;Baseline;jsoniter_skip_test.go/Benchmark_json_skip;8599;480;10
0-4-0;Baseline;jsoniter_string_test.go/Benchmark_jsoniter_unicode;234;32;3
0-4-0;Baseline;jsoniter_string_test.go/Benchmark_jsoniter_ascii;90.8;32;1
0-4-0;Baseline;jsoniter_string_test.go/Benchmark_jsoniter_string_as_bytes;30.6;0;0
0-4-0;Baseline;jsoniter_string_test.go/Benchmark_json_unicode;872;364;7
0-4-0;Baseline;jsoniter_string_test.go/Benchmark_json_ascii;576;320;4
0-4-0;Baseline;jsoniter_array_test.go/Benchmark_jsoniter_array;225;0;0
0-4-0;Baseline;jsoniter_array_test.go/Benchmark_json_array;1956;480;12
0-4-0;Baseline;jsoniter_demo_test.go/BenchmarkJosniterMarshal;1077;160;2
0-4-0;Baseline;jsoniter_demo_test.go/BenchmarkStdMarshal;1529;336;2
0-4-0;Baseline;jsoniter_float_test.go/Benchmark_jsoniter_float;36.3;0;0
0-4-0;Baseline;jsoniter_float_test.go/Benchmark_json_float;571;312;4
0-4-0;Baseline;jsoniter_int_test.go/Benchmark_jsoniter_encode_int;22.9;0;0
0-4-0;Baseline;jsoniter_int_test.go/Benchmark_itoa;68.2;16;1
0-4-0;Baseline;jsoniter_int_test.go/Benchmark_jsoniter_int;25.5;0;0
0-4-0;Baseline;jsoniter_int_test.go/Benchmark_json_int;560;312;4
0-4-0;Baseline;jsoniter_large_file_test.go/Benchmark_jsoniter_large_file;2437;4224;4
0-4-0;Baseline;jsoniter_large_file_test.go/Benchmark_json_large_file;2106;944;6
0-5-0;Baseline;jsoniter_float_test.go/Benchmark_jsoniter_float;36.3;0;0
0-5-0;Baseline;jsoniter_float_test.go/Benchmark_json_float;571;312;4
0-5-0;Baseline;jsoniter_int_test.go/Benchmark_jsoniter_encode_int;22.9;0;0
0-5-0;Baseline;jsoniter_int_test.go/Benchmark_itoa;68.1;16;1
0-5-0;Baseline;jsoniter_int_test.go/Benchmark_jsoniter_int;25.5;0;0
0-5-0;Baseline;jsoniter_int_test.go/Benchmark_json_int;561;312;4
0-5-0;Baseline;jsoniter_large_file_test.go/Benchmark_jsoniter_large_file;2423;4224;4
0-5-0;Baseline;jsoniter_large_file_test.go/Benchmark_json_large_file;2103;944;6
0-5-0;Baseline;jsoniter_nested_test.go/Benchmark_jsoniter_nested;611;128;7
0-5-0;Baseline;jsoniter_nested_test.go/Benchmark_json_nested;3211;552;10
0-5-0;Baseline;jsoniter_skip_test.go/Benchmark_jsoniter_skip;1304;16;3
0-5-0;Baseline;jsoniter_skip_test.go/Benchmark_json_skip;8595;480;10
0-5-0;Baseline;jsoniter_string_test.go/Benchmark_jsoniter_unicode;234;32;3
0-5-0;Baseline;jsoniter_string_test.go/Benchmark_jsoniter_ascii;90.8;32;1
0-5-0;Baseline;jsoniter_string_test.go/Benchmark_jsoniter_string_as_bytes;30.6;0;0
0-5-0;Baseline;jsoniter_string_test.go/Benchmark_json_unicode;872;364;7
0-5-0;Baseline;jsoniter_string_test.go/Benchmark_json_ascii;577;320;4
0-5-0;Baseline;jsoniter_array_test.go/Benchmark_jsoniter_array;225;0;0
0-5-0;Baseline;jsoniter_array_test.go/Benchmark_json_array;1956;480;12
0-5-0;Baseline;jsoniter_demo_test.go/BenchmarkJosniterMarshal;1077;160;2
0-5-0;Baseline;jsoniter_demo_test.go/BenchmarkStdMarshal;1529;336;2
0-6-0;Baseline;jsoniter_float_test.go/Benchmark_jsoniter_float;36.3;0;0
0-6-0;Baseline;jsoniter_float_test.go/Benchmark_json_float;571;312;4
0-6-0;Baseline;jsoniter_int_test.go/Benchmark_jsoniter_encode_int;22.9;0;0
0-6-0;Baseline;jsoniter_int_test.go/Benchmark_itoa;68.1;16;1
0-6-0;Baseline;jsoniter_int_test.go/Benchmark_jsoniter_int;25.5;0;0
0-6-0;Baseline;jsoniter_int_test.go/Benchmark_json_int;560;312;4
0-6-0;Baseline;jsoniter_large_file_test.go/Benchmark_jsoniter_large_file;2439;4224;4
0-6-0;Baseline;jsoniter_large_file_test.go/Benchmark_json_large_file;2105;944;6
0-6-0;Baseline;jsoniter_nested_test.go/Benchmark_jsoniter_nested;613;128;7
0-6-0;Baseline;jsoniter_nested_test.go/Benchmark_json_nested;3213;552;10
0-6-0;Baseline;jsoniter_skip_test.go/Benchmark_jsoniter_skip;1305;16;3
0-6-0;Baseline;jsoniter_skip_test.go/Benchmark_json_skip;8595;480;10
0-6-0;Baseline;jsoniter_string_test.go/Benchmark_jsoniter_unicode;234;32;3
0-6-0;Baseline;jsoniter_string_test.go/Benchmark_jsoniter_ascii;91;32;1
0-6-0;Baseline;jsoniter_string_test.go/Benchmark_jsoniter_string_as_bytes;30.6;0;0
0-6-0;Baseline;jsoniter_string_test.go/Benchmark_json_unicode;873;364;7
0-6-0;Baseline;jsoniter_string_test.go/Benchmark_json_ascii;577;320;4
0-6-0;Baseline;jsoniter_array_test.go/Benchmark_jsoniter_array;225;0;0
0-6-0;Baseline;jsoniter_array_test.go/Benchmark_json_array;1955;480;12
0-6-0;Baseline;jsoniter_demo_test.go/BenchmarkJosniterMarshal;1079;160;2
0-6-0;Baseline;jsoniter_demo_test.go/BenchmarkStdMarshal;1531;336;2
0-7-0;Baseline;jsoniter_array_test.go/Benchmark_jsoniter_array;225;0;0
0-7-0;Baseline;jsoniter_array_test.go/Benchmark_json_array;1956;480;12
0-7-0;Baseline;jsoniter_demo_test.go/BenchmarkJosniterMarshal;1074;160;2
0-7-0;Baseline;jsoniter_demo_test.go/BenchmarkStdMarshal;1527;336;2
0-7-0;Baseline;jsoniter_float_test.go/Benchmark_jsoniter_float;36.3;0;0
0-7-0;Baseline;jsoniter_float_test.go/Benchmark_json_float;571;312;4
0-7-0;Baseline;jsoniter_int_test.go/Benchmark_jsoniter_encode_int;22.9;0;0
0-7-0;Baseline;jsoniter_int_test.go/Benchmark_itoa;68.2;16;1
0-7-0;Baseline;jsoniter_int_test.go/Benchmark_jsoniter_int;25.5;0;0
0-7-0;Baseline;jsoniter_int_test.go/Benchmark_json_int;560;312;4
0-7-0;Baseline;jsoniter_large_file_test.go/Benchmark_jsoniter_large_file;2429;4224;4
0-7-0;Baseline;jsoniter_large_file_test.go/Benchmark_json_large_file;2106;944;6
0-7-0;Baseline;jsoniter_nested_test.go/Benchmark_jsoniter_nested;614;128;7
0-7-0;Baseline;jsoniter_nested_test.go/Benchmark_json_nested;3217;552;10
0-7-0;Baseline;jsoniter_skip_test.go/Benchmark_jsoniter_skip;1314;16;3
0-7-0;Baseline;jsoniter_skip_test.go/Benchmark_json_skip;8597;480;10
0-7-0;Baseline;jsoniter_string_test.go/Benchmark_jsoniter_unicode;237;32;3
0-7-0;Baseline;jsoniter_string_test.go/Benchmark_jsoniter_ascii;91.1;32;1
0-7-0;Baseline;jsoniter_string_test.go/Benchmark_jsoniter_string_as_bytes;30.6;0;0
0-7-0;Baseline;jsoniter_string_test.go/Benchmark_json_unicode;871;364;7
0-7-0;Baseline;jsoniter_string_test.go/Benchmark_json_ascii;577;320;4
0-8-0;Baseline;jsoniter_int_test.go/Benchmark_jsoniter_encode_int;22.9;0;0
0-8-0;Baseline;jsoniter_int_test.go/Benchmark_itoa;70.7;16;1
0-8-0;Baseline;jsoniter_int_test.go/Benchmark_jsoniter_int;25.5;0;0
0-8-0;Baseline;jsoniter_int_test.go/Benchmark_json_int;560;312;4
0-8-0;Baseline;jsoniter_large_file_test.go/Benchmark_jsoniter_large_file;2427;4224;4
0-8-0;Baseline;jsoniter_large_file_test.go/Benchmark_json_large_file;2102;944;6
0-8-0;Baseline;jsoniter_nested_test.go/Benchmark_jsoniter_nested;613;128;7
0-8-0;Baseline;jsoniter_nested_test.go/Benchmark_json_nested;3211;552;10
0-8-0;Baseline;jsoniter_skip_test.go/Benchmark_jsoniter_skip;1305;16;3
0-8-0;Baseline;jsoniter_skip_test.go/Benchmark_json_skip;8606;480;10
0-8-0;Baseline;jsoniter_string_test.go/Benchmark_jsoniter_unicode;234;32;3
0-8-0;Baseline;jsoniter_string_test.go/Benchmark_jsoniter_ascii;90.9;32;1
0-8-0;Baseline;jsoniter_string_test.go/Benchmark_jsoniter_string_as_bytes;30.6;0;0
0-8-0;Baseline;jsoniter_string_test.go/Benchmark_json_unicode;872;364;7
0-8-0;Baseline;jsoniter_string_test.go/Benchmark_json_ascii;576;320;4
0-8-0;Baseline;jsoniter_array_test.go/Benchmark_jsoniter_array;225;0;0
0-8-0;Baseline;jsoniter_array_test.go/Benchmark_json_array;1954;480;12
0-8-0;Baseline;jsoniter_demo_test.go/BenchmarkJosniterMarshal;1075;160;2
0-8-0;Baseline;jsoniter_demo_test.go/BenchmarkStdMarshal;1526;336;2
0-8-0;Baseline;jsoniter_float_test.go/Benchmark_jsoniter_float;39.7;0;0
0-8-0;Baseline;jsoniter_float_test.go/Benchmark_json_float;570;312;4
0-9-0;Baseline;jsoniter_skip_test.go/Benchmark_jsoniter_skip;1310;16;3
0-9-0;Baseline;jsoniter_skip_test.go/Benchmark_json_skip;8602;480;10
0-9-0;Baseline;jsoniter_string_test.go/Benchmark_jsoniter_unicode;234;32;3
0-9-0;Baseline;jsoniter_string_test.go/Benchmark_jsoniter_ascii;91;32;1
0-9-0;Baseline;jsoniter_string_test.go/Benchmark_jsoniter_string_as_bytes;31.6;0;0
0-9-0;Baseline;jsoniter_string_test.go/Benchmark_json_unicode;871;364;7
0-9-0;Baseline;jsoniter_string_test.go/Benchmark_json_ascii;577;320;4
0-9-0;Baseline;jsoniter_array_test.go/Benchmark_jsoniter_array;225;0;0
0-9-0;Baseline;jsoniter_array_test.go/Benchmark_json_array;1958;480;12
0-9-0;Baseline;jsoniter_demo_test.go/BenchmarkJosniterMarshal;1077;160;2
0-9-0;Baseline;jsoniter_demo_test.go/BenchmarkStdMarshal;1528;336;2
0-9-0;Baseline;jsoniter_float_test.go/Benchmark_jsoniter_float;36.3;0;0
0-9-0;Baseline;jsoniter_float_test.go/Benchmark_json_float;571;312;4
0-9-0;Baseline;jsoniter_int_test.go/Benchmark_jsoniter_encode_int;22.9;0;0
0-9-0;Baseline;jsoniter_int_test.go/Benchmark_itoa;68.1;16;1
0-9-0;Baseline;jsoniter_int_test.go/Benchmark_jsoniter_int;25.4;0;0
0-9-0;Baseline;jsoniter_int_test.go/Benchmark_json_int;560;312;4
0-9-0;Baseline;jsoniter_large_file_test.go/Benchmark_jsoniter_large_file;2436;4224;4
0-9-0;Baseline;jsoniter_large_file_test.go/Benchmark_json_large_file;2103;944;6
0-9-0;Baseline;jsoniter_nested_test.go/Benchmark_jsoniter_nested;612;128;7
0-9-0;Baseline;jsoniter_nested_test.go/Benchmark_json_nested;3218;552;10
0-10-0;Baseline;jsoniter_string_test.go/Benchmark_jsoniter_unicode;234;32;3
0-10-0;Baseline;jsoniter_string_test.go/Benchmark_jsoniter_ascii;91;32;1
0-10-0;Baseline;jsoniter_string_test.go/Benchmark_jsoniter_string_as_bytes;30.6;0;0
0-10-0;Baseline;jsoniter_string_test.go/Benchmark_json_unicode;872;364;7
0-10-0;Baseline;jsoniter_string_test.go/Benchmark_json_ascii;578;320;4
0-10-0;Baseline;jsoniter_array_test.go/Benchmark_jsoniter_array;225;0;0
0-10-0;Baseline;jsoniter_array_test.go/Benchmark_json_array;1955;480;12
0-10-0;Baseline;jsoniter_demo_test.go/BenchmarkJosniterMarshal;1079;160;2
0-10-0;Baseline;jsoniter_demo_test.go/BenchmarkStdMarshal;1526;336;2
0-10-0;Baseline;jsoniter_float_test.go/Benchmark_jsoniter_float;36.3;0;0
0-10-0;Baseline;jsoniter_float_test.go/Benchmark_json_float;570;312;4
0-10-0;Baseline;jsoniter_int_test.go/Benchmark_jsoniter_encode_int;22.9;0;0
0-10-0;Baseline;jsoniter_int_test.go/Benchmark_itoa;68.1;16;1
0-10-0;Baseline;jsoniter_int_test.go/Benchmark_jsoniter_int;25.4;0;0
0-10-0;Baseline;jsoniter_int_test.go/Benchmark_json_int;560;312;4
0-10-0;Baseline;jsoniter_large_file_test.go/Benchmark_jsoniter_large_file;2432;4224;4
0-10-0;Baseline;jsoniter_large_file_test.go/Benchmark_json_large_file;2102;944;6
0-10-0;Baseline;jsoniter_nested_test.go/Benchmark_jsoniter_nested;612;128;7
0-10-0;Baseline;jsoniter_nested_test.go/Benchmark_json_nested;3220;552;10
0-10-0;Baseline;jsoniter_skip_test.go/Benchmark_jsoniter_skip;1304;16;3
0-10-0;Baseline;jsoniter_skip_test.go/Benchmark_json_skip;8600;480;10
0-11-0;Baseline;jsoniter_skip_test.go/Benchmark_jsoniter_skip;1302;16;3
0-11-0;Baseline;jsoniter_skip_test.go/Benchmark_json_skip;8600;480;10
0-11-0;Baseline;jsoniter_string_test.go/Benchmark_jsoniter_unicode;234;32;3
0-11-0;Baseline;jsoniter_string_test.go/Benchmark_jsoniter_ascii;90.9;32;1
0-11-0;Baseline;jsoniter_string_test.go/Benchmark_jsoniter_string_as_bytes;30.6;0;0
0-11-0;Baseline;jsoniter_string_test.go/Benchmark_json_unicode;873;364;7
0-11-0;Baseline;jsoniter_string_test.go/Benchmark_json_ascii;577;320;4
0-11-0;Baseline;jsoniter_array_test.go/Benchmark_jsoniter_array;225;0;0
0-11-0;Baseline;jsoniter_array_test.go/Benchmark_json_array;1955;480;12
0-11-0;Baseline;jsoniter_demo_test.go/BenchmarkJosniterMarshal;1076;160;2
0-11-0;Baseline;jsoniter_demo_test.go/BenchmarkStdMarshal;1527;336;2
0-11-0;Baseline;jsoniter_float_test.go/Benchmark_jsoniter_float;36.3;0;0
0-11-0;Baseline;jsoniter_float_test.go/Benchmark_json_float;570;312;4
0-11-0;Baseline;jsoniter_int_test.go/Benchmark_jsoniter_encode_int;22.9;0;0
0-11-0;Baseline;jsoniter_int_test.go/Benchmark_itoa;68.1;16;1
0-11-0;Baseline;jsoniter_int_test.go/Benchmark_jsoniter_int;25.5;0;0
0-11-0;Baseline;jsoniter_int_test.go/Benchmark_json_int;560;312;4
0-11-0;Baseline;jsoniter_large_file_test.go/Benchmark_jsoniter_large_file;2435;4224;4
0-11-0;Baseline;jsoniter_large_file_test.go/Benchmark_json_large_file;2104;944;6
0-11-0;Baseline;jsoniter_nested_test.go/Benchmark_jsoniter_nested;611;128;7
0-11-0;Baseline;jsoniter_nested_test.go/Benchmark_json_nested;3210;552;10
0-12-0;Baseline;jsoniter_large_file_test.go/Benchmark_jsoniter_large_file;2497;4224;4
0-12-0;Baseline;jsoniter_large_file_test.go/Benchmark_json_large_file;2112;944;6
0-12-0;Baseline;jsoniter_nested_test.go/Benchmark_jsoniter_nested;610;128;7
0-12-0;Baseline;jsoniter_nested_test.go/Benchmark_json_nested;3214;552;10
0-12-0;Baseline;jsoniter_skip_test.go/Benchmark_jsoniter_skip;1305;16;3
0-12-0;Baseline;jsoniter_skip_test.go/Benchmark_json_skip;8565;480;10
0-12-0;Baseline;jsoniter_string_test.go/Benchmark_jsoniter_unicode;235;32;3
0-12-0;Baseline;jsoniter_string_test.go/Benchmark_jsoniter_ascii;90.9;32;1
0-12-0;Baseline;jsoniter_string_test.go/Benchmark_jsoniter_string_as_bytes;39.4;0;0
0-12-0;Baseline;jsoniter_string_test.go/Benchmark_json_unicode;871;364;7
0-12-0;Baseline;jsoniter_string_test.go/Benchmark_json_ascii;582;320;4
0-12-0;Baseline;jsoniter_array_test.go/Benchmark_jsoniter_array;225;0;0
0-12-0;Baseline;jsoniter_array_test.go/Benchmark_json_array;1954;480;12
0-12-0;Baseline;jsoniter_demo_test.go/BenchmarkJosniterMarshal;1078;160;2
0-12-0;Baseline;jsoniter_demo_test.go/BenchmarkStdMarshal;1530;336;2
0-12-0;Baseline;jsoniter_float_test.go/Benchmark_jsoniter_float;37.2;0;0
0-12-0;Baseline;jsoniter_float_test.go/Benchmark_json_float;571;312;4
0-12-0;Baseline;jsoniter_int_test.go/Benchmark_jsoniter_encode_int;22.9;0;0
0-12-0;Baseline;jsoniter_int_test.go/Benchmark_itoa;68.2;16;1
0-12-0;Baseline;jsoniter_int_test.go/Benchmark_jsoniter_int;25.5;0;0
0-12-0;Baseline;jsoniter_int_test.go/Benchmark_json_int;561;312;4
0-13-0;Baseline;jsoniter_array_test.go/Benchmark_jsoniter_array;225;0;0
0-13-0;Baseline;jsoniter_array_test.go/Benchmark_json_array;1954;480;12
0-13-0;Baseline;jsoniter_demo_test.go/BenchmarkJosniterMarshal;1072;160;2
0-13-0;Baseline;jsoniter_demo_test.go/BenchmarkStdMarshal;1531;336;2
0-13-0;Baseline;jsoniter_float_test.go/Benchmark_jsoniter_float;36.3;0;0
0-13-0;Baseline;jsoniter_float_test.go/Benchmark_json_float;570;312;4
0-13-0;Baseline;jsoniter_int_test.go/Benchmark_jsoniter_encode_int;22.9;0;0
0-13-0;Baseline;jsoniter_int_test.go/Benchmark_itoa;68.1;16;1
0-13-0;Baseline;jsoniter_int_test.go/Benchmark_jsoniter_int;25.5;0;0
0-13-0;Baseline;jsoniter_int_test.go/Benchmark_json_int;561;312;4
0-13-0;Baseline;jsoniter_large_file_test.go/Benchmark_jsoniter_large_file;2429;4224;4
0-13-0;Baseline;jsoniter_large_file_test.go/Benchmark_json_large_file;2108;944;6
0-13-0;Baseline;jsoniter_nested_test.go/Benchmark_jsoniter_nested;612;128;7
0-13-0;Baseline;jsoniter_nested_test.go/Benchmark_json_nested;3212;552;10
0-13-0;Baseline;jsoniter_skip_test.go/Benchmark_jsoniter_skip;1304;16;3
0-13-0;Baseline;jsoniter_skip_test.go/Benchmark_json_skip;8601;480;10
0-13-0;Baseline;jsoniter_string_test.go/Benchmark_jsoniter_unicode;234;32;3
0-13-0;Baseline;jsoniter_string_test.go/Benchmark_jsoniter_ascii;90.8;32;1
0-13-0;Baseline;jsoniter_string_test.go/Benchmark_jsoniter_string_as_bytes;30.6;0;0
0-13-0;Baseline;jsoniter_string_test.go/Benchmark_json_unicode;872;364;7
0-13-0;Baseline;jsoniter_string_test.go/Benchmark_json_ascii;577;320;4
0-14-0;Baseline;jsoniter_array_test.go/Benchmark_jsoniter_array;225;0;0
0-14-0;Baseline;jsoniter_array_test.go/Benchmark_json_array;1956;480;12
0-14-0;Baseline;jsoniter_demo_test.go/BenchmarkJosniterMarshal;1074;160;2
0-14-0;Baseline;jsoniter_demo_test.go/BenchmarkStdMarshal;1528;336;2
0-14-0;Baseline;jsoniter_float_test.go/Benchmark_jsoniter_float;36.3;0;0
0-14-0;Baseline;jsoniter_float_test.go/Benchmark_json_float;570;312;4
0-14-0;Baseline;jsoniter_int_test.go/Benchmark_jsoniter_encode_int;22.9;0;0
0-14-0;Baseline;jsoniter_int_test.go/Benchmark_itoa;68.1;16;1
0-14-0;Baseline;jsoniter_int_test.go/Benchmark_jsoniter_int;25.5;0;0
0-14-0;Baseline;jsoniter_int_test.go/Benchmark_json_int;560;312;4
0-14-0;Baseline;jsoniter_large_file_test.go/Benchmark_jsoniter_large_file;2432;4224;4
0-14-0;Baseline;jsoniter_large_file_test.go/Benchmark_json_large_file;2117;944;6
0-14-0;Baseline;jsoniter_nested_test.go/Benchmark_jsoniter_nested;610;128;7
0-14-0;Baseline;jsoniter_nested_test.go/Benchmark_json_nested;3212;552;10
0-14-0;Baseline;jsoniter_skip_test.go/Benchmark_jsoniter_skip;1304;16;3
0-14-0;Baseline;jsoniter_skip_test.go/Benchmark_json_skip;8554;480;10
0-14-0;Baseline;jsoniter_string_test.go/Benchmark_jsoniter_unicode;234;32;3
0-14-0;Baseline;jsoniter_string_test.go/Benchmark_jsoniter_ascii;90.9;32;1
0-14-0;Baseline;jsoniter_string_test.go/Benchmark_jsoniter_string_as_bytes;30.6;0;0
0-14-0;Baseline;jsoniter_string_test.go/Benchmark_json_unicode;871;364;7
0-14-0;Baseline;jsoniter_string_test.go/Benchmark_json_ascii;576;320;4
0-15-0;Baseline;jsoniter_demo_test.go/BenchmarkJosniterMarshal;1095;160;2
0-15-0;Baseline;jsoniter_demo_test.go/BenchmarkStdMarshal;1530;336;2
0-15-0;Baseline;jsoniter_float_test.go/Benchmark_jsoniter_float;36.3;0;0
0-15-0;Baseline;jsoniter_float_test.go/Benchmark_json_float;570;312;4
0-15-0;Baseline;jsoniter_int_test.go/Benchmark_jsoniter_encode_int;22.9;0;0
0-15-0;Baseline;jsoniter_int_test.go/Benchmark_itoa;68.1;16;1
0-15-0;Baseline;jsoniter_int_test.go/Benchmark_jsoniter_int;25.5;0;0
0-15-0;Baseline;jsoniter_int_test.go/Benchmark_json_int;560;312;4
0-15-0;Baseline;jsoniter_large_file_test.go/Benchmark_jsoniter_large_file;2436;4224;4
0-15-0;Baseline;jsoniter_large_file_test.go/Benchmark_json_large_file;2104;944;6
0-15-0;Baseline;jsoniter_nested_test.go/Benchmark_jsoniter_nested;611;128;7
0-15-0;Baseline;jsoniter_nested_test.go/Benchmark_json_nested;3217;552;10
0-15-0;Baseline;jsoniter_skip_test.go/Benchmark_jsoniter_skip;1303;16;3
0-15-0;Baseline;jsoniter_skip_test.go/Benchmark_json_skip;8599;480;10
0-15-0;Baseline;jsoniter_string_test.go/Benchmark_jsoniter_unicode;234;32;3
0-15-0;Baseline;jsoniter_string_test.go/Benchmark_jsoniter_ascii;91;32;1
0-15-0;Baseline;jsoniter_string_test.go/Benchmark_jsoniter_string_as_bytes;30.6;0;0
0-15-0;Baseline;jsoniter_string_test.go/Benchmark_json_unicode;872;364;7
0-15-0;Baseline;jsoniter_string_test.go/Benchmark_json_ascii;577;320;4
0-15-0;Baseline;jsoniter_array_test.go/Benchmark_jsoniter_array;225;0;0
0-15-0;Baseline;jsoniter_array_test.go/Benchmark_json_array;1955;480;12
0-16-0;Baseline;jsoniter_float_test.go/Benchmark_jsoniter_float;36.3;0;0
0-16-0;Baseline;jsoniter_float_test.go/Benchmark_json_float;571;312;4
0-16-0;Baseline;jsoniter_int_test.go/Benchmark_jsoniter_encode_int;22.9;0;0
0-16-0;Baseline;jsoniter_int_test.go/Benchmark_itoa;68.1;16;1
0-16-0;Baseline;jsoniter_int_test.go/Benchmark_jsoniter_int;25.5;0;0
0-16-0;Baseline;jsoniter_int_test.go/Benchmark_json_int;559;312;4
0-16-0;Baseline;jsoniter_large_file_test.go/Benchmark_jsoniter_large_file;2432;4224;4
0-16-0;Baseline;jsoniter_large_file_test.go/Benchmark_json_large_file;2105;944;6
0-16-0;Baseline;jsoniter_nested_test.go/Benchmark_jsoniter_nested;618;128;7
0-16-0;Baseline;jsoniter_nested_test.go/Benchmark_json_nested;3212;552;10
0-16-0;Baseline;jsoniter_skip_test.go/Benchmark_jsoniter_skip;1304;16;3
0-16-0;Baseline;jsoniter_skip_test.go/Benchmark_json_skip;8602;480;10
0-16-0;Baseline;jsoniter_string_test.go/Benchmark_jsoniter_unicode;234;32;3
0-16-0;Baseline;jsoniter_string_test.go/Benchmark_jsoniter_ascii;91;32;1
0-16-0;Baseline;jsoniter_string_test.go/Benchmark_jsoniter_string_as_bytes;30.6;0;0
0-16-0;Baseline;jsoniter_string_test.go/Benchmark_json_unicode;872;364;7
0-16-0;Baseline;jsoniter_string_test.go/Benchmark_json_ascii;577;320;4
0-16-0;Baseline;jsoniter_array_test.go/Benchmark_jsoniter_array;225;0;0
0-16-0;Baseline;jsoniter_array_test.go/Benchmark_json_array;1955;480;12
0-16-0;Baseline;jsoniter_demo_test.go/BenchmarkJosniterMarshal;1078;160;2
0-16-0;Baseline;jsoniter_demo_test.go/BenchmarkStdMarshal;1529;336;2
0-17-0;Baseline;jsoniter_float_test.go/Benchmark_jsoniter_float;36.3;0;0
0-17-0;Baseline;jsoniter_float_test.go/Benchmark_json_float;571;312;4
0-17-0;Baseline;jsoniter_int_test.go/Benchmark_jsoniter_encode_int;22.9;0;0
0-17-0;Baseline;jsoniter_int_test.go/Benchmark_itoa;70.7;16;1
0-17-0;Baseline;jsoniter_int_test.go/Benchmark_jsoniter_int;25.4;0;0
0-17-0;Baseline;jsoniter_int_test.go/Benchmark_json_int;560;312;4
0-17-0;Baseline;jsoniter_large_file_test.go/Benchmark_jsoniter_large_file;2426;4224;4
0-17-0;Baseline;jsoniter_large_file_test.go/Benchmark_json_large_file;2119;944;6
0-17-0;Baseline;jsoniter_nested_test.go/Benchmark_jsoniter_nested;613;128;7
0-17-0;Baseline;jsoniter_nested_test.go/Benchmark_json_nested;3213;552;10
0-17-0;Baseline;jsoniter_skip_test.go/Benchmark_jsoniter_skip;1303;16;3
0-17-0;Baseline;jsoniter_skip_test.go/Benchmark_json_skip;8600;480;10
0-17-0;Baseline;jsoniter_string_test.go/Benchmark_jsoniter_unicode;234;32;3
0-17-0;Baseline;jsoniter_string_test.go/Benchmark_jsoniter_ascii;90.7;32;1
0-17-0;Baseline;jsoniter_string_test.go/Benchmark_jsoniter_string_as_bytes;30.6;0;0
0-17-0;Baseline;jsoniter_string_test.go/Benchmark_json_unicode;877;364;7
0-17-0;Baseline;jsoniter_string_test.go/Benchmark_json_ascii;577;320;4
0-17-0;Baseline;jsoniter_array_test.go/Benchmark_jsoniter_array;225;0;0
0-17-0;Baseline;jsoniter_array_test.go/Benchmark_json_array;1956;480;12
0-17-0;Baseline;jsoniter_demo_test.go/BenchmarkJosniterMarshal;1081;160;2
0-17-0;Baseline;jsoniter_demo_test.go/BenchmarkStdMarshal;1531;336;2
0-18-0;Baseline;jsoniter_int_test.go/Benchmark_jsoniter_encode_int;22.9;0;0
0-18-0;Baseline;jsoniter_int_test.go/Benchmark_itoa;68.2;16;1
0-18-0;Baseline;jsoniter_int_test.go/Benchmark_jsoniter_int;25.4;0;0
0-18-0;Baseline;jsoniter_int_test.go/Benchmark_json_int;560;312;4
0-18-0;Baseline;jsoniter_large_file_test.go/Benchmark_jsoniter_large_file;2429;4224;4
0-18-0;Baseline;jsoniter_large_file_test.go/Benchmark_json_large_file;2103;944;6
0-18-0;Baseline;jsoniter_nested_test.go/Benchmark_jsoniter_nested;612;128;7
0-18-0;Baseline;jsoniter_nested_test.go/Benchmark_json_nested;3212;552;10
0-18-0;Baseline;jsoniter_skip_test.go/Benchmark_jsoniter_skip;1310;16;3
0-18-0;Baseline;jsoniter_skip_test.go/Benchmark_json_skip;8599;480;10
0-18-0;Baseline;jsoniter_string_test.go/Benchmark_jsoniter_unicode;234;32;3
0-18-0;Baseline;jsoniter_string_test.go/Benchmark_jsoniter_ascii;91;32;1
0-18-0;Baseline;jsoniter_string_test.go/Benchmark_jsoniter_string_as_bytes;30.6;0;0
0-18-0;Baseline;jsoniter_string_test.go/Benchmark_json_unicode;871;364;7
0-18-0;Baseline;jsoniter_string_test.go/Benchmark_json_ascii;577;320;4
0-18-0;Baseline;jsoniter_array_test.go/Benchmark_jsoniter_array;225;0;0
0-18-0;Baseline;jsoniter_array_test.go/Benchmark_json_array;1957;480;12
0-18-0;Baseline;jsoniter_demo_test.go/BenchmarkJosniterMarshal;1075;160;2
0-18-0;Baseline;jsoniter_demo_test.go/BenchmarkStdMarshal;1528;336;2
0-18-0;Baseline;jsoniter_float_test.go/Benchmark_jsoniter_float;36.3;0;0
0-18-0;Baseline;jsoniter_float_test.go/Benchmark_json_float;571;312;4
0-19-0;Baseline;jsoniter_demo_test.go/BenchmarkJosniterMarshal;1090;160;2
0-19-0;Baseline;jsoniter_demo_test.go/BenchmarkStdMarshal;1528;336;2
0-19-0;Baseline;jsoniter_float_test.go/Benchmark_jsoniter_float;36.3;0;0
0-19-0;Baseline;jsoniter_float_test.go/Benchmark_json_float;571;312;4
0-19-0;Baseline;jsoniter_int_test.go/Benchmark_jsoniter_encode_int;22.9;0;0
0-19-0;Baseline;jsoniter_int_test.go/Benchmark_itoa;68.1;16;1
0-19-0;Baseline;jsoniter_int_test.go/Benchmark_jsoniter_int;25.5;0;0
0-19-0;Baseline;jsoniter_int_test.go/Benchmark_json_int;561;312;4
0-19-0;Baseline;jsoniter_large_file_test.go/Benchmark_jsoniter_large_file;2445;4224;4
0-19-0;Baseline;jsoniter_large_file_test.go/Benchmark_json_large_file;2102;944;6
0-19-0;Baseline;jsoniter_nested_test.go/Benchmark_jsoniter_nested;613;128;7
0-19-0;Baseline;jsoniter_nested_test.go/Benchmark_json_nested;3212;552;10
0-19-0;Baseline;jsoniter_skip_test.go/Benchmark_jsoniter_skip;1303;16;3
0-19-0;Baseline;jsoniter_skip_test.go/Benchmark_json_skip;8606;480;10
0-19-0;Baseline;jsoniter_string_test.go/Benchmark_jsoniter_unicode;234;32;3
0-19-0;Baseline;jsoniter_string_test.go/Benchmark_jsoniter_ascii;91;32;1
0-19-0;Baseline;jsoniter_string_test.go/Benchmark_jsoniter_string_as_bytes;30.6;0;0
0-19-0;Baseline;jsoniter_string_test.go/Benchmark_json_unicode;872;364;7
0-19-0;Baseline;jsoniter_string_test.go/Benchmark_json_ascii;577;320;4
0-19-0;Baseline;jsoniter_array_test.go/Benchmark_jsoniter_array;225;0;0
0-19-0;Baseline;jsoniter_array_test.go/Benchmark_json_array;1956;480;12
0-20-0;Baseline;jsoniter_large_file_test.go/Benchmark_jsoniter_large_file;2429;4224;4
0-20-0;Baseline;jsoniter_large_file_test.go/Benchmark_json_large_file;2112;944;6
0-20-0;Baseline;jsoniter_nested_test.go/Benchmark_jsoniter_nested;608;128;7
0-20-0;Baseline;jsoniter_nested_test.go/Benchmark_json_nested;3212;552;10
0-20-0;Baseline;jsoniter_skip_test.go/Benchmark_jsoniter_skip;1303;16;3
0-20-0;Baseline;jsoniter_skip_test.go/Benchmark_json_skip;8599;480;10
0-20-0;Baseline;jsoniter_string_test.go/Benchmark_jsoniter_unicode;234;32;3
0-20-0;Baseline;jsoniter_string_test.go/Benchmark_jsoniter_ascii;90.9;32;1
0-20-0;Baseline;jsoniter_string_test.go/Benchmark_jsoniter_string_as_bytes;30.6;0;0
0-20-0;Baseline;jsoniter_string_test.go/Benchmark_json_unicode;872;364;7
0-20-0;Baseline;jsoniter_string_test.go/Benchmark_json_ascii;576;320;4
0-20-0;Baseline;jsoniter_array_test.go/Benchmark_jsoniter_array;225;0;0
0-20-0;Baseline;jsoniter_array_test.go/Benchmark_json_array;1955;480;12
0-20-0;Baseline;jsoniter_demo_test.go/BenchmarkJosniterMarshal;1079;160;2
0-20-0;Baseline;jsoniter_demo_test.go/BenchmarkStdMarshal;1532;336;2
0-20-0;Baseline;jsoniter_float_test.go/Benchmark_jsoniter_float;36.3;0;0
0-20-0;Baseline;jsoniter_float_test.go/Benchmark_json_float;571;312;4
0-20-0;Baseline;jsoniter_int_test.go/Benchmark_jsoniter_encode_int;22.9;0;0
0-20-0;Baseline;jsoniter_int_test.go/Benchmark_itoa;68.2;16;1
0-20-0;Baseline;jsoniter_int_test.go/Benchmark_jsoniter_int;25.5;0;0
0-20-0;Baseline;jsoniter_int_test.go/Benchmark_json_int;561;312;4
0-21-0;Baseline;jsoniter_int_test.go/Benchmark_jsoniter_encode_int;22.9;0;0
0-21-0;Baseline;jsoniter_int_test.go/Benchmark_itoa;68.1;16;1
0-21-0;Baseline;jsoniter_int_test.go/Benchmark_jsoniter_int;25.5;0;0
0-21-0;Baseline;jsoniter_int_test.go/Benchmark_json_int;560;312;4
0-21-0;Baseline;jsoniter_large_file_test.go/Benchmark_jsoniter_large_file;2431;4224;4
0-21-0;Baseline;jsoniter_large_file_test.go/Benchmark_json_large_file;2107;944;6
0-21-0;Baseline;jsoniter_nested_test.go/Benchmark_jsoniter_nested;613;128;7
0-21-0;Baseline;jsoniter_nested_test.go/Benchmark_json_nested;3214;552;10
0-21-0;Baseline;jsoniter_skip_test.go/Benchmark_jsoniter_skip;1304;16;3
0-21-0;Baseline;jsoniter_skip_test.go/Benchmark_json_skip;8602;480;10
0-21-0;Baseline;jsoniter_string_test.go/Benchmark_jsoniter_unicode;234;32;3
0-21-0;Baseline;jsoniter_string_test.go/Benchmark_jsoniter_ascii;90.8;32;1
0-21-0;Baseline;jsoniter_string_test.go/Benchmark_jsoniter_string_as_bytes;30.6;0;0
0-21-0;Baseline;jsoniter_string_test.go/Benchmark_json_unicode;872;364;7
0-21-0;Baseline;jsoniter_string_test.go/Benchmark_json_ascii;577;320;4
0-21-0;Baseline;jsoniter_array_test.go/Benchmark_jsoniter_array;225;0;0
0-21-0;Baseline;jsoniter_array_test.go/Benchmark_json_array;1956;480;12
0-21-0;Baseline;jsoniter_demo_test.go/BenchmarkJosniterMarshal;1077;160;2
0-21-0;Baseline;jsoniter_demo_test.go/BenchmarkStdMarshal;1529;336;2
0-21-0;Baseline;jsoniter_float_test.go/Benchmark_jsoniter_float;36.3;0;0
0-21-0;Baseline;jsoniter_float_test.go/Benchmark_json_float;571;312;4
0-22-0;Baseline;jsoniter_demo_test.go/BenchmarkJosniterMarshal;1080;160;2
0-22-0;Baseline;jsoniter_demo_test.go/BenchmarkStdMarshal;1533;336;2
0-22-0;Baseline;jsoniter_float_test.go/Benchmark_jsoniter_float;36.3;0;0
0-22-0;Baseline;jsoniter_float_test.go/Benchmark_json_float;572;312;4
0-22-0;Baseline;jsoniter_int_test.go/Benchmark_jsoniter_encode_int;22.9;0;0
0-22-0;Baseline;jsoniter_int_test.go/Benchmark_itoa;68.1;16;1
0-22-0;Baseline;jsoniter_int_test.go/Benchmark_jsoniter_int;25.5;0;0
0-22-0;Baseline;jsoniter_int_test.go/Benchmark_json_int;560;312;4
0-22-0;Baseline;jsoniter_large_file_test.go/Benchmark_jsoniter_large_file;2425;4224;4
0-22-0;Baseline;jsoniter_large_file_test.go/Benchmark_json_large_file;2104;944;6
0-22-0;Baseline;jsoniter_nested_test.go/Benchmark_jsoniter_nested;615;128;7
0-22-0;Baseline;jsoniter_nested_test.go/Benchmark_json_nested;3221;552;10
0-22-0;Baseline;jsoniter_skip_test.go/Benchmark_jsoniter_skip;1312;16;3
0-22-0;Baseline;jsoniter_skip_test.go/Benchmark_json_skip;8651;480;10
0-22-0;Baseline;jsoniter_string_test.go/Benchmark_jsoniter_unicode;234;32;3
0-22-0;Baseline;jsoniter_string_test.go/Benchmark_jsoniter_ascii;90.9;32;1
0-22-0;Baseline;jsoniter_string_test.go/Benchmark_jsoniter_string_as_bytes;30.6;0;0
0-22-0;Baseline;jsoniter_string_test.go/Benchmark_json_unicode;872;364;7
0-22-0;Baseline;jsoniter_string_test.go/Benchmark_json_ascii;577;320;4
0-22-0;Baseline;jsoniter_array_test.go/Benchmark_jsoniter_array;225;0;0
0-22-0;Baseline;jsoniter_array_test.go/Benchmark_json_array;1955;480;12
0-23-0;Baseline;jsoniter_skip_test.go/Benchmark_jsoniter_skip;1306;16;3
0-23-0;Baseline;jsoniter_skip_test.go/Benchmark_json_skip;8606;480;10
0-23-0;Baseline;jsoniter_string_test.go/Benchmark_jsoniter_unicode;234;32;3
0-23-0;Baseline;jsoniter_string_test.go/Benchmark_jsoniter_ascii;90.7;32;1
0-23-0;Baseline;jsoniter_string_test.go/Benchmark_jsoniter_string_as_bytes;30.6;0;0
0-23-0;Baseline;jsoniter_string_test.go/Benchmark_json_unicode;872;364;7
0-23-0;Baseline;jsoniter_string_test.go/Benchmark_json_ascii;576;320;4
0-23-0;Baseline;jsoniter_array_test.go/Benchmark_jsoniter_array;225;0;0
0-23-0;Baseline;jsoniter_array_test.go/Benchmark_json_array;1955;480;12
0-23-0;Baseline;jsoniter_demo_test.go/BenchmarkJosniterMarshal;1076;160;2
0-23-0;Baseline;jsoniter_demo_test.go/BenchmarkStdMarshal;1531;336;2
0-23-0;Baseline;jsoniter_float_test.go/Benchmark_jsoniter_float;36.3;0;0
0-23-0;Baseline;jsoniter_float_test.go/Benchmark_json_float;572;312;4
0-23-0;Baseline;jsoniter_int_test.go/Benchmark_jsoniter_encode_int;22.9;0;0
0-23-0;Baseline;jsoniter_int_test.go/Benchmark_itoa;68.2;16;1
0-23-0;Baseline;jsoniter_int_test.go/Benchmark_jsoniter_int;25.5;0;0
0-23-0;Baseline;jsoniter_int_test.go/Benchmark_json_int;560;312;4
0-23-0;Baseline;jsoniter_large_file_test.go/Benchmark_jsoniter_large_file;2433;4224;4
0-23-0;Baseline;jsoniter_large_file_test.go/Benchmark_json_large_file;2107;944;6
0-23-0;Baseline;jsoniter_nested_test.go/Benchmark_jsoniter_nested;609;128;7
0-23-0;Baseline;jsoniter_nested_test.go/Benchmark_json_nested;3214;552;10
0-24-0;Baseline;jsoniter_string_test.go/Benchmark_jsoniter_unicode;234;32;3
0-24-0;Baseline;jsoniter_string_test.go/Benchmark_jsoniter_ascii;91;32;1
0-24-0;Baseline;jsoniter_string_test.go/Benchmark_jsoniter_string_as_bytes;30.6;0;0
0-24-0;Baseline;jsoniter_string_test.go/Benchmark_json_unicode;871;364;7
0-24-0;Baseline;jsoniter_string_test.go/Benchmark_json_ascii;577;320;4
0-24-0;Baseline;jsoniter_array_test.go/Benchmark_jsoniter_array;225;0;0
0-24-0;Baseline;jsoniter_array_test.go/Benchmark_json_array;1953;480;12
0-24-0;Baseline;jsoniter_demo_test.go/BenchmarkJosniterMarshal;1075;160;2
0-24-0;Baseline;jsoniter_demo_test.go/BenchmarkStdMarshal;1528;336;2
0-24-0;Baseline;jsoniter_float_test.go/Benchmark_jsoniter_float;36.3;0;0
0-24-0;Baseline;jsoniter_float_test.go/Benchmark_json_float;570;312;4
0-24-0;Baseline;jsoniter_int_test.go/Benchmark_jsoniter_encode_int;22.9;0;0
0-24-0;Baseline;jsoniter_int_test.go/Benchmark_itoa;68.1;16;1
0-24-0;Baseline;jsoniter_int_test.go/Benchmark_jsoniter_int;25.5;0;0
0-24-0;Baseline;jsoniter_int_test.go/Benchmark_json_int;560;312;4
0-24-0;Baseline;jsoniter_large_file_test.go/Benchmark_jsoniter_large_file;2432;4224;4
0-24-0;Baseline;jsoniter_large_file_test.go/Benchmark_json_large_file;2104;944;6
0-24-0;Baseline;jsoniter_nested_test.go/Benchmark_jsoniter_nested;612;128;7
0-24-0;Baseline;jsoniter_nested_test.go/Benchmark_json_nested;3212;552;10
0-24-0;Baseline;jsoniter_skip_test.go/Benchmark_jsoniter_skip;1305;16;3
0-24-0;Baseline;jsoniter_skip_test.go/Benchmark_json_skip;8598;480;10
0-25-0;Baseline;jsoniter_large_file_test.go/Benchmark_jsoniter_large_file;2431;4224;4
0-25-0;Baseline;jsoniter_large_file_test.go/Benchmark_json_large_file;2113;944;6
0-25-0;Baseline;jsoniter_nested_test.go/Benchmark_jsoniter_nested;612;128;7
0-25-0;Baseline;jsoniter_nested_test.go/Benchmark_json_nested;3216;552;10
0-25-0;Baseline;jsoniter_skip_test.go/Benchmark_jsoniter_skip;1304;16;3
0-25-0;Baseline;jsoniter_skip_test.go/Benchmark_json_skip;8602;480;10
0-25-0;Baseline;jsoniter_string_test.go/Benchmark_jsoniter_unicode;234;32;3
0-25-0;Baseline;jsoniter_string_test.go/Benchmark_jsoniter_ascii;90.7;32;1
0-25-0;Baseline;jsoniter_string_test.go/Benchmark_jsoniter_string_as_bytes;30.6;0;0
0-25-0;Baseline;jsoniter_string_test.go/Benchmark_json_unicode;872;364;7
0-25-0;Baseline;jsoniter_string_test.go/Benchmark_json_ascii;576;320;4
0-25-0;Baseline;jsoniter_array_test.go/Benchmark_jsoniter_array;225;0;0
0-25-0;Baseline;jsoniter_array_test.go/Benchmark_json_array;1956;480;12
0-25-0;Baseline;jsoniter_demo_test.go/BenchmarkJosniterMarshal;1079;160;2
0-25-0;Baseline;jsoniter_demo_test.go/BenchmarkStdMarshal;1530;336;2
0-25-0;Baseline;jsoniter_float_test.go/Benchmark_jsoniter_float;36.3;0;0
0-25-0;Baseline;jsoniter_float_test.go/Benchmark_json_float;570;312;4
0-25-0;Baseline;jsoniter_int_test.go/Benchmark_jsoniter_encode_int;22.9;0;0
0-25-0;Baseline;jsoniter_int_test.go/Benchmark_itoa;68.1;16;1
0-25-0;Baseline;jsoniter_int_test.go/Benchmark_jsoniter_int;25.4;0;0
0-25-0;Baseline;jsoniter_int_test.go/Benchmark_json_int;560;312;4
0-26-0;Baseline;jsoniter_large_file_test.go/Benchmark_jsoniter_large_file;2425;4224;4
0-26-0;Baseline;jsoniter_large_file_test.go/Benchmark_json_large_file;2108;944;6
0-26-0;Baseline;jsoniter_nested_test.go/Benchmark_jsoniter_nested;610;128;7
0-26-0;Baseline;jsoniter_nested_test.go/Benchmark_json_nested;3213;552;10
0-26-0;Baseline;jsoniter_skip_test.go/Benchmark_jsoniter_skip;1312;16;3
0-26-0;Baseline;jsoniter_skip_test.go/Benchmark_json_skip;8556;480;10
0-26-0;Baseline;jsoniter_string_test.go/Benchmark_jsoniter_unicode;234;32;3
0-26-0;Baseline;jsoniter_string_test.go/Benchmark_jsoniter_ascii;90.7;32;1
0-26-0;Baseline;jsoniter_string_test.go/Benchmark_jsoniter_string_as_bytes;30.6;0;0
0-26-0;Baseline;jsoniter_string_test.go/Benchmark_json_unicode;872;364;7
0-26-0;Baseline;jsoniter_string_test.go/Benchmark_json_ascii;576;320;4
0-26-0;Baseline;jsoniter_array_test.go/Benchmark_jsoniter_array;225;0;0
0-26-0;Baseline;jsoniter_array_test.go/Benchmark_json_array;1955;480;12
0-26-0;Baseline;jsoniter_demo_test.go/BenchmarkJosniterMarshal;1077;160;2
0-26-0;Baseline;jsoniter_demo_test.go/BenchmarkStdMarshal;1527;336;2
0-26-0;Baseline;jsoniter_float_test.go/Benchmark_jsoniter_float;36.3;0;0
0-26-0;Baseline;jsoniter_float_test.go/Benchmark_json_float;571;312;4
0-26-0;Baseline;jsoniter_int_test.go/Benchmark_jsoniter_encode_int;22.9;0;0
0-26-0;Baseline;jsoniter_int_test.go/Benchmark_itoa;68.2;16;1
0-26-0;Baseline;jsoniter_int_test.go/Benchmark_jsoniter_int;25.5;0;0
0-26-0;Baseline;jsoniter_int_test.go/Benchmark_json_int;560;312;4
0-27-0;Baseline;jsoniter_skip_test.go/Benchmark_jsoniter_skip;1303;16;3
0-27-0;Baseline;jsoniter_skip_test.go/Benchmark_json_skip;8601;480;10
0-27-0;Baseline;jsoniter_string_test.go/Benchmark_jsoniter_unicode;234;32;3
0-27-0;Baseline;jsoniter_string_test.go/Benchmark_jsoniter_ascii;90.7;32;1
0-27-0;Baseline;jsoniter_string_test.go/Benchmark_jsoniter_string_as_bytes;30.6;0;0
0-27-0;Baseline;jsoniter_string_test.go/Benchmark_json_unicode;872;364;7
0-27-0;Baseline;jsoniter_string_test.go/Benchmark_json_ascii;577;320;4
0-27-0;Baseline;jsoniter_array_test.go/Benchmark_jsoniter_array;225;0;0
0-27-0;Baseline;jsoniter_array_test.go/Benchmark_json_array;1955;480;12
0-27-0;Baseline;jsoniter_demo_test.go/BenchmarkJosniterMarshal;1078;160;2
0-27-0;Baseline;jsoniter_demo_test.go/BenchmarkStdMarshal;1531;336;2
0-27-0;Baseline;jsoniter_float_test.go/Benchmark_jsoniter_float;37.2;0;0
0-27-0;Baseline;jsoniter_float_test.go/Benchmark_json_float;570;312;4
0-27-0;Baseline;jsoniter_int_test.go/Benchmark_jsoniter_encode_int;22.9;0;0
0-27-0;Baseline;jsoniter_int_test.go/Benchmark_itoa;68.2;16;1
0-27-0;Baseline;jsoniter_int_test.go/Benchmark_jsoniter_int;25.5;0;0
0-27-0;Baseline;jsoniter_int_test.go/Benchmark_json_int;561;312;4
0-27-0;Baseline;jsoniter_large_file_test.go/Benchmark_jsoniter_large_file;2428;4224;4
0-27-0;Baseline;jsoniter_large_file_test.go/Benchmark_json_large_file;2104;944;6
0-27-0;Baseline;jsoniter_nested_test.go/Benchmark_jsoniter_nested;610;128;7
0-27-0;Baseline;jsoniter_nested_test.go/Benchmark_json_nested;3211;552;10
0-28-0;Baseline;jsoniter_nested_test.go/Benchmark_jsoniter_nested;618;128;7
0-28-0;Baseline;jsoniter_nested_test.go/Benchmark_json_nested;3212;552;10
0-28-0;Baseline;jsoniter_skip_test.go/Benchmark_jsoniter_skip;1303;16;3
0-28-0;Baseline;jsoniter_skip_test.go/Benchmark_json_skip;8603;480;10
0-28-0;Baseline;jsoniter_string_test.go/Benchmark_jsoniter_unicode;234;32;3
0-28-0;Baseline;jsoniter_string_test.go/Benchmark_jsoniter_ascii;90.7;32;1
0-28-0;Baseline;jsoniter_string_test.go/Benchmark_jsoniter_string_as_bytes;30.6;0;0
0-28-0;Baseline;jsoniter_string_test.go/Benchmark_json_unicode;871;364;7
0-28-0;Baseline;jsoniter_string_test.go/Benchmark_json_ascii;577;320;4
0-28-0;Baseline;jsoniter_array_test.go/Benchmark_jsoniter_array;225;0;0
0-28-0;Baseline;jsoniter_array_test.go/Benchmark_json_array;1956;480;12
0-28-0;Baseline;jsoniter_demo_test.go/BenchmarkJosniterMarshal;1082;160;2
0-28-0;Baseline;jsoniter_demo_test.go/BenchmarkStdMarshal;1528;336;2
0-28-0;Baseline;jsoniter_float_test.go/Benchmark_jsoniter_float;36.3;0;0
0-28-0;Baseline;jsoniter_float_test.go/Benchmark_json_float;571;312;4
0-28-0;Baseline;jsoniter_int_test.go/Benchmark_jsoniter_encode_int;22.9;0;0
0-28-0;Baseline;jsoniter_int_test.go/Benchmark_itoa;70.6;16;1
0-28-0;Baseline;jsoniter_int_test.go/Benchmark_jsoniter_int;25.4;0;0
0-28-0;Baseline;jsoniter_int_test.go/Benchmark_json_int;560;312;4
0-28-0;Baseline;jsoniter_large_file_test.go/Benchmark_jsoniter_large_file;2430;4224;4
0-28-0;Baseline;jsoniter_large_file_test.go/Benchmark_json_large_file;2101;944;6
0-29-0;Baseline;jsoniter_large_file_test.go/Benchmark_jsoniter_large_file;2439;4224;4
0-29-0;Baseline;jsoniter_large_file_test.go/Benchmark_json_large_file;2105;944;6
0-29-0;Baseline;jsoniter_nested_test.go/Benchmark_jsoniter_nested;609;128;7
0-29-0;Baseline;jsoniter_nested_test.go/Benchmark_json_nested;3212;552;10
0-29-0;Baseline;jsoniter_skip_test.go/Benchmark_jsoniter_skip;1303;16;3
0-29-0;Baseline;jsoniter_skip_test.go/Benchmark_json_skip;8555;480;10
0-29-0;Baseline;jsoniter_string_test.go/Benchmark_jsoniter_unicode;234;32;3
0-29-0;Baseline;jsoniter_string_test.go/Benchmark_jsoniter_ascii;90.5;32;1
0-29-0;Baseline;jsoniter_string_test.go/Benchmark_jsoniter_string_as_bytes;30.6;0;0
0-29-0;Baseline;jsoniter_string_test.go/Benchmark_json_unicode;872;364;7
0-29-0;Baseline;jsoniter_string_test.go/Benchmark_json_ascii;577;320;4
0-29-0;Baseline;jsoniter_array_test.go/Benchmark_jsoniter_array;225;0;0
0-29-0;Baseline;jsoniter_array_test.go/Benchmark_json_array;1955;480;12
0-29-0;Baseline;jsoniter_demo_test.go/BenchmarkJosniterMarshal;1074;160;2
0-29-0;Baseline;jsoniter_demo_test.go/BenchmarkStdMarshal;1529;336;2
0-29-0;Baseline;jsoniter_float_test.go/Benchmark_jsoniter_float;36.3;0;0
0-29-0;Baseline;jsoniter_float_test.go/Benchmark_json_float;570;312;4
0-29-0;Baseline;jsoniter_int_test.go/Benchmark_jsoniter_encode_int;22.9;0;0
0-29-0;Baseline;jsoniter_int_test.go/Benchmark_itoa;68.1;16;1
0-29-0;Baseline;jsoniter_int_test.go/Benchmark_jsoniter_int;25.4;0;0
0-29-0;Baseline;jsoniter_int_test.go/Benchmark_json_int;560;312;4
0-30-0;Baseline;jsoniter_demo_test.go/BenchmarkJosniterMarshal;1077;160;2
0-30-0;Baseline;jsoniter_demo_test.go/BenchmarkStdMarshal;1533;336;2
0-30-0;Baseline;jsoniter_float_test.go/Benchmark_jsoniter_float;36.3;0;0
0-30-0;Baseline;jsoniter_float_test.go/Benchmark_json_float;570;312;4
0-30-0;Baseline;jsoniter_int_test.go/Benchmark_jsoniter_encode_int;22.9;0;0
0-30-0;Baseline;jsoniter_int_test.go/Benchmark_itoa;68.1;16;1
0-30-0;Baseline;jsoniter_int_test.go/Benchmark_jsoniter_int;25.5;0;0
0-30-0;Baseline;jsoniter_int_test.go/Benchmark_json_int;560;312;4
0-30-0;Baseline;jsoniter_large_file_test.go/Benchmark_jsoniter_large_file;2434;4224;4
0-30-0;Baseline;jsoniter_large_file_test.go/Benchmark_json_large_file;2104;944;6
0-30-0;Baseline;jsoniter_nested_test.go/Benchmark_jsoniter_nested;612;128;7
0-30-0;Baseline;jsoniter_nested_test.go/Benchmark_json_nested;3212;552;10
0-30-0;Baseline;jsoniter_skip_test.go/Benchmark_jsoniter_skip;1303;16;3
0-30-0;Baseline;jsoniter_skip_test.go/Benchmark_json_skip;8598;480;10
0-30-0;Baseline;jsoniter_string_test.go/Benchmark_jsoniter_unicode;237;32;3
0-30-0;Baseline;jsoniter_string_test.go/Benchmark_jsoniter_ascii;91.1;32;1
0-30-0;Baseline;jsoniter_string_test.go/Benchmark_jsoniter_string_as_bytes;30.6;0;0
0-30-0;Baseline;jsoniter_string_test.go/Benchmark_json_unicode;873;364;7
0-30-0;Baseline;jsoniter_string_test.go/Benchmark_json_ascii;577;320;4
0-30-0;Baseline;jsoniter_array_test.go/Benchmark_jsoniter_array;225;0;0
0-30-0;Baseline;jsoniter_array_test.go/Benchmark_json_array;1956;480;12
0-31-0;Baseline;jsoniter_demo_test.go/BenchmarkJosniterMarshal;1076;160;2
0-31-0;Baseline;jsoniter_demo_test.go/BenchmarkStdMarshal;1530;336;2
0-31-0;Baseline;jsoniter_float_test.go/Benchmark_jsoniter_float;36.3;0;0
0-31-0;Baseline;jsoniter_float_test.go/Benchmark_json_float;571;312;4
0-31-0;Baseline;jsoniter_int_test.go/Benchmark_jsoniter_encode_int;22.9;0;0
0-31-0;Baseline;jsoniter_int_test.go/Benchmark_itoa;68;16;1
0-31-0;Baseline;jsoniter_int_test.go/Benchmark_jsoniter_int;25.5;0;0
0-31-0;Baseline;jsoniter_int_test.go/Benchmark_json_int;560;312;4
0-31-0;Baseline;jsoniter_large_file_test.go/Benchmark_jsoniter_large_file;2427;4224;4
0-31-0;Baseline;jsoniter_large_file_test.go/Benchmark_json_large_file;2107;944;6
0-31-0;Baseline;jsoniter_nested_test.go/Benchmark_jsoniter_nested;612;128;7
0-31-0;Baseline;jsoniter_nested_test.go/Benchmark_json_nested;3214;552;10
0-31-0;Baseline;jsoniter_skip_test.go/Benchmark_jsoniter_skip;1315;16;3
0-31-0;Baseline;jsoniter_skip_test.go/Benchmark_json_skip;8601;480;10
0-31-0;Baseline;jsoniter_string_test.go/Benchmark_jsoniter_unicode;237;32;3
0-31-0;Baseline;jsoniter_string_test.go/Benchmark_jsoniter_ascii;90.6;32;1
0-31-0;Baseline;jsoniter_string_test.go/Benchmark_jsoniter_string_as_bytes;30.6;0;0
0-31-0;Baseline;jsoniter_string_test.go/Benchmark_json_unicode;872;364;7
0-31-0;Baseline;jsoniter_string_test.go/Benchmark_json_ascii;577;320;4
0-31-0;Baseline;jsoniter_array_test.go/Benchmark_jsoniter_array;225;0;0
0-31-0;Baseline;jsoniter_array_test.go/Benchmark_json_array;1954;480;12
0-32-0;Baseline;jsoniter_int_test.go/Benchmark_jsoniter_encode_int;22.9;0;0
0-32-0;Baseline;jsoniter_int_test.go/Benchmark_itoa;68;16;1
0-32-0;Baseline;jsoniter_int_test.go/Benchmark_jsoniter_int;25.5;0;0
0-32-0;Baseline;jsoniter_int_test.go/Benchmark_json_int;561;312;4
0-32-0;Baseline;jsoniter_large_file_test.go/Benchmark_jsoniter_large_file;2444;4224;4
0-32-0;Baseline;jsoniter_large_file_test.go/Benchmark_json_large_file;2109;944;6
0-32-0;Baseline;jsoniter_nested_test.go/Benchmark_jsoniter_nested;614;128;7
0-32-0;Baseline;jsoniter_nested_test.go/Benchmark_json_nested;3226;552;10
0-32-0;Baseline;jsoniter_skip_test.go/Benchmark_jsoniter_skip;1305;16;3
0-32-0;Baseline;jsoniter_skip_test.go/Benchmark_json_skip;8598;480;10
0-32-0;Baseline;jsoniter_string_test.go/Benchmark_jsoniter_unicode;234;32;3
0-32-0;Baseline;jsoniter_string_test.go/Benchmark_jsoniter_ascii;91;32;1
0-32-0;Baseline;jsoniter_string_test.go/Benchmark_jsoniter_string_as_bytes;30.6;0;0
0-32-0;Baseline;jsoniter_string_test.go/Benchmark_json_unicode;873;364;7
0-32-0;Baseline;jsoniter_string_test.go/Benchmark_json_ascii;577;320;4
0-32-0;Baseline;jsoniter_array_test.go/Benchmark_jsoniter_array;225;0;0
0-32-0;Baseline;jsoniter_array_test.go/Benchmark_json_array;1955;480;12
0-32-0;Baseline;jsoniter_demo_test.go/BenchmarkJosniterMarshal;1076;160;2
0-32-0;Baseline;jsoniter_demo_test.go/BenchmarkStdMarshal;1530;336;2
0-32-0;Baseline;jsoniter_float_test.go/Benchmark_jsoniter_float;36.3;0;0
0-32-0;Baseline;jsoniter_float_test.go/Benchmark_json_float;570;312;4
0-33-0;Baseline;jsoniter_skip_test.go/Benchmark_jsoniter_skip;1305;16;3
0-33-0;Baseline;jsoniter_skip_test.go/Benchmark_json_skip;8609;480;10
0-33-0;Baseline;jsoniter_string_test.go/Benchmark_jsoniter_unicode;234;32;3
0-33-0;Baseline;jsoniter_string_test.go/Benchmark_jsoniter_ascii;90.9;32;1
0-33-0;Baseline;jsoniter_string_test.go/Benchmark_jsoniter_string_as_bytes;30.6;0;0
0-33-0;Baseline;jsoniter_string_test.go/Benchmark_json_unicode;873;364;7
0-33-0;Baseline;jsoniter_string_test.go/Benchmark_json_ascii;577;320;4
0-33-0;Baseline;jsoniter_array_test.go/Benchmark_jsoniter_array;225;0;0
0-33-0;Baseline;jsoniter_array_test.go/Benchmark_json_array;1958;480;12
0-33-0;Baseline;jsoniter_demo_test.go/BenchmarkJosniterMarshal;1078;160;2
0-33-0;Baseline;jsoniter_demo_test.go/BenchmarkStdMarshal;1530;336;2
0-33-0;Baseline;jsoniter_float_test.go/Benchmark_jsoniter_float;36.3;0;0
0-33-0;Baseline;jsoniter_float_test.go/Benchmark_json_float;570;312;4
0-33-0;Baseline;jsoniter_int_test.go/Benchmark_jsoniter_encode_int;22.9;0;0
0-33-0;Baseline;jsoniter_int_test.go/Benchmark_itoa;68.1;16;1
0-33-0;Baseline;jsoniter_int_test.go/Benchmark_jsoniter_int;25.5;0;0
0-33-0;Baseline;jsoniter_int_test.go/Benchmark_json_int;561;312;4
0-33-0;Baseline;jsoniter_large_file_test.go/Benchmark_jsoniter_large_file;2431;4224;4
0-33-0;Baseline;jsoniter_large_file_test.go/Benchmark_json_large_file;2106;944;6
0-33-0;Baseline;jsoniter_nested_test.go/Benchmark_jsoniter_nested;613;128;7
0-33-0;Baseline;jsoniter_nested_test.go/Benchmark_json_nested;3212;552;10
0-34-0;Baseline;jsoniter_nested_test.go/Benchmark_jsoniter_nested;610;128;7
0-34-0;Baseline;jsoniter_nested_test.go/Benchmark_json_nested;3220;552;10
0-34-0;Baseline;jsoniter_skip_test.go/Benchmark_jsoniter_skip;1305;16;3
0-34-0;Baseline;jsoniter_skip_test.go/Benchmark_json_skip;8598;480;10
0-34-0;Baseline;jsoniter_string_test.go/Benchmark_jsoniter_unicode;234;32;3
0-34-0;Baseline;jsoniter_string_test.go/Benchmark_jsoniter_ascii;90.9;32;1
0-34-0;Baseline;jsoniter_string_test.go/Benchmark_jsoniter_string_as_bytes;44.1;0;0
0-34-0;Baseline;jsoniter_string_test.go/Benchmark_json_unicode;871;364;7
0-34-0;Baseline;jsoniter_string_test.go/Benchmark_json_ascii;577;320;4
0-34-0;Baseline;jsoniter_array_test.go/Benchmark_jsoniter_array;225;0;0
0-34-0;Baseline;jsoniter_array_test.go/Benchmark_json_array;1954;480;12
0-34-0;Baseline;jsoniter_demo_test.go/BenchmarkJosniterMarshal;1080;160;2
0-34-0;Baseline;jsoniter_demo_test.go/BenchmarkStdMarshal;1530;336;2
0-34-0;Baseline;jsoniter_float_test.go/Benchmark_jsoniter_float;36.3;0;0
0-34-0;Baseline;jsoniter_float_test.go/Benchmark_json_float;571;312;4
0-34-0;Baseline;jsoniter_int_test.go/Benchmark_jsoniter_encode_int;22.9;0;0
0-34-0;Baseline;jsoniter_int_test.go/Benchmark_itoa;68.1;16;1
0-34-0;Baseline;jsoniter_int_test.go/Benchmark_jsoniter_int;25.5;0;0
0-34-0;Baseline;jsoniter_int_test.go/Benchmark_json_int;561;312;4
0-34-0;Baseline;jsoniter_large_file_test.go/Benchmark_jsoniter_large_file;2431;4224;4
0-34-0;Baseline;jsoniter_large_file_test.go/Benchmark_json_large_file;2112;944;6
0-35-0;Baseline;jsoniter_skip_test.go/Benchmark_jsoniter_skip;1319;16;3
0-35-0;Baseline;jsoniter_skip_test.go/Benchmark_json_skip;8602;480;10
0-35-0;Baseline;jsoniter_string_test.go/Benchmark_jsoniter_unicode;234;32;3
0-35-0;Baseline;jsoniter_string_test.go/Benchmark_jsoniter_ascii;91.1;32;1
0-35-0;Baseline;jsoniter_string_test.go/Benchmark_jsoniter_string_as_bytes;30.6;0;0
0-35-0;Baseline;jsoniter_string_test.go/Benchmark_json_unicode;872;364;7
0-35-0;Baseline;jsoniter_string_test.go/Benchmark_json_ascii;579;320;4
0-35-0;Baseline;jsoniter_array_test.go/Benchmark_jsoniter_array;225;0;0
0-35-0;Baseline;jsoniter_array_test.go/Benchmark_json_array;1955;480;12
0-35-0;Baseline;jsoniter_demo_test.go/BenchmarkJosniterMarshal;1078;160;2
0-35-0;Baseline;jsoniter_demo_test.go/BenchmarkStdMarshal;1528;336;2
0-35-0;Baseline;jsoniter_float_test.go/Benchmark_jsoniter_float;36.3;0;0
0-35-0;Baseline;jsoniter_float_test.go/Benchmark_json_float;571;312;4
0-35-0;Baseline;jsoniter_int_test.go/Benchmark_jsoniter_encode_int;22.9;0;0
0-35-0;Baseline;jsoniter_int_test.go/Benchmark_itoa;68.1;16;1
0-35-0;Baseline;jsoniter_int_test.go/Benchmark_jsoniter_int;25.4;0;0
0-35-0;Baseline;jsoniter_int_test.go/Benchmark_json_int;560;312;4
0-35-0;Baseline;jsoniter_large_file_test.go/Benchmark_jsoniter_large_file;2433;4224;4
0-35-0;Baseline;jsoniter_large_file_test.go/Benchmark_json_large_file;2107;944;6
0-35-0;Baseline;jsoniter_nested_test.go/Benchmark_jsoniter_nested;614;128;7
0-35-0;Baseline;jsoniter_nested_test.go/Benchmark_json_nested;3213;552;10
0-36-0;Baseline;jsoniter_array_test.go/Benchmark_jsoniter_array;225;0;0
0-36-0;Baseline;jsoniter_array_test.go/Benchmark_json_array;1956;480;12
0-36-0;Baseline;jsoniter_demo_test.go/BenchmarkJosniterMarshal;1077;160;2
0-36-0;Baseline;jsoniter_demo_test.go/BenchmarkStdMarshal;1529;336;2
0-36-0;Baseline;jsoniter_float_test.go/Benchmark_jsoniter_float;36.3;0;0
0-36-0;Baseline;jsoniter_float_test.go/Benchmark_json_float;571;312;4
0-36-0;Baseline;jsoniter_int_test.go/Benchmark_jsoniter_encode_int;22.9;0;0
0-36-0;Baseline;jsoniter_int_test.go/Benchmark_itoa;68.3;16;1
0-36-0;Baseline;jsoniter_int_test.go/Benchmark_jsoniter_int;25.5;0;0
0-36-0;Baseline;jsoniter_int_test.go/Benchmark_json_int;560;312;4
0-36-0;Baseline;jsoniter_large_file_test.go/Benchmark_jsoniter_large_file;2451;4224;4
0-36-0;Baseline;jsoniter_large_file_test.go/Benchmark_json_large_file;2111;944;6
0-36-0;Baseline;jsoniter_nested_test.go/Benchmark_jsoniter_nested;611;128;7
0-36-0;Baseline;jsoniter_nested_test.go/Benchmark_json_nested;3224;552;10
