0-0-0;Baseline;/peers/prefer_test.go/BenchmarkHrwScoreCalc;14.5;0;0
0-0-0;Baseline;/stats/metrickey_test.go/BenchmarkMetricPrefix;827;128;2
0-0-0;Baseline;/testutils/random_bench_test.go/BenchmarkRandom256;10024;2304;2
0-0-0;Baseline;/testutils/random_bench_test.go/BenchmarkRandom1024;10173;3072;2
0-0-0;Baseline;/testutils/random_bench_test.go/BenchmarkRandom4096;39636;12288;2
0-0-0;Baseline;/testutils/random_bench_test.go/BenchmarkRandom16384;159769;49152;2
0-0-0;Baseline;/testutils/random_bench_test.go/BenchmarkRandom32768;318772;98304;2
0-0-0;Baseline;/thrift/headers_test.go/BenchmarkWriteHeaders;954;176;1
0-0-0;Baseline;/thrift/headers_test.go/BenchmarkReadHeaders;3209;790;22
0-0-0;Baseline;/thrift/struct_test.go/BenchmarkWriteStruct;476;0;0
0-0-0;Baseline;/thrift/struct_test.go/BenchmarkReadStruct;670;114;2
0-0-0;Baseline;/thrift/thrift_bench_test.go/BenchmarkBothSerial;104958;12084;148
0-0-0;Baseline;/thrift/thrift_bench_test.go/BenchmarkInboundSerial;121803;5730;74
0-0-0;Baseline;/thrift/thrift_bench_test.go/BenchmarkInboundParallel;2463646500;1344696;9429
0-0-0;Baseline;relay_benchmark_test.go/BenchmarkRelayNoLatencies;18424;2686;17
0-0-0;Baseline;relay_benchmark_test.go/BenchmarkRelay2Servers5Clients1k;59228;901;16
0-0-0;Baseline;relay_benchmark_test.go/BenchmarkRelay4Servers20Clients1k;43105;966;16
0-0-0;Baseline;relay_benchmark_test.go/BenchmarkRelay2Servers5Clients4k;72443;919;16
0-0-0;Baseline;relay_messages_benchmark_test.go/BenchmarkCallReqFrame;205;0;0
0-0-0;Baseline;arguments_test.go/BenchmarkArgReaderWriter;4245;5467;13
0-0-0;Baseline;connection_bench_test.go/BenchmarkCallsSerial;233648;40810;605
0-0-0;Baseline;connection_bench_test.go/BenchmarkCallsConcurrentClient;36298;40720;605
0-0-0;Baseline;frame_pool_b_test.go/BenchmarkFramePoolDisabled;3676;65680;2
0-0-0;Baseline;frame_pool_b_test.go/BenchmarkFramePoolSync;911;14414;0
0-0-0;Baseline;frame_pool_b_test.go/BenchmarkFramePoolChannel1000;1223;13200;0
0-0-0;Baseline;frame_pool_b_test.go/BenchmarkFramePoolChannel10000;889;3681;0
0-0-0;Baseline;peer_bench_test.go/BenchmarkGetConnection0In1Out;125;0;0
0-0-0;Baseline;peer_bench_test.go/BenchmarkGetConnection1In0Out;125;0;0
0-0-0;Baseline;peer_bench_test.go/BenchmarkGetConnection5In5Out;143;0;0
0-0-0;Baseline;peer_test.go/BenchmarkAddPeers;2239600;514262;5187
0-0-0;Baseline;/benchmark/client_server_bench_test.go/BenchmarkServer;5947;9603;62
0-0-0;Baseline;/benchmark/client_server_bench_test.go/BenchmarkClient;21640;6753;61
0-0-0;Baseline;/benchmark/tcp_bench_test.go/BenchmarkTCPDirect100Bytes;6270;0;0
0-0-0;Baseline;/benchmark/tcp_bench_test.go/BenchmarkTCPDirect1k;6344;0;0
0-0-0;Baseline;/benchmark/tcp_bench_test.go/BenchmarkTCPDirect4k;5651;0;0
0-0-0;Baseline;/benchmark/tcp_bench_test.go/BenchmarkTCPRelay100Bytes;4985;0;0
0-0-0;Baseline;/benchmark/tcp_bench_test.go/BenchmarkTCPRelay1kBytes;6013;0;0
0-0-0;Baseline;/benchmark/tcp_bench_test.go/BenchmarkTCPRelay4k;5485;0;0
0-1-0;Baseline;/stats/metrickey_test.go/BenchmarkMetricPrefix;827;128;2
0-1-0;Baseline;/testutils/random_bench_test.go/BenchmarkRandom256;9989;2304;2
0-1-0;Baseline;/testutils/random_bench_test.go/BenchmarkRandom1024;10183;3072;2
0-1-0;Baseline;/testutils/random_bench_test.go/BenchmarkRandom4096;39851;12288;2
0-1-0;Baseline;/testutils/random_bench_test.go/BenchmarkRandom16384;158878;49152;2
0-1-0;Baseline;/testutils/random_bench_test.go/BenchmarkRandom32768;318418;98304;2
0-1-0;Baseline;/thrift/headers_test.go/BenchmarkWriteHeaders;941;176;1
0-1-0;Baseline;/thrift/headers_test.go/BenchmarkReadHeaders;3205;790;22
0-1-0;Baseline;/thrift/struct_test.go/BenchmarkWriteStruct;473;0;0
0-1-0;Baseline;/thrift/struct_test.go/BenchmarkReadStruct;671;114;2
0-1-0;Baseline;/thrift/thrift_bench_test.go/BenchmarkBothSerial;104951;12057;148
0-1-0;Baseline;/thrift/thrift_bench_test.go/BenchmarkInboundSerial;121226;5704;74
0-1-0;Baseline;/thrift/thrift_bench_test.go/BenchmarkInboundParallel;2465020400;1343480;9397
0-1-0;Baseline;peer_bench_test.go/BenchmarkGetConnection0In1Out;125;0;0
0-1-0;Baseline;peer_bench_test.go/BenchmarkGetConnection1In0Out;132;0;0
0-1-0;Baseline;peer_bench_test.go/BenchmarkGetConnection5In5Out;143;0;0
0-1-0;Baseline;peer_test.go/BenchmarkAddPeers;2159509;514192;5186
0-1-0;Baseline;relay_benchmark_test.go/BenchmarkRelayNoLatencies;18293;3009;17
0-1-0;Baseline;relay_benchmark_test.go/BenchmarkRelay2Servers5Clients1k;59227;899;16
0-1-0;Baseline;relay_benchmark_test.go/BenchmarkRelay4Servers20Clients1k;43684;1124;16
0-1-0;Baseline;relay_benchmark_test.go/BenchmarkRelay2Servers5Clients4k;72608;899;16
0-1-0;Baseline;relay_messages_benchmark_test.go/BenchmarkCallReqFrame;208;0;0
0-1-0;Baseline;arguments_test.go/BenchmarkArgReaderWriter;4258;5467;13
0-1-0;Baseline;connection_bench_test.go/BenchmarkCallsSerial;233272;40874;605
0-1-0;Baseline;connection_bench_test.go/BenchmarkCallsConcurrentClient;36370;40726;605
0-1-0;Baseline;frame_pool_b_test.go/BenchmarkFramePoolDisabled;5655;100939;3
0-1-0;Baseline;frame_pool_b_test.go/BenchmarkFramePoolSync;879;14708;0
0-1-0;Baseline;frame_pool_b_test.go/BenchmarkFramePoolChannel1000;1034;9847;0
0-1-0;Baseline;frame_pool_b_test.go/BenchmarkFramePoolChannel10000;636;3819;0
0-1-0;Baseline;/benchmark/client_server_bench_test.go/BenchmarkServer;5929;11152;62
0-1-0;Baseline;/benchmark/client_server_bench_test.go/BenchmarkClient;21553;6766;61
0-1-0;Baseline;/benchmark/tcp_bench_test.go/BenchmarkTCPDirect100Bytes;5893;0;0
0-1-0;Baseline;/benchmark/tcp_bench_test.go/BenchmarkTCPDirect1k;6428;0;0
0-1-0;Baseline;/benchmark/tcp_bench_test.go/BenchmarkTCPDirect4k;6044;0;0
0-1-0;Baseline;/benchmark/tcp_bench_test.go/BenchmarkTCPRelay100Bytes;4854;0;0
0-1-0;Baseline;/benchmark/tcp_bench_test.go/BenchmarkTCPRelay1kBytes;6033;0;0
0-1-0;Baseline;/benchmark/tcp_bench_test.go/BenchmarkTCPRelay4k;5702;0;0
0-1-0;Baseline;/peers/prefer_test.go/BenchmarkHrwScoreCalc;14.5;0;0
0-2-0;Baseline;/testutils/random_bench_test.go/BenchmarkRandom256;10014;2304;2
0-2-0;Baseline;/testutils/random_bench_test.go/BenchmarkRandom1024;10113;3072;2
0-2-0;Baseline;/testutils/random_bench_test.go/BenchmarkRandom4096;39620;12288;2
0-2-0;Baseline;/testutils/random_bench_test.go/BenchmarkRandom16384;159104;49152;2
0-2-0;Baseline;/testutils/random_bench_test.go/BenchmarkRandom32768;318420;98304;2
0-2-0;Baseline;/thrift/thrift_bench_test.go/BenchmarkBothSerial;104987;12064;148
0-2-0;Baseline;/thrift/thrift_bench_test.go/BenchmarkInboundSerial;121736;5711;74
0-2-0;Baseline;/thrift/thrift_bench_test.go/BenchmarkInboundParallel;2469931800;1346376;9406
0-2-0;Baseline;/thrift/headers_test.go/BenchmarkWriteHeaders;894;176;1
0-2-0;Baseline;/thrift/headers_test.go/BenchmarkReadHeaders;3198;790;22
0-2-0;Baseline;/thrift/struct_test.go/BenchmarkWriteStruct;473;0;0
0-2-0;Baseline;/thrift/struct_test.go/BenchmarkReadStruct;670;114;2
0-2-0;Baseline;arguments_test.go/BenchmarkArgReaderWriter;4269;5467;13
0-2-0;Baseline;connection_bench_test.go/BenchmarkCallsSerial;233696;40823;605
0-2-0;Baseline;frame_pool_b_test.go/BenchmarkFramePoolDisabled;7843;144065;4
0-2-0;Baseline;frame_pool_b_test.go/BenchmarkFramePoolSync;1089;21563;0
0-2-0;Baseline;frame_pool_b_test.go/BenchmarkFramePoolChannel1000;1285;14181;0
0-2-0;Baseline;frame_pool_b_test.go/BenchmarkFramePoolChannel10000;823;3063;0
0-2-0;Baseline;peer_bench_test.go/BenchmarkGetConnection0In1Out;125;0;0
0-2-0;Baseline;peer_bench_test.go/BenchmarkGetConnection1In0Out;130;0;0
0-2-0;Baseline;peer_bench_test.go/BenchmarkGetConnection5In5Out;143;0;0
0-2-0;Baseline;peer_test.go/BenchmarkAddPeers;2096399;514210;5187
0-2-0;Baseline;relay_benchmark_test.go/BenchmarkRelayNoLatencies;17889;2964;17
0-2-0;Baseline;relay_benchmark_test.go/BenchmarkRelay2Servers5Clients1k;59664;915;16
0-2-0;Baseline;relay_benchmark_test.go/BenchmarkRelay4Servers20Clients1k;43817;1184;16
0-2-0;Baseline;relay_benchmark_test.go/BenchmarkRelay2Servers5Clients4k;72490;909;16
0-2-0;Baseline;relay_messages_benchmark_test.go/BenchmarkCallReqFrame;206;0;0
0-2-0;Baseline;/benchmark/tcp_bench_test.go/BenchmarkTCPDirect100Bytes;6227;0;0
0-2-0;Baseline;/benchmark/tcp_bench_test.go/BenchmarkTCPDirect1k;6506;0;0
0-2-0;Baseline;/benchmark/tcp_bench_test.go/BenchmarkTCPDirect4k;5349;0;0
0-2-0;Baseline;/benchmark/tcp_bench_test.go/BenchmarkTCPRelay100Bytes;4834;0;0
0-2-0;Baseline;/benchmark/tcp_bench_test.go/BenchmarkTCPRelay1kBytes;6070;0;0
0-2-0;Baseline;/benchmark/tcp_bench_test.go/BenchmarkTCPRelay4k;5302;0;0
0-2-0;Baseline;/benchmark/client_server_bench_test.go/BenchmarkServer;6346;13172;62
0-2-0;Baseline;/benchmark/client_server_bench_test.go/BenchmarkClient;21446;6714;61
0-2-0;Baseline;/peers/prefer_test.go/BenchmarkHrwScoreCalc;14.5;0;0
0-2-0;Baseline;/stats/metrickey_test.go/BenchmarkMetricPrefix;837;128;2
0-3-0;Baseline;arguments_test.go/BenchmarkArgReaderWriter;4245;5467;13
0-3-0;Baseline;connection_bench_test.go/BenchmarkCallsSerial;233889;40851;605
0-3-0;Baseline;connection_bench_test.go/BenchmarkCallsConcurrentClient;35359;37199;605
0-3-0;Baseline;frame_pool_b_test.go/BenchmarkFramePoolDisabled;5846;101765;3
0-3-0;Baseline;frame_pool_b_test.go/BenchmarkFramePoolSync;1299;14425;0
0-3-0;Baseline;frame_pool_b_test.go/BenchmarkFramePoolChannel1000;1333;14631;0
0-3-0;Baseline;frame_pool_b_test.go/BenchmarkFramePoolChannel10000;713;4910;0
0-3-0;Baseline;peer_bench_test.go/BenchmarkGetConnection0In1Out;125;0;0
0-3-0;Baseline;peer_bench_test.go/BenchmarkGetConnection1In0Out;125;0;0
0-3-0;Baseline;peer_bench_test.go/BenchmarkGetConnection5In5Out;144;0;0
0-3-0;Baseline;peer_test.go/BenchmarkAddPeers;2114642;514231;5187
0-3-0;Baseline;relay_benchmark_test.go/BenchmarkRelayNoLatencies;1013243;7341;16
0-3-0;Baseline;relay_benchmark_test.go/BenchmarkRelay2Servers5Clients1k;59407;897;16
0-3-0;Baseline;relay_benchmark_test.go/BenchmarkRelay4Servers20Clients1k;43417;1017;16
0-3-0;Baseline;relay_benchmark_test.go/BenchmarkRelay2Servers5Clients4k;72713;886;16
0-3-0;Baseline;relay_messages_benchmark_test.go/BenchmarkCallReqFrame;207;0;0
0-3-0;Baseline;/benchmark/tcp_bench_test.go/BenchmarkTCPDirect100Bytes;5829;0;0
0-3-0;Baseline;/benchmark/tcp_bench_test.go/BenchmarkTCPDirect1k;6404;0;0
0-3-0;Baseline;/benchmark/tcp_bench_test.go/BenchmarkTCPDirect4k;6249;0;0
0-3-0;Baseline;/benchmark/tcp_bench_test.go/BenchmarkTCPRelay100Bytes;4923;0;0
0-3-0;Baseline;/benchmark/tcp_bench_test.go/BenchmarkTCPRelay1kBytes;6042;0;0
0-3-0;Baseline;/benchmark/tcp_bench_test.go/BenchmarkTCPRelay4k;5505;0;0
0-3-0;Baseline;/benchmark/client_server_bench_test.go/BenchmarkServer;6136;11383;62
0-3-0;Baseline;/benchmark/client_server_bench_test.go/BenchmarkClient;21743;6847;61
0-3-0;Baseline;/peers/prefer_test.go/BenchmarkHrwScoreCalc;14.5;0;0
0-3-0;Baseline;/stats/metrickey_test.go/BenchmarkMetricPrefix;829;128;2
0-3-0;Baseline;/testutils/random_bench_test.go/BenchmarkRandom256;10014;2304;2
0-3-0;Baseline;/testutils/random_bench_test.go/BenchmarkRandom1024;10121;3072;2
0-3-0;Baseline;/testutils/random_bench_test.go/BenchmarkRandom4096;39604;12288;2
0-3-0;Baseline;/testutils/random_bench_test.go/BenchmarkRandom16384;159015;49152;2
0-3-0;Baseline;/testutils/random_bench_test.go/BenchmarkRandom32768;318432;98305;2
0-3-0;Baseline;/thrift/headers_test.go/BenchmarkWriteHeaders;960;176;1
0-3-0;Baseline;/thrift/headers_test.go/BenchmarkReadHeaders;3200;790;22
0-3-0;Baseline;/thrift/struct_test.go/BenchmarkWriteStruct;473;0;0
0-3-0;Baseline;/thrift/struct_test.go/BenchmarkReadStruct;671;114;2
0-3-0;Baseline;/thrift/thrift_bench_test.go/BenchmarkBothSerial;105377;12105;148
0-3-0;Baseline;/thrift/thrift_bench_test.go/BenchmarkInboundSerial;121429;5730;74
0-3-0;Baseline;/thrift/thrift_bench_test.go/BenchmarkInboundParallel;2440401000;1412232;9416
0-4-0;Baseline;arguments_test.go/BenchmarkArgReaderWriter;4263;5467;13
0-4-0;Baseline;connection_bench_test.go/BenchmarkCallsSerial;235226;40796;605
0-4-0;Baseline;connection_bench_test.go/BenchmarkCallsConcurrentClient;36422;40729;605
0-4-0;Baseline;frame_pool_b_test.go/BenchmarkFramePoolDisabled;7808;134976;4
0-4-0;Baseline;frame_pool_b_test.go/BenchmarkFramePoolSync;1034;20270;0
0-4-0;Baseline;frame_pool_b_test.go/BenchmarkFramePoolChannel1000;1089;11343;0
0-4-0;Baseline;frame_pool_b_test.go/BenchmarkFramePoolChannel10000;818;3656;0
0-4-0;Baseline;peer_bench_test.go/BenchmarkGetConnection0In1Out;125;0;0
0-4-0;Baseline;peer_bench_test.go/BenchmarkGetConnection1In0Out;124;0;0
0-4-0;Baseline;peer_bench_test.go/BenchmarkGetConnection5In5Out;144;0;0
0-4-0;Baseline;peer_test.go/BenchmarkAddPeers;2159592;514178;5186
0-4-0;Baseline;relay_benchmark_test.go/BenchmarkRelayNoLatencies;18467;4075;17
0-4-0;Baseline;relay_benchmark_test.go/BenchmarkRelay2Servers5Clients1k;59533;868;16
0-4-0;Baseline;relay_benchmark_test.go/BenchmarkRelay4Servers20Clients1k;43146;1027;16
0-4-0;Baseline;relay_benchmark_test.go/BenchmarkRelay2Servers5Clients4k;72978;909;16
0-4-0;Baseline;relay_messages_benchmark_test.go/BenchmarkCallReqFrame;208;0;0
0-4-0;Baseline;/benchmark/tcp_bench_test.go/BenchmarkTCPDirect100Bytes;5845;0;0
0-4-0;Baseline;/benchmark/tcp_bench_test.go/BenchmarkTCPDirect1k;6378;0;0
0-4-0;Baseline;/benchmark/tcp_bench_test.go/BenchmarkTCPDirect4k;5419;0;0
0-4-0;Baseline;/benchmark/tcp_bench_test.go/BenchmarkTCPRelay100Bytes;4990;0;0
0-4-0;Baseline;/benchmark/tcp_bench_test.go/BenchmarkTCPRelay1kBytes;6161;0;0
0-4-0;Baseline;/benchmark/tcp_bench_test.go/BenchmarkTCPRelay4k;5438;0;0
0-4-0;Baseline;/benchmark/client_server_bench_test.go/BenchmarkServer;6226;11252;62
0-4-0;Baseline;/benchmark/client_server_bench_test.go/BenchmarkClient;21707;6790;61
0-4-0;Baseline;/peers/prefer_test.go/BenchmarkHrwScoreCalc;14.5;0;0
0-4-0;Baseline;/stats/metrickey_test.go/BenchmarkMetricPrefix;825;128;2
0-4-0;Baseline;/testutils/random_bench_test.go/BenchmarkRandom256;10033;2304;2
0-4-0;Baseline;/testutils/random_bench_test.go/BenchmarkRandom1024;10134;3072;2
0-4-0;Baseline;/testutils/random_bench_test.go/BenchmarkRandom4096;39629;12288;2
0-4-0;Baseline;/testutils/random_bench_test.go/BenchmarkRandom16384;158957;49152;2
0-4-0;Baseline;/testutils/random_bench_test.go/BenchmarkRandom32768;318734;98304;2
0-4-0;Baseline;/thrift/headers_test.go/BenchmarkWriteHeaders;962;176;1
0-4-0;Baseline;/thrift/headers_test.go/BenchmarkReadHeaders;3192;790;22
0-4-0;Baseline;/thrift/struct_test.go/BenchmarkWriteStruct;473;0;0
0-4-0;Baseline;/thrift/struct_test.go/BenchmarkReadStruct;673;114;2
0-4-0;Baseline;/thrift/thrift_bench_test.go/BenchmarkBothSerial;105067;12057;148
0-4-0;Baseline;/thrift/thrift_bench_test.go/BenchmarkInboundSerial;122206;5763;74
0-4-0;Baseline;/thrift/thrift_bench_test.go/BenchmarkInboundParallel;2480399400;1545368;9444
0-5-0;Baseline;/thrift/thrift_bench_test.go/BenchmarkBothSerial;105244;12071;148
0-5-0;Baseline;/thrift/thrift_bench_test.go/BenchmarkInboundSerial;121914;5723;74
0-5-0;Baseline;/thrift/thrift_bench_test.go/BenchmarkInboundParallel;2473771000;1343656;9405
0-5-0;Baseline;/thrift/headers_test.go/BenchmarkWriteHeaders;922;176;1
0-5-0;Baseline;/thrift/headers_test.go/BenchmarkReadHeaders;3191;790;22
0-5-0;Baseline;/thrift/struct_test.go/BenchmarkWriteStruct;472;0;0
0-5-0;Baseline;/thrift/struct_test.go/BenchmarkReadStruct;670;114;2
0-5-0;Baseline;relay_messages_benchmark_test.go/BenchmarkCallReqFrame;206;0;0
0-5-0;Baseline;arguments_test.go/BenchmarkArgReaderWriter;4267;5467;13
0-5-0;Baseline;connection_bench_test.go/BenchmarkCallsSerial;234565;40731;605
0-5-0;Baseline;connection_bench_test.go/BenchmarkCallsConcurrentClient;35156;37230;605
0-5-0;Baseline;frame_pool_b_test.go/BenchmarkFramePoolDisabled;3707;65680;2
0-5-0;Baseline;frame_pool_b_test.go/BenchmarkFramePoolSync;940;14034;0
0-5-0;Baseline;frame_pool_b_test.go/BenchmarkFramePoolChannel1000;1037;10249;0
0-5-0;Baseline;frame_pool_b_test.go/BenchmarkFramePoolChannel10000;787;1320;0
0-5-0;Baseline;peer_bench_test.go/BenchmarkGetConnection0In1Out;125;0;0
0-5-0;Baseline;peer_bench_test.go/BenchmarkGetConnection1In0Out;125;0;0
0-5-0;Baseline;peer_bench_test.go/BenchmarkGetConnection5In5Out;143;0;0
0-5-0;Baseline;peer_test.go/BenchmarkAddPeers;2170439;514158;5186
0-5-0;Baseline;relay_benchmark_test.go/BenchmarkRelayNoLatencies;17955;3447;18
0-5-0;Baseline;relay_benchmark_test.go/BenchmarkRelay2Servers5Clients1k;59761;853;16
0-5-0;Baseline;relay_benchmark_test.go/BenchmarkRelay4Servers20Clients1k;42998;959;16
0-5-0;Baseline;relay_benchmark_test.go/BenchmarkRelay2Servers5Clients4k;72293;879;16
0-5-0;Baseline;/benchmark/client_server_bench_test.go/BenchmarkServer;6073;10587;62
0-5-0;Baseline;/benchmark/client_server_bench_test.go/BenchmarkClient;21512;6742;61
0-5-0;Baseline;/benchmark/tcp_bench_test.go/BenchmarkTCPDirect100Bytes;6153;0;0
0-5-0;Baseline;/benchmark/tcp_bench_test.go/BenchmarkTCPDirect1k;6431;0;0
0-5-0;Baseline;/benchmark/tcp_bench_test.go/BenchmarkTCPDirect4k;5757;0;0
0-5-0;Baseline;/benchmark/tcp_bench_test.go/BenchmarkTCPRelay100Bytes;4884;0;0
0-5-0;Baseline;/benchmark/tcp_bench_test.go/BenchmarkTCPRelay1kBytes;5998;0;0
0-5-0;Baseline;/benchmark/tcp_bench_test.go/BenchmarkTCPRelay4k;5314;0;0
0-5-0;Baseline;/peers/prefer_test.go/BenchmarkHrwScoreCalc;14.5;0;0
0-5-0;Baseline;/stats/metrickey_test.go/BenchmarkMetricPrefix;827;128;2
0-5-0;Baseline;/testutils/random_bench_test.go/BenchmarkRandom256;10001;2304;2
0-5-0;Baseline;/testutils/random_bench_test.go/BenchmarkRandom1024;10115;3072;2
0-5-0;Baseline;/testutils/random_bench_test.go/BenchmarkRandom4096;39586;12288;2
0-5-0;Baseline;/testutils/random_bench_test.go/BenchmarkRandom16384;159007;49152;2
0-5-0;Baseline;/testutils/random_bench_test.go/BenchmarkRandom32768;318480;98304;2
0-6-0;Baseline;/stats/metrickey_test.go/BenchmarkMetricPrefix;828;128;2
0-6-0;Baseline;/testutils/random_bench_test.go/BenchmarkRandom256;10010;2304;2
0-6-0;Baseline;/testutils/random_bench_test.go/BenchmarkRandom1024;10122;3072;2
0-6-0;Baseline;/testutils/random_bench_test.go/BenchmarkRandom4096;39581;12288;2
0-6-0;Baseline;/testutils/random_bench_test.go/BenchmarkRandom16384;158928;49152;2
0-6-0;Baseline;/testutils/random_bench_test.go/BenchmarkRandom32768;318263;98304;2
0-6-0;Baseline;/thrift/headers_test.go/BenchmarkWriteHeaders;963;176;1
0-6-0;Baseline;/thrift/headers_test.go/BenchmarkReadHeaders;3218;790;22
0-6-0;Baseline;/thrift/struct_test.go/BenchmarkWriteStruct;473;0;0
0-6-0;Baseline;/thrift/struct_test.go/BenchmarkReadStruct;672;114;2
0-6-0;Baseline;/thrift/thrift_bench_test.go/BenchmarkBothSerial;105217;12045;148
0-6-0;Baseline;/thrift/thrift_bench_test.go/BenchmarkInboundSerial;121991;5756;74
0-6-0;Baseline;/thrift/thrift_bench_test.go/BenchmarkInboundParallel;2453041200;1348216;9452
0-6-0;Baseline;relay_benchmark_test.go/BenchmarkRelayNoLatencies;18467;3796;18
0-6-0;Baseline;relay_benchmark_test.go/BenchmarkRelay2Servers5Clients1k;59654;895;16
0-6-0;Baseline;relay_benchmark_test.go/BenchmarkRelay4Servers20Clients1k;43257;1089;16
0-6-0;Baseline;relay_benchmark_test.go/BenchmarkRelay2Servers5Clients4k;72481;866;16
0-6-0;Baseline;relay_messages_benchmark_test.go/BenchmarkCallReqFrame;208;0;0
0-6-0;Baseline;arguments_test.go/BenchmarkArgReaderWriter;4259;5467;13
0-6-0;Baseline;connection_bench_test.go/BenchmarkCallsSerial;234204;40824;605
0-6-0;Baseline;frame_pool_b_test.go/BenchmarkFramePoolDisabled;3632;65680;2
0-6-0;Baseline;frame_pool_b_test.go/BenchmarkFramePoolSync;359;6510;0
0-6-0;Baseline;frame_pool_b_test.go/BenchmarkFramePoolChannel1000;1278;15552;0
0-6-0;Baseline;frame_pool_b_test.go/BenchmarkFramePoolChannel10000;788;1473;0
0-6-0;Baseline;peer_bench_test.go/BenchmarkGetConnection0In1Out;125;0;0
0-6-0;Baseline;peer_bench_test.go/BenchmarkGetConnection1In0Out;125;0;0
0-6-0;Baseline;peer_bench_test.go/BenchmarkGetConnection5In5Out;144;0;0
0-6-0;Baseline;peer_test.go/BenchmarkAddPeers;2102280;514203;5186
0-6-0;Baseline;/benchmark/client_server_bench_test.go/BenchmarkServer;6162;9724;61
0-6-0;Baseline;/benchmark/client_server_bench_test.go/BenchmarkClient;21723;6745;61
0-6-0;Baseline;/benchmark/tcp_bench_test.go/BenchmarkTCPDirect100Bytes;5849;0;0
0-6-0;Baseline;/benchmark/tcp_bench_test.go/BenchmarkTCPDirect1k;6607;0;0
0-6-0;Baseline;/benchmark/tcp_bench_test.go/BenchmarkTCPDirect4k;5491;0;0
0-6-0;Baseline;/benchmark/tcp_bench_test.go/BenchmarkTCPRelay100Bytes;4916;0;0
0-6-0;Baseline;/benchmark/tcp_bench_test.go/BenchmarkTCPRelay1kBytes;6073;0;0
0-6-0;Baseline;/benchmark/tcp_bench_test.go/BenchmarkTCPRelay4k;5524;0;0
0-6-0;Baseline;/peers/prefer_test.go/BenchmarkHrwScoreCalc;14.5;0;0
0-7-0;Baseline;peer_test.go/BenchmarkAddPeers;2102035;514128;5186
0-7-0;Baseline;relay_benchmark_test.go/BenchmarkRelayNoLatencies;17939;2892;17
0-7-0;Baseline;relay_benchmark_test.go/BenchmarkRelay2Servers5Clients1k;59263;945;16
0-7-0;Baseline;relay_benchmark_test.go/BenchmarkRelay4Servers20Clients1k;43069;1043;16
0-7-0;Baseline;relay_benchmark_test.go/BenchmarkRelay2Servers5Clients4k;72570;899;16
0-7-0;Baseline;relay_messages_benchmark_test.go/BenchmarkCallReqFrame;208;0;0
0-7-0;Baseline;arguments_test.go/BenchmarkArgReaderWriter;4275;5467;13
0-7-0;Baseline;connection_bench_test.go/BenchmarkCallsSerial;234208;40879;605
0-7-0;Baseline;connection_bench_test.go/BenchmarkCallsConcurrentClient;35460;37213;605
0-7-0;Baseline;frame_pool_b_test.go/BenchmarkFramePoolDisabled;4494;76728;2
0-7-0;Baseline;frame_pool_b_test.go/BenchmarkFramePoolSync;395;6335;0
0-7-0;Baseline;frame_pool_b_test.go/BenchmarkFramePoolChannel1000;968;9935;0
0-7-0;Baseline;frame_pool_b_test.go/BenchmarkFramePoolChannel10000;797;5285;0
0-7-0;Baseline;peer_bench_test.go/BenchmarkGetConnection0In1Out;125;0;0
0-7-0;Baseline;peer_bench_test.go/BenchmarkGetConnection1In0Out;125;0;0
0-7-0;Baseline;peer_bench_test.go/BenchmarkGetConnection5In5Out;143;0;0
0-7-0;Baseline;/benchmark/client_server_bench_test.go/BenchmarkServer;6071;11229;62
0-7-0;Baseline;/benchmark/client_server_bench_test.go/BenchmarkClient;21520;6753;61
0-7-0;Baseline;/benchmark/tcp_bench_test.go/BenchmarkTCPDirect100Bytes;6230;0;0
0-7-0;Baseline;/benchmark/tcp_bench_test.go/BenchmarkTCPDirect1k;6393;0;0
0-7-0;Baseline;/benchmark/tcp_bench_test.go/BenchmarkTCPDirect4k;5854;0;0
0-7-0;Baseline;/benchmark/tcp_bench_test.go/BenchmarkTCPRelay100Bytes;4899;0;0
0-7-0;Baseline;/benchmark/tcp_bench_test.go/BenchmarkTCPRelay1kBytes;6085;0;0
0-7-0;Baseline;/benchmark/tcp_bench_test.go/BenchmarkTCPRelay4k;5599;0;0
0-7-0;Baseline;/peers/prefer_test.go/BenchmarkHrwScoreCalc;14.5;0;0
0-7-0;Baseline;/stats/metrickey_test.go/BenchmarkMetricPrefix;828;128;2
0-7-0;Baseline;/testutils/random_bench_test.go/BenchmarkRandom256;9946;2304;2
0-7-0;Baseline;/testutils/random_bench_test.go/BenchmarkRandom1024;10149;3072;2
0-7-0;Baseline;/testutils/random_bench_test.go/BenchmarkRandom4096;39597;12288;2
0-7-0;Baseline;/testutils/random_bench_test.go/BenchmarkRandom16384;158858;49152;2
0-7-0;Baseline;/testutils/random_bench_test.go/BenchmarkRandom32768;318610;98304;2
0-7-0;Baseline;/thrift/thrift_bench_test.go/BenchmarkBothSerial;104940;12084;148
0-7-0;Baseline;/thrift/thrift_bench_test.go/BenchmarkInboundSerial;121710;5737;74
0-7-0;Baseline;/thrift/thrift_bench_test.go/BenchmarkInboundParallel;2476915200;1409880;9436
0-7-0;Baseline;/thrift/headers_test.go/BenchmarkWriteHeaders;954;176;1
0-7-0;Baseline;/thrift/headers_test.go/BenchmarkReadHeaders;3212;790;22
0-7-0;Baseline;/thrift/struct_test.go/BenchmarkWriteStruct;473;0;0
0-7-0;Baseline;/thrift/struct_test.go/BenchmarkReadStruct;674;114;2
0-8-0;Baseline;relay_messages_benchmark_test.go/BenchmarkCallReqFrame;208;0;0
0-8-0;Baseline;arguments_test.go/BenchmarkArgReaderWriter;4251;5467;13
0-8-0;Baseline;connection_bench_test.go/BenchmarkCallsSerial;233919;40903;605
0-8-0;Baseline;connection_bench_test.go/BenchmarkCallsConcurrentClient;36548;40722;605
0-8-0;Baseline;frame_pool_b_test.go/BenchmarkFramePoolDisabled;3644;66549;2
0-8-0;Baseline;frame_pool_b_test.go/BenchmarkFramePoolSync;1279;14245;0
0-8-0;Baseline;frame_pool_b_test.go/BenchmarkFramePoolChannel1000;848;8525;0
0-8-0;Baseline;frame_pool_b_test.go/BenchmarkFramePoolChannel10000;828;2429;0
0-8-0;Baseline;peer_bench_test.go/BenchmarkGetConnection0In1Out;125;0;0
0-8-0;Baseline;peer_bench_test.go/BenchmarkGetConnection1In0Out;125;0;0
0-8-0;Baseline;peer_bench_test.go/BenchmarkGetConnection5In5Out;143;0;0
0-8-0;Baseline;peer_test.go/BenchmarkAddPeers;2115761;514172;5186
0-8-0;Baseline;relay_benchmark_test.go/BenchmarkRelayNoLatencies;18375;3147;17
0-8-0;Baseline;relay_benchmark_test.go/BenchmarkRelay2Servers5Clients1k;59104;899;16
0-8-0;Baseline;relay_benchmark_test.go/BenchmarkRelay4Servers20Clients1k;43202;1178;16
0-8-0;Baseline;relay_benchmark_test.go/BenchmarkRelay2Servers5Clients4k;73466;922;16
0-8-0;Baseline;/benchmark/client_server_bench_test.go/BenchmarkServer;6029;10233;62
0-8-0;Baseline;/benchmark/client_server_bench_test.go/BenchmarkClient;21391;6732;61
0-8-0;Baseline;/benchmark/tcp_bench_test.go/BenchmarkTCPDirect100Bytes;5767;0;0
0-8-0;Baseline;/benchmark/tcp_bench_test.go/BenchmarkTCPDirect1k;6550;0;0
0-8-0;Baseline;/benchmark/tcp_bench_test.go/BenchmarkTCPDirect4k;5767;0;0
0-8-0;Baseline;/benchmark/tcp_bench_test.go/BenchmarkTCPRelay100Bytes;4940;0;0
0-8-0;Baseline;/benchmark/tcp_bench_test.go/BenchmarkTCPRelay1kBytes;5971;0;0
0-8-0;Baseline;/benchmark/tcp_bench_test.go/BenchmarkTCPRelay4k;5450;0;0
0-8-0;Baseline;/peers/prefer_test.go/BenchmarkHrwScoreCalc;14.5;0;0
0-8-0;Baseline;/stats/metrickey_test.go/BenchmarkMetricPrefix;831;128;2
0-8-0;Baseline;/testutils/random_bench_test.go/BenchmarkRandom256;10002;2304;2
0-8-0;Baseline;/testutils/random_bench_test.go/BenchmarkRandom1024;10112;3072;2
0-8-0;Baseline;/testutils/random_bench_test.go/BenchmarkRandom4096;39639;12288;2
0-8-0;Baseline;/testutils/random_bench_test.go/BenchmarkRandom16384;158858;49152;2
0-8-0;Baseline;/testutils/random_bench_test.go/BenchmarkRandom32768;318316;98305;2
0-8-0;Baseline;/thrift/headers_test.go/BenchmarkWriteHeaders;944;176;1
0-8-0;Baseline;/thrift/headers_test.go/BenchmarkReadHeaders;3243;790;22
0-8-0;Baseline;/thrift/struct_test.go/BenchmarkWriteStruct;473;0;0
0-8-0;Baseline;/thrift/struct_test.go/BenchmarkReadStruct;674;114;2
0-8-0;Baseline;/thrift/thrift_bench_test.go/BenchmarkBothSerial;105144;12137;148
0-8-0;Baseline;/thrift/thrift_bench_test.go/BenchmarkInboundSerial;121664;5730;74
0-8-0;Baseline;/thrift/thrift_bench_test.go/BenchmarkInboundParallel;2481563000;1475976;9413
0-9-0;Baseline;relay_messages_benchmark_test.go/BenchmarkCallReqFrame;208;0;0
0-9-0;Baseline;arguments_test.go/BenchmarkArgReaderWriter;4260;5467;13
0-9-0;Baseline;connection_bench_test.go/BenchmarkCallsSerial;234378;40863;605
0-9-0;Baseline;connection_bench_test.go/BenchmarkCallsConcurrentServer;34394;40320;605
0-9-0;Baseline;connection_bench_test.go/BenchmarkCallsConcurrentClient;36595;40718;605
0-9-0;Baseline;frame_pool_b_test.go/BenchmarkFramePoolDisabled;3810;65677;2
0-9-0;Baseline;frame_pool_b_test.go/BenchmarkFramePoolSync;1082;22183;0
0-9-0;Baseline;frame_pool_b_test.go/BenchmarkFramePoolChannel1000;1442;13597;0
0-9-0;Baseline;frame_pool_b_test.go/BenchmarkFramePoolChannel10000;933;2155;0
0-9-0;Baseline;peer_bench_test.go/BenchmarkGetConnection0In1Out;125;0;0
0-9-0;Baseline;peer_bench_test.go/BenchmarkGetConnection1In0Out;125;0;0
0-9-0;Baseline;peer_bench_test.go/BenchmarkGetConnection5In5Out;145;0;0
0-9-0;Baseline;peer_test.go/BenchmarkAddPeers;2109047;514206;5187
0-9-0;Baseline;relay_benchmark_test.go/BenchmarkRelayNoLatencies;18543;3923;18
0-9-0;Baseline;relay_benchmark_test.go/BenchmarkRelay2Servers5Clients1k;59627;876;16
0-9-0;Baseline;relay_benchmark_test.go/BenchmarkRelay4Servers20Clients1k;43104;1008;16
0-9-0;Baseline;relay_benchmark_test.go/BenchmarkRelay2Servers5Clients4k;72691;896;16
0-9-0;Baseline;/benchmark/client_server_bench_test.go/BenchmarkServer;5914;10075;62
0-9-0;Baseline;/benchmark/client_server_bench_test.go/BenchmarkClient;21435;6795;61
0-9-0;Baseline;/benchmark/tcp_bench_test.go/BenchmarkTCPDirect100Bytes;5864;0;0
0-9-0;Baseline;/benchmark/tcp_bench_test.go/BenchmarkTCPDirect1k;6375;0;0
0-9-0;Baseline;/benchmark/tcp_bench_test.go/BenchmarkTCPDirect4k;5723;0;0
0-9-0;Baseline;/benchmark/tcp_bench_test.go/BenchmarkTCPRelay100Bytes;4963;0;0
0-9-0;Baseline;/benchmark/tcp_bench_test.go/BenchmarkTCPRelay1kBytes;5947;0;0
0-9-0;Baseline;/benchmark/tcp_bench_test.go/BenchmarkTCPRelay4k;5700;0;0
0-9-0;Baseline;/peers/prefer_test.go/BenchmarkHrwScoreCalc;14.5;0;0
0-9-0;Baseline;/stats/metrickey_test.go/BenchmarkMetricPrefix;827;128;2
0-9-0;Baseline;/testutils/random_bench_test.go/BenchmarkRandom256;10014;2304;2
0-9-0;Baseline;/testutils/random_bench_test.go/BenchmarkRandom1024;10121;3072;2
0-9-0;Baseline;/testutils/random_bench_test.go/BenchmarkRandom4096;39603;12288;2
0-9-0;Baseline;/testutils/random_bench_test.go/BenchmarkRandom16384;158819;49152;2
0-9-0;Baseline;/testutils/random_bench_test.go/BenchmarkRandom32768;318396;98305;2
0-9-0;Baseline;/thrift/headers_test.go/BenchmarkWriteHeaders;934;176;1
0-9-0;Baseline;/thrift/headers_test.go/BenchmarkReadHeaders;3201;790;22
0-9-0;Baseline;/thrift/struct_test.go/BenchmarkWriteStruct;473;0;0
0-9-0;Baseline;/thrift/struct_test.go/BenchmarkReadStruct;676;114;2
0-9-0;Baseline;/thrift/thrift_bench_test.go/BenchmarkBothSerial;105481;12038;148
0-9-0;Baseline;/thrift/thrift_bench_test.go/BenchmarkInboundSerial;121938;5769;74
0-9-0;Baseline;/thrift/thrift_bench_test.go/BenchmarkInboundParallel;2432786000;1475992;9437
0-10-0;Baseline;arguments_test.go/BenchmarkArgReaderWriter;4264;5467;13
0-10-0;Baseline;connection_bench_test.go/BenchmarkCallsSerial;235460;40811;605
0-10-0;Baseline;connection_bench_test.go/BenchmarkCallsConcurrentClient;35536;37224;605
0-10-0;Baseline;frame_pool_b_test.go/BenchmarkFramePoolDisabled;3698;65643;2
0-10-0;Baseline;frame_pool_b_test.go/BenchmarkFramePoolSync;967;14379;0
0-10-0;Baseline;frame_pool_b_test.go/BenchmarkFramePoolChannel1000;1245;13768;0
0-10-0;Baseline;frame_pool_b_test.go/BenchmarkFramePoolChannel10000;1000;8376;0
0-10-0;Baseline;peer_bench_test.go/BenchmarkGetConnection0In1Out;125;0;0
0-10-0;Baseline;peer_bench_test.go/BenchmarkGetConnection1In0Out;125;0;0
0-10-0;Baseline;peer_bench_test.go/BenchmarkGetConnection5In5Out;144;0;0
0-10-0;Baseline;peer_test.go/BenchmarkAddPeers;2118014;514145;5186
0-10-0;Baseline;relay_benchmark_test.go/BenchmarkRelayNoLatencies;17947;4448;18
0-10-0;Baseline;relay_benchmark_test.go/BenchmarkRelay2Servers5Clients1k;59338;901;16
0-10-0;Baseline;relay_benchmark_test.go/BenchmarkRelay4Servers20Clients1k;43692;1130;16
0-10-0;Baseline;relay_benchmark_test.go/BenchmarkRelay2Servers5Clients4k;72392;922;16
0-10-0;Baseline;relay_messages_benchmark_test.go/BenchmarkCallReqFrame;208;0;0
0-10-0;Baseline;/benchmark/tcp_bench_test.go/BenchmarkTCPDirect100Bytes;6301;0;0
0-10-0;Baseline;/benchmark/tcp_bench_test.go/BenchmarkTCPDirect1k;6351;0;0
0-10-0;Baseline;/benchmark/tcp_bench_test.go/BenchmarkTCPDirect4k;5531;0;0
0-10-0;Baseline;/benchmark/tcp_bench_test.go/BenchmarkTCPRelay100Bytes;4825;0;0
0-10-0;Baseline;/benchmark/tcp_bench_test.go/BenchmarkTCPRelay1kBytes;5973;0;0
0-10-0;Baseline;/benchmark/tcp_bench_test.go/BenchmarkTCPRelay4k;5611;0;0
0-10-0;Baseline;/benchmark/client_server_bench_test.go/BenchmarkServer;6302;12100;62
0-10-0;Baseline;/benchmark/client_server_bench_test.go/BenchmarkClient;21486;6743;61
0-10-0;Baseline;/peers/prefer_test.go/BenchmarkHrwScoreCalc;14.5;0;0
0-10-0;Baseline;/stats/metrickey_test.go/BenchmarkMetricPrefix;827;128;2
0-10-0;Baseline;/testutils/random_bench_test.go/BenchmarkRandom256;9978;2304;2
0-10-0;Baseline;/testutils/random_bench_test.go/BenchmarkRandom1024;10124;3072;2
0-10-0;Baseline;/testutils/random_bench_test.go/BenchmarkRandom4096;39605;12288;2
0-10-0;Baseline;/testutils/random_bench_test.go/BenchmarkRandom16384;158908;49152;2
0-10-0;Baseline;/testutils/random_bench_test.go/BenchmarkRandom32768;318547;98304;2
0-10-0;Baseline;/thrift/headers_test.go/BenchmarkWriteHeaders;931;176;1
0-10-0;Baseline;/thrift/headers_test.go/BenchmarkReadHeaders;3202;790;22
0-10-0;Baseline;/thrift/struct_test.go/BenchmarkWriteStruct;473;0;0
0-10-0;Baseline;/thrift/struct_test.go/BenchmarkReadStruct;672;114;2
0-10-0;Baseline;/thrift/thrift_bench_test.go/BenchmarkBothSerial;105131;12082;148
0-10-0;Baseline;/thrift/thrift_bench_test.go/BenchmarkInboundSerial;121646;5756;74
0-10-0;Baseline;/thrift/thrift_bench_test.go/BenchmarkInboundParallel;2474073300;1345336;9446
0-11-0;Baseline;arguments_test.go/BenchmarkArgReaderWriter;4245;5467;13
0-11-0;Baseline;connection_bench_test.go/BenchmarkCallsSerial;233655;40823;605
0-11-0;Baseline;connection_bench_test.go/BenchmarkCallsConcurrentClient;36315;40730;605
0-11-0;Baseline;frame_pool_b_test.go/BenchmarkFramePoolDisabled;5916;105901;3
0-11-0;Baseline;frame_pool_b_test.go/BenchmarkFramePoolSync;945;14677;0
0-11-0;Baseline;frame_pool_b_test.go/BenchmarkFramePoolChannel1000;1160;10049;0
0-11-0;Baseline;frame_pool_b_test.go/BenchmarkFramePoolChannel10000;899;5394;0
0-11-0;Baseline;peer_bench_test.go/BenchmarkGetConnection0In1Out;125;0;0
0-11-0;Baseline;peer_bench_test.go/BenchmarkGetConnection1In0Out;125;0;0
0-11-0;Baseline;peer_bench_test.go/BenchmarkGetConnection5In5Out;143;0;0
0-11-0;Baseline;peer_test.go/BenchmarkAddPeers;2153585;514242;5187
0-11-0;Baseline;relay_benchmark_test.go/BenchmarkRelayNoLatencies;18928;2558;17
0-11-0;Baseline;relay_benchmark_test.go/BenchmarkRelay2Servers5Clients1k;59404;884;16
0-11-0;Baseline;relay_benchmark_test.go/BenchmarkRelay4Servers20Clients1k;42949;1153;16
0-11-0;Baseline;relay_benchmark_test.go/BenchmarkRelay2Servers5Clients4k;72935;932;16
0-11-0;Baseline;relay_messages_benchmark_test.go/BenchmarkCallReqFrame;208;0;0
0-11-0;Baseline;/benchmark/client_server_bench_test.go/BenchmarkServer;6302;12233;62
0-11-0;Baseline;/benchmark/client_server_bench_test.go/BenchmarkClient;21972;6892;61
0-11-0;Baseline;/benchmark/tcp_bench_test.go/BenchmarkTCPDirect100Bytes;6259;0;0
0-11-0;Baseline;/benchmark/tcp_bench_test.go/BenchmarkTCPDirect1k;6371;0;0
0-11-0;Baseline;/benchmark/tcp_bench_test.go/BenchmarkTCPDirect4k;5921;0;0
0-11-0;Baseline;/benchmark/tcp_bench_test.go/BenchmarkTCPRelay100Bytes;4921;0;0
0-11-0;Baseline;/benchmark/tcp_bench_test.go/BenchmarkTCPRelay1kBytes;6089;0;0
0-11-0;Baseline;/benchmark/tcp_bench_test.go/BenchmarkTCPRelay4k;5437;0;0
0-11-0;Baseline;/peers/prefer_test.go/BenchmarkHrwScoreCalc;14.5;0;0
0-11-0;Baseline;/stats/metrickey_test.go/BenchmarkMetricPrefix;828;128;2
0-11-0;Baseline;/testutils/random_bench_test.go/BenchmarkRandom256;10009;2304;2
0-11-0;Baseline;/testutils/random_bench_test.go/BenchmarkRandom1024;10187;3072;2
0-11-0;Baseline;/testutils/random_bench_test.go/BenchmarkRandom4096;39618;12288;2
0-11-0;Baseline;/testutils/random_bench_test.go/BenchmarkRandom16384;158982;49152;2
0-11-0;Baseline;/testutils/random_bench_test.go/BenchmarkRandom32768;318485;98304;2
0-11-0;Baseline;/thrift/headers_test.go/BenchmarkWriteHeaders;944;176;1
0-11-0;Baseline;/thrift/headers_test.go/BenchmarkReadHeaders;3211;790;22
0-11-0;Baseline;/thrift/struct_test.go/BenchmarkWriteStruct;467;0;0
0-11-0;Baseline;/thrift/struct_test.go/BenchmarkReadStruct;671;114;2
0-11-0;Baseline;/thrift/thrift_bench_test.go/BenchmarkBothSerial;104890;12063;148
0-11-0;Baseline;/thrift/thrift_bench_test.go/BenchmarkInboundSerial;121656;5724;74
0-11-0;Baseline;/thrift/thrift_bench_test.go/BenchmarkInboundParallel;2469480000;1410472;9425
0-12-0;Baseline;arguments_test.go/BenchmarkArgReaderWriter;4259;5467;13
0-12-0;Baseline;connection_bench_test.go/BenchmarkCallsSerial;234328;40824;605
0-12-0;Baseline;frame_pool_b_test.go/BenchmarkFramePoolDisabled;7903;144965;4
0-12-0;Baseline;frame_pool_b_test.go/BenchmarkFramePoolSync;929;14574;0
0-12-0;Baseline;frame_pool_b_test.go/BenchmarkFramePoolChannel1000;1108;12967;0
0-12-0;Baseline;frame_pool_b_test.go/BenchmarkFramePoolChannel10000;931;5376;0
0-12-0;Baseline;peer_bench_test.go/BenchmarkGetConnection0In1Out;125;0;0
0-12-0;Baseline;peer_bench_test.go/BenchmarkGetConnection1In0Out;131;0;0
0-12-0;Baseline;peer_bench_test.go/BenchmarkGetConnection5In5Out;144;0;0
0-12-0;Baseline;peer_test.go/BenchmarkAddPeers;2115502;514147;5186
0-12-0;Baseline;relay_benchmark_test.go/BenchmarkRelayNoLatencies;18413;3809;17
0-12-0;Baseline;relay_benchmark_test.go/BenchmarkRelay2Servers5Clients1k;59376;851;16
0-12-0;Baseline;relay_benchmark_test.go/BenchmarkRelay4Servers20Clients1k;43922;1177;16
0-12-0;Baseline;relay_benchmark_test.go/BenchmarkRelay2Servers5Clients4k;73449;962;16
0-12-0;Baseline;relay_messages_benchmark_test.go/BenchmarkCallReqFrame;208;0;0
0-12-0;Baseline;/benchmark/client_server_bench_test.go/BenchmarkServer;6171;12105;62
0-12-0;Baseline;/benchmark/client_server_bench_test.go/BenchmarkClient;21568;6759;61
0-12-0;Baseline;/benchmark/tcp_bench_test.go/BenchmarkTCPDirect100Bytes;6100;0;0
0-12-0;Baseline;/benchmark/tcp_bench_test.go/BenchmarkTCPDirect1k;6431;0;0
0-12-0;Baseline;/benchmark/tcp_bench_test.go/BenchmarkTCPDirect4k;5783;0;0
0-12-0;Baseline;/benchmark/tcp_bench_test.go/BenchmarkTCPRelay100Bytes;4944;0;0
0-12-0;Baseline;/benchmark/tcp_bench_test.go/BenchmarkTCPRelay1kBytes;6056;0;0
0-12-0;Baseline;/benchmark/tcp_bench_test.go/BenchmarkTCPRelay4k;5316;0;0
0-12-0;Baseline;/peers/prefer_test.go/BenchmarkHrwScoreCalc;14.5;0;0
0-12-0;Baseline;/stats/metrickey_test.go/BenchmarkMetricPrefix;831;128;2
0-12-0;Baseline;/testutils/random_bench_test.go/BenchmarkRandom256;9994;2304;2
0-12-0;Baseline;/testutils/random_bench_test.go/BenchmarkRandom1024;10127;3072;2
0-12-0;Baseline;/testutils/random_bench_test.go/BenchmarkRandom4096;39851;12288;2
0-12-0;Baseline;/testutils/random_bench_test.go/BenchmarkRandom16384;159986;49152;2
0-12-0;Baseline;/testutils/random_bench_test.go/BenchmarkRandom32768;318381;98304;2
0-12-0;Baseline;/thrift/headers_test.go/BenchmarkWriteHeaders;947;176;1
0-12-0;Baseline;/thrift/headers_test.go/BenchmarkReadHeaders;3191;790;22
0-12-0;Baseline;/thrift/struct_test.go/BenchmarkWriteStruct;475;0;0
0-12-0;Baseline;/thrift/struct_test.go/BenchmarkReadStruct;672;114;2
0-12-0;Baseline;/thrift/thrift_bench_test.go/BenchmarkBothSerial;105019;12050;148
0-12-0;Baseline;/thrift/thrift_bench_test.go/BenchmarkInboundSerial;121862;5730;74
0-12-0;Baseline;/thrift/thrift_bench_test.go/BenchmarkInboundParallel;2493526500;1343064;9412
0-13-0;Baseline;arguments_test.go/BenchmarkArgReaderWriter;4254;5467;13
0-13-0;Baseline;connection_bench_test.go/BenchmarkCallsSerial;233680;40826;605
0-13-0;Baseline;connection_bench_test.go/BenchmarkCallsConcurrentClient;35487;37218;605
0-13-0;Baseline;frame_pool_b_test.go/BenchmarkFramePoolDisabled;3596;65679;2
0-13-0;Baseline;frame_pool_b_test.go/BenchmarkFramePoolSync;1129;23061;0
0-13-0;Baseline;frame_pool_b_test.go/BenchmarkFramePoolChannel1000;1295;14499;0
0-13-0;Baseline;frame_pool_b_test.go/BenchmarkFramePoolChannel10000;925;6145;0
0-13-0;Baseline;peer_bench_test.go/BenchmarkGetConnection0In1Out;125;0;0
0-13-0;Baseline;peer_bench_test.go/BenchmarkGetConnection1In0Out;125;0;0
0-13-0;Baseline;peer_bench_test.go/BenchmarkGetConnection5In5Out;145;0;0
0-13-0;Baseline;peer_test.go/BenchmarkAddPeers;2097832;514257;5187
0-13-0;Baseline;relay_benchmark_test.go/BenchmarkRelayNoLatencies;18317;3532;17
0-13-0;Baseline;relay_benchmark_test.go/BenchmarkRelay2Servers5Clients1k;59769;882;16
0-13-0;Baseline;relay_benchmark_test.go/BenchmarkRelay4Servers20Clients1k;44018;1090;16
0-13-0;Baseline;relay_benchmark_test.go/BenchmarkRelay2Servers5Clients4k;72876;899;16
0-13-0;Baseline;relay_messages_benchmark_test.go/BenchmarkCallReqFrame;208;0;0
0-13-0;Baseline;/benchmark/client_server_bench_test.go/BenchmarkServer;6071;11080;62
0-13-0;Baseline;/benchmark/client_server_bench_test.go/BenchmarkClient;21748;6773;61
0-13-0;Baseline;/benchmark/tcp_bench_test.go/BenchmarkTCPDirect100Bytes;6387;0;0
0-13-0;Baseline;/benchmark/tcp_bench_test.go/BenchmarkTCPDirect1k;6495;0;0
0-13-0;Baseline;/benchmark/tcp_bench_test.go/BenchmarkTCPDirect4k;5475;0;0
0-13-0;Baseline;/benchmark/tcp_bench_test.go/BenchmarkTCPRelay100Bytes;4938;0;0
0-13-0;Baseline;/benchmark/tcp_bench_test.go/BenchmarkTCPRelay1kBytes;6042;0;0
0-13-0;Baseline;/benchmark/tcp_bench_test.go/BenchmarkTCPRelay4k;5444;0;0
0-13-0;Baseline;/peers/prefer_test.go/BenchmarkHrwScoreCalc;14.5;0;0
0-13-0;Baseline;/stats/metrickey_test.go/BenchmarkMetricPrefix;832;128;2
0-13-0;Baseline;/testutils/random_bench_test.go/BenchmarkRandom256;9986;2304;2
0-13-0;Baseline;/testutils/random_bench_test.go/BenchmarkRandom1024;10145;3072;2
0-13-0;Baseline;/testutils/random_bench_test.go/BenchmarkRandom4096;39577;12288;2
0-13-0;Baseline;/testutils/random_bench_test.go/BenchmarkRandom16384;158901;49152;2
0-13-0;Baseline;/testutils/random_bench_test.go/BenchmarkRandom32768;318577;98304;2
0-13-0;Baseline;/thrift/struct_test.go/BenchmarkWriteStruct;477;0;0
0-13-0;Baseline;/thrift/struct_test.go/BenchmarkReadStruct;671;114;2
0-13-0;Baseline;/thrift/thrift_bench_test.go/BenchmarkBothSerial;105209;12051;148
0-13-0;Baseline;/thrift/thrift_bench_test.go/BenchmarkInboundSerial;122067;5703;74
0-13-0;Baseline;/thrift/thrift_bench_test.go/BenchmarkInboundParallel;2481743400;1475080;9387
0-13-0;Baseline;/thrift/headers_test.go/BenchmarkWriteHeaders;948;176;1
0-13-0;Baseline;/thrift/headers_test.go/BenchmarkReadHeaders;3199;790;22
0-14-0;Baseline;/stats/metrickey_test.go/BenchmarkMetricPrefix;833;128;2
0-14-0;Baseline;/testutils/random_bench_test.go/BenchmarkRandom256;9961;2304;2
0-14-0;Baseline;/testutils/random_bench_test.go/BenchmarkRandom1024;10115;3072;2
0-14-0;Baseline;/testutils/random_bench_test.go/BenchmarkRandom4096;39611;12288;2
0-14-0;Baseline;/testutils/random_bench_test.go/BenchmarkRandom16384;158879;49152;2
0-14-0;Baseline;/testutils/random_bench_test.go/BenchmarkRandom32768;318353;98304;2
0-14-0;Baseline;/thrift/headers_test.go/BenchmarkWriteHeaders;927;176;1
0-14-0;Baseline;/thrift/headers_test.go/BenchmarkReadHeaders;3196;790;22
0-14-0;Baseline;/thrift/struct_test.go/BenchmarkWriteStruct;475;0;0
0-14-0;Baseline;/thrift/struct_test.go/BenchmarkReadStruct;671;114;2
0-14-0;Baseline;/thrift/thrift_bench_test.go/BenchmarkBothSerial;105005;12144;148
0-14-0;Baseline;/thrift/thrift_bench_test.go/BenchmarkInboundSerial;122333;5677;74
0-14-0;Baseline;/thrift/thrift_bench_test.go/BenchmarkInboundParallel;2480591400;1344808;9445
0-14-0;Baseline;peer_bench_test.go/BenchmarkGetConnection0In1Out;125;0;0
0-14-0;Baseline;peer_bench_test.go/BenchmarkGetConnection1In0Out;131;0;0
0-14-0;Baseline;peer_bench_test.go/BenchmarkGetConnection5In5Out;144;0;0
0-14-0;Baseline;peer_test.go/BenchmarkAddPeers;2126630;514239;5187
0-14-0;Baseline;relay_benchmark_test.go/BenchmarkRelayNoLatencies;17640;3109;17
0-14-0;Baseline;relay_benchmark_test.go/BenchmarkRelay2Servers5Clients1k;59258;903;16
0-14-0;Baseline;relay_benchmark_test.go/BenchmarkRelay4Servers20Clients1k;43861;939;16
0-14-0;Baseline;relay_benchmark_test.go/BenchmarkRelay2Servers5Clients4k;72373;912;16
0-14-0;Baseline;relay_messages_benchmark_test.go/BenchmarkCallReqFrame;208;0;0
0-14-0;Baseline;arguments_test.go/BenchmarkArgReaderWriter;4252;5467;13
0-14-0;Baseline;connection_bench_test.go/BenchmarkCallsSerial;235284;40784;605
0-14-0;Baseline;frame_pool_b_test.go/BenchmarkFramePoolDisabled;9094;162271;4
0-14-0;Baseline;frame_pool_b_test.go/BenchmarkFramePoolSync;1137;22132;0
0-14-0;Baseline;frame_pool_b_test.go/BenchmarkFramePoolChannel1000;1207;12921;0
0-14-0;Baseline;frame_pool_b_test.go/BenchmarkFramePoolChannel10000;830;5479;0
0-14-0;Baseline;/benchmark/client_server_bench_test.go/BenchmarkServer;6102;10130;62
0-14-0;Baseline;/benchmark/client_server_bench_test.go/BenchmarkClient;21662;6754;61
0-14-0;Baseline;/benchmark/tcp_bench_test.go/BenchmarkTCPDirect100Bytes;6115;0;0
0-14-0;Baseline;/benchmark/tcp_bench_test.go/BenchmarkTCPDirect1k;6328;0;0
0-14-0;Baseline;/benchmark/tcp_bench_test.go/BenchmarkTCPDirect4k;5740;0;0
0-14-0;Baseline;/benchmark/tcp_bench_test.go/BenchmarkTCPRelay100Bytes;5003;0;0
0-14-0;Baseline;/benchmark/tcp_bench_test.go/BenchmarkTCPRelay1kBytes;5993;0;0
0-14-0;Baseline;/benchmark/tcp_bench_test.go/BenchmarkTCPRelay4k;5480;0;0
0-14-0;Baseline;/peers/prefer_test.go/BenchmarkHrwScoreCalc;14.5;0;0
0-15-0;Baseline;arguments_test.go/BenchmarkArgReaderWriter;4261;5467;13
0-15-0;Baseline;connection_bench_test.go/BenchmarkCallsSerial;234737;40850;605
0-15-0;Baseline;connection_bench_test.go/BenchmarkCallsConcurrentClient;36381;40714;605
0-15-0;Baseline;frame_pool_b_test.go/BenchmarkFramePoolDisabled;5034;92668;2
0-15-0;Baseline;frame_pool_b_test.go/BenchmarkFramePoolSync;905;14032;0
0-15-0;Baseline;frame_pool_b_test.go/BenchmarkFramePoolChannel1000;1088;9959;0
0-15-0;Baseline;frame_pool_b_test.go/BenchmarkFramePoolChannel10000;745;3572;0
0-15-0;Baseline;peer_bench_test.go/BenchmarkGetConnection0In1Out;125;0;0
0-15-0;Baseline;peer_bench_test.go/BenchmarkGetConnection1In0Out;132;0;0
0-15-0;Baseline;peer_bench_test.go/BenchmarkGetConnection5In5Out;144;0;0
0-15-0;Baseline;peer_test.go/BenchmarkAddPeers;2133431;514164;5186
0-15-0;Baseline;relay_benchmark_test.go/BenchmarkRelayNoLatencies;18329;3293;17
0-15-0;Baseline;relay_benchmark_test.go/BenchmarkRelay2Servers5Clients1k;59809;879;16
0-15-0;Baseline;relay_benchmark_test.go/BenchmarkRelay4Servers20Clients1k;43126;927;16
0-15-0;Baseline;relay_benchmark_test.go/BenchmarkRelay2Servers5Clients4k;73002;892;16
0-15-0;Baseline;relay_messages_benchmark_test.go/BenchmarkCallReqFrame;208;0;0
0-15-0;Baseline;/benchmark/client_server_bench_test.go/BenchmarkServer;5953;10073;62
0-15-0;Baseline;/benchmark/client_server_bench_test.go/BenchmarkClient;21497;6732;61
0-15-0;Baseline;/benchmark/tcp_bench_test.go/BenchmarkTCPDirect100Bytes;6130;0;0
0-15-0;Baseline;/benchmark/tcp_bench_test.go/BenchmarkTCPDirect1k;6348;0;0
0-15-0;Baseline;/benchmark/tcp_bench_test.go/BenchmarkTCPDirect4k;6036;0;0
0-15-0;Baseline;/benchmark/tcp_bench_test.go/BenchmarkTCPRelay100Bytes;4936;0;0
0-15-0;Baseline;/benchmark/tcp_bench_test.go/BenchmarkTCPRelay1kBytes;6117;0;0
0-15-0;Baseline;/benchmark/tcp_bench_test.go/BenchmarkTCPRelay4k;5383;0;0
0-15-0;Baseline;/peers/prefer_test.go/BenchmarkHrwScoreCalc;14.5;0;0
0-15-0;Baseline;/stats/metrickey_test.go/BenchmarkMetricPrefix;829;128;2
0-15-0;Baseline;/testutils/random_bench_test.go/BenchmarkRandom256;10016;2304;2
0-15-0;Baseline;/testutils/random_bench_test.go/BenchmarkRandom1024;10115;3072;2
0-15-0;Baseline;/testutils/random_bench_test.go/BenchmarkRandom4096;39621;12288;2
0-15-0;Baseline;/testutils/random_bench_test.go/BenchmarkRandom16384;158870;49152;2
0-15-0;Baseline;/testutils/random_bench_test.go/BenchmarkRandom32768;318570;98304;2
0-15-0;Baseline;/thrift/headers_test.go/BenchmarkWriteHeaders;967;176;1
0-15-0;Baseline;/thrift/headers_test.go/BenchmarkReadHeaders;3200;790;22
0-15-0;Baseline;/thrift/struct_test.go/BenchmarkWriteStruct;473;0;0
0-15-0;Baseline;/thrift/struct_test.go/BenchmarkReadStruct;671;114;2
0-15-0;Baseline;/thrift/thrift_bench_test.go/BenchmarkBothSerial;104870;12044;148
0-15-0;Baseline;/thrift/thrift_bench_test.go/BenchmarkInboundSerial;121981;5710;74
0-15-0;Baseline;/thrift/thrift_bench_test.go/BenchmarkInboundParallel;2447771100;1411192;9426
0-16-0;Baseline;peer_bench_test.go/BenchmarkGetConnection0In1Out;125;0;0
0-16-0;Baseline;peer_bench_test.go/BenchmarkGetConnection1In0Out;125;0;0
0-16-0;Baseline;peer_bench_test.go/BenchmarkGetConnection5In5Out;143;0;0
0-16-0;Baseline;peer_test.go/BenchmarkAddPeers;2102438;514277;5187
0-16-0;Baseline;relay_benchmark_test.go/BenchmarkRelayNoLatencies;18647;4433;18
0-16-0;Baseline;relay_benchmark_test.go/BenchmarkRelay2Servers5Clients1k;59483;886;16
0-16-0;Baseline;relay_benchmark_test.go/BenchmarkRelay4Servers20Clients1k;43266;1091;16
0-16-0;Baseline;relay_benchmark_test.go/BenchmarkRelay2Servers5Clients4k;72653;935;16
0-16-0;Baseline;relay_messages_benchmark_test.go/BenchmarkCallReqFrame;208;0;0
0-16-0;Baseline;arguments_test.go/BenchmarkArgReaderWriter;4241;5467;13
0-16-0;Baseline;connection_bench_test.go/BenchmarkCallsSerial;234817;40878;605
0-16-0;Baseline;connection_bench_test.go/BenchmarkCallsConcurrentClient;35447;37221;605
0-16-0;Baseline;frame_pool_b_test.go/BenchmarkFramePoolDisabled;6453;115765;3
0-16-0;Baseline;frame_pool_b_test.go/BenchmarkFramePoolSync;1113;22714;0
0-16-0;Baseline;frame_pool_b_test.go/BenchmarkFramePoolChannel1000;1202;14792;0
0-16-0;Baseline;frame_pool_b_test.go/BenchmarkFramePoolChannel10000;879;5572;0
0-16-0;Baseline;/benchmark/tcp_bench_test.go/BenchmarkTCPDirect100Bytes;6428;0;0
0-16-0;Baseline;/benchmark/tcp_bench_test.go/BenchmarkTCPDirect1k;6345;0;0
0-16-0;Baseline;/benchmark/tcp_bench_test.go/BenchmarkTCPDirect4k;5961;0;0
0-16-0;Baseline;/benchmark/tcp_bench_test.go/BenchmarkTCPRelay100Bytes;4899;0;0
0-16-0;Baseline;/benchmark/tcp_bench_test.go/BenchmarkTCPRelay1kBytes;6037;0;0
0-16-0;Baseline;/benchmark/tcp_bench_test.go/BenchmarkTCPRelay4k;5572;0;0
0-16-0;Baseline;/benchmark/client_server_bench_test.go/BenchmarkServer;5830;10001;62
0-16-0;Baseline;/benchmark/client_server_bench_test.go/BenchmarkClient;21599;6745;61
0-16-0;Baseline;/peers/prefer_test.go/BenchmarkHrwScoreCalc;14.5;0;0
0-16-0;Baseline;/stats/metrickey_test.go/BenchmarkMetricPrefix;827;128;2
0-16-0;Baseline;/testutils/random_bench_test.go/BenchmarkRandom256;10023;2304;2
0-16-0;Baseline;/testutils/random_bench_test.go/BenchmarkRandom1024;10167;3072;2
0-16-0;Baseline;/testutils/random_bench_test.go/BenchmarkRandom4096;39580;12288;2
0-16-0;Baseline;/testutils/random_bench_test.go/BenchmarkRandom16384;158873;49152;2
0-16-0;Baseline;/testutils/random_bench_test.go/BenchmarkRandom32768;318543;98304;2
0-16-0;Baseline;/thrift/headers_test.go/BenchmarkWriteHeaders;960;176;1
0-16-0;Baseline;/thrift/headers_test.go/BenchmarkReadHeaders;3191;790;22
0-16-0;Baseline;/thrift/struct_test.go/BenchmarkWriteStruct;472;0;0
0-16-0;Baseline;/thrift/struct_test.go/BenchmarkReadStruct;672;114;2
0-16-0;Baseline;/thrift/thrift_bench_test.go/BenchmarkBothSerial;105231;12070;148
0-16-0;Baseline;/thrift/thrift_bench_test.go/BenchmarkInboundSerial;121929;5710;74
0-16-0;Baseline;/thrift/thrift_bench_test.go/BenchmarkInboundParallel;2442980400;1408568;9368
0-17-0;Baseline;/thrift/thrift_bench_test.go/BenchmarkBothSerial;104967;12084;148
0-17-0;Baseline;/thrift/thrift_bench_test.go/BenchmarkInboundSerial;122117;5724;74
0-17-0;Baseline;/thrift/thrift_bench_test.go/BenchmarkInboundParallel;2488411600;1413992;9463
0-17-0;Baseline;/thrift/headers_test.go/BenchmarkWriteHeaders;925;176;1
0-17-0;Baseline;/thrift/headers_test.go/BenchmarkReadHeaders;3218;790;22
0-17-0;Baseline;/thrift/struct_test.go/BenchmarkWriteStruct;473;0;0
0-17-0;Baseline;/thrift/struct_test.go/BenchmarkReadStruct;671;114;2
0-17-0;Baseline;frame_pool_b_test.go/BenchmarkFramePoolDisabled;3629;65742;2
0-17-0;Baseline;frame_pool_b_test.go/BenchmarkFramePoolSync;1343;14519;0
0-17-0;Baseline;frame_pool_b_test.go/BenchmarkFramePoolChannel1000;1072;13719;0
0-17-0;Baseline;frame_pool_b_test.go/BenchmarkFramePoolChannel10000;940;2316;0
0-17-0;Baseline;peer_bench_test.go/BenchmarkGetConnection0In1Out;125;0;0
0-17-0;Baseline;peer_bench_test.go/BenchmarkGetConnection1In0Out;125;0;0
0-17-0;Baseline;peer_bench_test.go/BenchmarkGetConnection5In5Out;143;0;0
0-17-0;Baseline;peer_test.go/BenchmarkAddPeers;2191409;514284;5187
0-17-0;Baseline;relay_benchmark_test.go/BenchmarkRelayNoLatencies;17568;3657;17
0-17-0;Baseline;relay_benchmark_test.go/BenchmarkRelay2Servers5Clients1k;60156;912;16
0-17-0;Baseline;relay_benchmark_test.go/BenchmarkRelay4Servers20Clients1k;43381;1157;16
0-17-0;Baseline;relay_benchmark_test.go/BenchmarkRelay2Servers5Clients4k;72902;886;16
0-17-0;Baseline;relay_messages_benchmark_test.go/BenchmarkCallReqFrame;208;0;0
0-17-0;Baseline;arguments_test.go/BenchmarkArgReaderWriter;4255;5467;13
0-17-0;Baseline;connection_bench_test.go/BenchmarkCallsSerial;234638;40812;605
0-17-0;Baseline;connection_bench_test.go/BenchmarkCallsConcurrentClient;35107;37224;605
0-17-0;Baseline;/benchmark/client_server_bench_test.go/BenchmarkServer;6004;10536;62
0-17-0;Baseline;/benchmark/client_server_bench_test.go/BenchmarkClient;21335;6717;61
0-17-0;Baseline;/benchmark/tcp_bench_test.go/BenchmarkTCPDirect100Bytes;6020;0;0
0-17-0;Baseline;/benchmark/tcp_bench_test.go/BenchmarkTCPDirect1k;6289;0;0
0-17-0;Baseline;/benchmark/tcp_bench_test.go/BenchmarkTCPDirect4k;5792;0;0
0-17-0;Baseline;/benchmark/tcp_bench_test.go/BenchmarkTCPRelay100Bytes;4868;0;0
0-17-0;Baseline;/benchmark/tcp_bench_test.go/BenchmarkTCPRelay1kBytes;6042;0;0
0-17-0;Baseline;/benchmark/tcp_bench_test.go/BenchmarkTCPRelay4k;5275;0;0
0-17-0;Baseline;/peers/prefer_test.go/BenchmarkHrwScoreCalc;14.5;0;0
0-17-0;Baseline;/stats/metrickey_test.go/BenchmarkMetricPrefix;829;128;2
0-17-0;Baseline;/testutils/random_bench_test.go/BenchmarkRandom256;9975;2304;2
0-17-0;Baseline;/testutils/random_bench_test.go/BenchmarkRandom1024;10130;3072;2
0-17-0;Baseline;/testutils/random_bench_test.go/BenchmarkRandom4096;39606;12288;2
0-17-0;Baseline;/testutils/random_bench_test.go/BenchmarkRandom16384;158951;49152;2
0-17-0;Baseline;/testutils/random_bench_test.go/BenchmarkRandom32768;320453;98304;2
0-18-0;Baseline;peer_test.go/BenchmarkAddPeers;2109322;514212;5187
0-18-0;Baseline;relay_benchmark_test.go/BenchmarkRelay2Servers5Clients1k;59786;895;16
0-18-0;Baseline;relay_benchmark_test.go/BenchmarkRelay4Servers20Clients1k;43225;1016;16
0-18-0;Baseline;relay_benchmark_test.go/BenchmarkRelay2Servers5Clients4k;72348;873;16
0-18-0;Baseline;relay_messages_benchmark_test.go/BenchmarkCallReqFrame;208;0;0
0-18-0;Baseline;arguments_test.go/BenchmarkArgReaderWriter;4265;5467;13
0-18-0;Baseline;connection_bench_test.go/BenchmarkCallsSerial;234899;40769;605
0-18-0;Baseline;connection_bench_test.go/BenchmarkCallsConcurrentClient;35514;37214;605
0-18-0;Baseline;frame_pool_b_test.go/BenchmarkFramePoolDisabled;7213;130610;3
0-18-0;Baseline;frame_pool_b_test.go/BenchmarkFramePoolSync;688;10449;0
0-18-0;Baseline;frame_pool_b_test.go/BenchmarkFramePoolChannel1000;1123;10129;0
0-18-0;Baseline;frame_pool_b_test.go/BenchmarkFramePoolChannel10000;892;6888;0
0-18-0;Baseline;peer_bench_test.go/BenchmarkGetConnection0In1Out;125;0;0
0-18-0;Baseline;peer_bench_test.go/BenchmarkGetConnection1In0Out;125;0;0
0-18-0;Baseline;peer_bench_test.go/BenchmarkGetConnection5In5Out;143;0;0
0-18-0;Baseline;/benchmark/client_server_bench_test.go/BenchmarkServer;5907;9087;61
0-18-0;Baseline;/benchmark/client_server_bench_test.go/BenchmarkClient;21623;6753;61
0-18-0;Baseline;/benchmark/tcp_bench_test.go/BenchmarkTCPDirect100Bytes;6153;0;0
0-18-0;Baseline;/benchmark/tcp_bench_test.go/BenchmarkTCPDirect1k;6511;0;0
0-18-0;Baseline;/benchmark/tcp_bench_test.go/BenchmarkTCPDirect4k;5907;0;0
0-18-0;Baseline;/benchmark/tcp_bench_test.go/BenchmarkTCPRelay100Bytes;4962;0;0
0-18-0;Baseline;/benchmark/tcp_bench_test.go/BenchmarkTCPRelay1kBytes;6057;0;0
0-18-0;Baseline;/benchmark/tcp_bench_test.go/BenchmarkTCPRelay4k;5452;0;0
0-18-0;Baseline;/peers/prefer_test.go/BenchmarkHrwScoreCalc;14.5;0;0
0-18-0;Baseline;/stats/metrickey_test.go/BenchmarkMetricPrefix;824;128;2
0-18-0;Baseline;/testutils/random_bench_test.go/BenchmarkRandom256;10014;2304;2
0-18-0;Baseline;/testutils/random_bench_test.go/BenchmarkRandom1024;10125;3072;2
0-18-0;Baseline;/testutils/random_bench_test.go/BenchmarkRandom4096;39625;12288;2
0-18-0;Baseline;/testutils/random_bench_test.go/BenchmarkRandom16384;158991;49152;2
0-18-0;Baseline;/testutils/random_bench_test.go/BenchmarkRandom32768;318676;98304;2
0-18-0;Baseline;/thrift/headers_test.go/BenchmarkWriteHeaders;952;176;1
0-18-0;Baseline;/thrift/headers_test.go/BenchmarkReadHeaders;3210;790;22
0-18-0;Baseline;/thrift/struct_test.go/BenchmarkWriteStruct;485;0;0
0-18-0;Baseline;/thrift/struct_test.go/BenchmarkReadStruct;672;114;2
0-18-0;Baseline;/thrift/thrift_bench_test.go/BenchmarkBothSerial;104947;12132;148
0-18-0;Baseline;/thrift/thrift_bench_test.go/BenchmarkInboundSerial;121112;5717;74
0-18-0;Baseline;/thrift/thrift_bench_test.go/BenchmarkInboundParallel;2442759700;1344536;9418
0-19-0;Baseline;connection_bench_test.go/BenchmarkCallsSerial;233902;40835;605
0-19-0;Baseline;connection_bench_test.go/BenchmarkCallsConcurrentClient;36479;40723;605
0-19-0;Baseline;frame_pool_b_test.go/BenchmarkFramePoolDisabled;3651;65683;2
0-19-0;Baseline;frame_pool_b_test.go/BenchmarkFramePoolSync;1017;21691;0
0-19-0;Baseline;frame_pool_b_test.go/BenchmarkFramePoolChannel1000;1091;13361;0
0-19-0;Baseline;frame_pool_b_test.go/BenchmarkFramePoolChannel10000;833;3248;0
0-19-0;Baseline;peer_bench_test.go/BenchmarkGetConnection0In1Out;125;0;0
0-19-0;Baseline;peer_bench_test.go/BenchmarkGetConnection1In0Out;125;0;0
0-19-0;Baseline;peer_bench_test.go/BenchmarkGetConnection5In5Out;143;0;0
0-19-0;Baseline;peer_test.go/BenchmarkAddPeers;2189434;514199;5186
0-19-0;Baseline;relay_benchmark_test.go/BenchmarkRelay2Servers5Clients1k;59606;886;16
0-19-0;Baseline;relay_benchmark_test.go/BenchmarkRelay4Servers20Clients1k;42733;938;16
0-19-0;Baseline;relay_benchmark_test.go/BenchmarkRelay2Servers5Clients4k;72459;915;16
0-19-0;Baseline;relay_messages_benchmark_test.go/BenchmarkCallReqFrame;208;0;0
0-19-0;Baseline;arguments_test.go/BenchmarkArgReaderWriter;4255;5467;13
0-19-0;Baseline;/benchmark/tcp_bench_test.go/BenchmarkTCPDirect100Bytes;6218;0;0
0-19-0;Baseline;/benchmark/tcp_bench_test.go/BenchmarkTCPDirect1k;6500;0;0
0-19-0;Baseline;/benchmark/tcp_bench_test.go/BenchmarkTCPDirect4k;5793;0;0
0-19-0;Baseline;/benchmark/tcp_bench_test.go/BenchmarkTCPRelay100Bytes;4865;0;0
0-19-0;Baseline;/benchmark/tcp_bench_test.go/BenchmarkTCPRelay1kBytes;5971;0;0
0-19-0;Baseline;/benchmark/tcp_bench_test.go/BenchmarkTCPRelay4k;5216;0;0
0-19-0;Baseline;/benchmark/client_server_bench_test.go/BenchmarkServer;6116;10070;62
0-19-0;Baseline;/benchmark/client_server_bench_test.go/BenchmarkClient;21376;6752;61
0-19-0;Baseline;/peers/prefer_test.go/BenchmarkHrwScoreCalc;14.5;0;0
0-19-0;Baseline;/stats/metrickey_test.go/BenchmarkMetricPrefix;827;128;2
0-19-0;Baseline;/testutils/random_bench_test.go/BenchmarkRandom256;10022;2304;2
0-19-0;Baseline;/testutils/random_bench_test.go/BenchmarkRandom1024;10133;3072;2
0-19-0;Baseline;/testutils/random_bench_test.go/BenchmarkRandom4096;39584;12288;2
0-19-0;Baseline;/testutils/random_bench_test.go/BenchmarkRandom16384;158949;49152;2
0-19-0;Baseline;/testutils/random_bench_test.go/BenchmarkRandom32768;318519;98305;2
0-19-0;Baseline;/thrift/headers_test.go/BenchmarkWriteHeaders;927;176;1
0-19-0;Baseline;/thrift/headers_test.go/BenchmarkReadHeaders;3203;790;22
0-19-0;Baseline;/thrift/struct_test.go/BenchmarkWriteStruct;473;0;0
0-19-0;Baseline;/thrift/struct_test.go/BenchmarkReadStruct;672;114;2
0-19-0;Baseline;/thrift/thrift_bench_test.go/BenchmarkBothSerial;105118;12097;148
0-19-0;Baseline;/thrift/thrift_bench_test.go/BenchmarkInboundSerial;122158;5756;74
0-19-0;Baseline;/thrift/thrift_bench_test.go/BenchmarkInboundParallel;2447637500;1278472;9408
0-20-0;Baseline;/benchmark/client_server_bench_test.go/BenchmarkServer;5938;10284;62
0-20-0;Baseline;/benchmark/client_server_bench_test.go/BenchmarkClient;21384;6766;61
0-20-0;Baseline;/benchmark/tcp_bench_test.go/BenchmarkTCPDirect100Bytes;6035;0;0
0-20-0;Baseline;/benchmark/tcp_bench_test.go/BenchmarkTCPDirect1k;6401;0;0
0-20-0;Baseline;/benchmark/tcp_bench_test.go/BenchmarkTCPDirect4k;5453;0;0
0-20-0;Baseline;/benchmark/tcp_bench_test.go/BenchmarkTCPRelay100Bytes;4854;0;0
0-20-0;Baseline;/benchmark/tcp_bench_test.go/BenchmarkTCPRelay1kBytes;5968;0;0
0-20-0;Baseline;/benchmark/tcp_bench_test.go/BenchmarkTCPRelay4k;5443;0;0
0-20-0;Baseline;/peers/prefer_test.go/BenchmarkHrwScoreCalc;14.5;0;0
0-20-0;Baseline;/stats/metrickey_test.go/BenchmarkMetricPrefix;835;128;2
0-20-0;Baseline;/testutils/random_bench_test.go/BenchmarkRandom256;10024;2304;2
0-20-0;Baseline;/testutils/random_bench_test.go/BenchmarkRandom1024;10119;3072;2
0-20-0;Baseline;/testutils/random_bench_test.go/BenchmarkRandom4096;39602;12288;2
0-20-0;Baseline;/testutils/random_bench_test.go/BenchmarkRandom16384;159038;49152;2
0-20-0;Baseline;/testutils/random_bench_test.go/BenchmarkRandom32768;318460;98304;2
0-20-0;Baseline;/thrift/headers_test.go/BenchmarkWriteHeaders;930;176;1
0-20-0;Baseline;/thrift/headers_test.go/BenchmarkReadHeaders;3205;790;22
0-20-0;Baseline;/thrift/struct_test.go/BenchmarkWriteStruct;473;0;0
0-20-0;Baseline;/thrift/struct_test.go/BenchmarkReadStruct;670;114;2
0-20-0;Baseline;/thrift/thrift_bench_test.go/BenchmarkBothSerial;105478;12229;148
0-20-0;Baseline;/thrift/thrift_bench_test.go/BenchmarkInboundSerial;122215;5710;74
0-20-0;Baseline;/thrift/thrift_bench_test.go/BenchmarkInboundParallel;2494418200;1410808;9437
0-20-0;Baseline;peer_test.go/BenchmarkAddPeers;2280665;514175;5186
0-20-0;Baseline;relay_benchmark_test.go/BenchmarkRelayNoLatencies;17625;3005;17
0-20-0;Baseline;relay_benchmark_test.go/BenchmarkRelay2Servers5Clients1k;59845;882;16
0-20-0;Baseline;relay_benchmark_test.go/BenchmarkRelay4Servers20Clients1k;43172;969;16
0-20-0;Baseline;relay_benchmark_test.go/BenchmarkRelay2Servers5Clients4k;73026;909;16
0-20-0;Baseline;relay_messages_benchmark_test.go/BenchmarkCallReqFrame;208;0;0
0-20-0;Baseline;arguments_test.go/BenchmarkArgReaderWriter;4258;5467;13
0-20-0;Baseline;connection_bench_test.go/BenchmarkCallsSerial;234278;40797;605
0-20-0;Baseline;connection_bench_test.go/BenchmarkCallsConcurrentClient;35350;37214;605
0-20-0;Baseline;frame_pool_b_test.go/BenchmarkFramePoolDisabled;3625;65683;2
0-20-0;Baseline;frame_pool_b_test.go/BenchmarkFramePoolSync;1172;24117;0
0-20-0;Baseline;frame_pool_b_test.go/BenchmarkFramePoolChannel1000;1208;12650;0
0-20-0;Baseline;frame_pool_b_test.go/BenchmarkFramePoolChannel10000;801;5690;0
0-20-0;Baseline;peer_bench_test.go/BenchmarkGetConnection0In1Out;125;0;0
0-20-0;Baseline;peer_bench_test.go/BenchmarkGetConnection1In0Out;125;0;0
0-20-0;Baseline;peer_bench_test.go/BenchmarkGetConnection5In5Out;143;0;0
0-21-0;Baseline;connection_bench_test.go/BenchmarkCallsSerial;234456;40793;605
0-21-0;Baseline;frame_pool_b_test.go/BenchmarkFramePoolDisabled;3705;65683;2
0-21-0;Baseline;frame_pool_b_test.go/BenchmarkFramePoolSync;1157;23020;0
0-21-0;Baseline;frame_pool_b_test.go/BenchmarkFramePoolChannel1000;1173;13602;0
0-21-0;Baseline;frame_pool_b_test.go/BenchmarkFramePoolChannel10000;1026;6245;0
0-21-0;Baseline;peer_bench_test.go/BenchmarkGetConnection0In1Out;125;0;0
0-21-0;Baseline;peer_bench_test.go/BenchmarkGetConnection1In0Out;125;0;0
0-21-0;Baseline;peer_bench_test.go/BenchmarkGetConnection5In5Out;146;0;0
0-21-0;Baseline;peer_test.go/BenchmarkAddPeers;2108339;514202;5186
0-21-0;Baseline;relay_benchmark_test.go/BenchmarkRelayNoLatencies;18709;4455;18
0-21-0;Baseline;relay_benchmark_test.go/BenchmarkRelay2Servers5Clients1k;58946;905;16
0-21-0;Baseline;relay_benchmark_test.go/BenchmarkRelay4Servers20Clients1k;42990;1014;16
0-21-0;Baseline;relay_benchmark_test.go/BenchmarkRelay2Servers5Clients4k;73343;895;16
0-21-0;Baseline;relay_messages_benchmark_test.go/BenchmarkCallReqFrame;208;0;0
0-21-0;Baseline;arguments_test.go/BenchmarkArgReaderWriter;4267;5467;13
0-21-0;Baseline;/benchmark/client_server_bench_test.go/BenchmarkServer;6070;10100;62
0-21-0;Baseline;/benchmark/client_server_bench_test.go/BenchmarkClient;21727;6750;61
0-21-0;Baseline;/benchmark/tcp_bench_test.go/BenchmarkTCPDirect100Bytes;6305;0;0
0-21-0;Baseline;/benchmark/tcp_bench_test.go/BenchmarkTCPDirect1k;6502;0;0
0-21-0;Baseline;/benchmark/tcp_bench_test.go/BenchmarkTCPDirect4k;5663;0;0
0-21-0;Baseline;/benchmark/tcp_bench_test.go/BenchmarkTCPRelay100Bytes;5181;0;0
0-21-0;Baseline;/benchmark/tcp_bench_test.go/BenchmarkTCPRelay1kBytes;5980;0;0
0-21-0;Baseline;/benchmark/tcp_bench_test.go/BenchmarkTCPRelay4k;5255;0;0
0-21-0;Baseline;/peers/prefer_test.go/BenchmarkHrwScoreCalc;14.5;0;0
0-21-0;Baseline;/stats/metrickey_test.go/BenchmarkMetricPrefix;828;128;2
0-21-0;Baseline;/testutils/random_bench_test.go/BenchmarkRandom256;9980;2304;2
0-21-0;Baseline;/testutils/random_bench_test.go/BenchmarkRandom1024;10117;3072;2
0-21-0;Baseline;/testutils/random_bench_test.go/BenchmarkRandom4096;39612;12288;2
0-21-0;Baseline;/testutils/random_bench_test.go/BenchmarkRandom16384;158855;49152;2
0-21-0;Baseline;/testutils/random_bench_test.go/BenchmarkRandom32768;318596;98304;2
0-21-0;Baseline;/thrift/headers_test.go/BenchmarkWriteHeaders;967;176;1
0-21-0;Baseline;/thrift/headers_test.go/BenchmarkReadHeaders;3192;790;22
0-21-0;Baseline;/thrift/struct_test.go/BenchmarkWriteStruct;447;0;0
0-21-0;Baseline;/thrift/struct_test.go/BenchmarkReadStruct;671;114;2
0-21-0;Baseline;/thrift/thrift_bench_test.go/BenchmarkBothSerial;104936;12071;148
0-21-0;Baseline;/thrift/thrift_bench_test.go/BenchmarkInboundSerial;121970;5711;74
0-21-0;Baseline;/thrift/thrift_bench_test.go/BenchmarkInboundParallel;2454989000;1410680;9434
0-22-0;Baseline;/peers/prefer_test.go/BenchmarkHrwScoreCalc;14.5;0;0
0-22-0;Baseline;/stats/metrickey_test.go/BenchmarkMetricPrefix;828;128;2
0-22-0;Baseline;/testutils/random_bench_test.go/BenchmarkRandom256;9999;2304;2
0-22-0;Baseline;/testutils/random_bench_test.go/BenchmarkRandom1024;10145;3072;2
0-22-0;Baseline;/testutils/random_bench_test.go/BenchmarkRandom4096;39650;12288;2
0-22-0;Baseline;/testutils/random_bench_test.go/BenchmarkRandom16384;158843;49152;2
0-22-0;Baseline;/testutils/random_bench_test.go/BenchmarkRandom32768;318611;98304;2
0-22-0;Baseline;/thrift/headers_test.go/BenchmarkWriteHeaders;950;176;1
0-22-0;Baseline;/thrift/headers_test.go/BenchmarkReadHeaders;3201;790;22
0-22-0;Baseline;/thrift/struct_test.go/BenchmarkWriteStruct;473;0;0
0-22-0;Baseline;/thrift/struct_test.go/BenchmarkReadStruct;672;114;2
0-22-0;Baseline;/thrift/thrift_bench_test.go/BenchmarkBothSerial;104867;12049;148
0-22-0;Baseline;/thrift/thrift_bench_test.go/BenchmarkInboundSerial;121968;5783;74
0-22-0;Baseline;/thrift/thrift_bench_test.go/BenchmarkInboundParallel;2454661000;1343560;9420
0-22-0;Baseline;relay_messages_benchmark_test.go/BenchmarkCallReqFrame;207;0;0
0-22-0;Baseline;arguments_test.go/BenchmarkArgReaderWriter;4286;5467;13
0-22-0;Baseline;connection_bench_test.go/BenchmarkCallsSerial;234170;40875;605
0-22-0;Baseline;connection_bench_test.go/BenchmarkCallsConcurrentClient;35573;37219;605
0-22-0;Baseline;frame_pool_b_test.go/BenchmarkFramePoolDisabled;5466;93872;2
0-22-0;Baseline;frame_pool_b_test.go/BenchmarkFramePoolSync;973;14362;0
0-22-0;Baseline;frame_pool_b_test.go/BenchmarkFramePoolChannel1000;1509;16708;0
0-22-0;Baseline;frame_pool_b_test.go/BenchmarkFramePoolChannel10000;821;6418;0
0-22-0;Baseline;peer_bench_test.go/BenchmarkGetConnection0In1Out;125;0;0
0-22-0;Baseline;peer_bench_test.go/BenchmarkGetConnection1In0Out;125;0;0
0-22-0;Baseline;peer_bench_test.go/BenchmarkGetConnection5In5Out;143;0;0
0-22-0;Baseline;peer_test.go/BenchmarkAddPeers;2116107;514155;5186
0-22-0;Baseline;relay_benchmark_test.go/BenchmarkRelayNoLatencies;18084;3131;17
0-22-0;Baseline;relay_benchmark_test.go/BenchmarkRelay2Servers5Clients1k;59870;892;16
0-22-0;Baseline;relay_benchmark_test.go/BenchmarkRelay4Servers20Clients1k;43684;1043;16
0-22-0;Baseline;relay_benchmark_test.go/BenchmarkRelay2Servers5Clients4k;72809;912;16
0-22-0;Baseline;/benchmark/client_server_bench_test.go/BenchmarkServer;6113;10604;62
0-22-0;Baseline;/benchmark/client_server_bench_test.go/BenchmarkClient;21359;6733;61
0-22-0;Baseline;/benchmark/tcp_bench_test.go/BenchmarkTCPDirect100Bytes;6321;0;0
0-22-0;Baseline;/benchmark/tcp_bench_test.go/BenchmarkTCPDirect1k;6301;0;0
0-22-0;Baseline;/benchmark/tcp_bench_test.go/BenchmarkTCPDirect4k;5859;0;0
0-22-0;Baseline;/benchmark/tcp_bench_test.go/BenchmarkTCPRelay100Bytes;4922;0;0
0-22-0;Baseline;/benchmark/tcp_bench_test.go/BenchmarkTCPRelay1kBytes;6004;0;0
0-22-0;Baseline;/benchmark/tcp_bench_test.go/BenchmarkTCPRelay4k;5381;0;0
0-23-0;Baseline;connection_bench_test.go/BenchmarkCallsSerial;234036;40840;605
0-23-0;Baseline;frame_pool_b_test.go/BenchmarkFramePoolDisabled;3600;65921;2
0-23-0;Baseline;frame_pool_b_test.go/BenchmarkFramePoolSync;1142;23002;0
0-23-0;Baseline;frame_pool_b_test.go/BenchmarkFramePoolChannel1000;1081;11049;0
0-23-0;Baseline;frame_pool_b_test.go/BenchmarkFramePoolChannel10000;921;3814;0
0-23-0;Baseline;peer_bench_test.go/BenchmarkGetConnection0In1Out;125;0;0
0-23-0;Baseline;peer_bench_test.go/BenchmarkGetConnection1In0Out;131;0;0
0-23-0;Baseline;peer_bench_test.go/BenchmarkGetConnection5In5Out;144;0;0
0-23-0;Baseline;peer_test.go/BenchmarkAddPeers;2161015;514294;5187
0-23-0;Baseline;relay_benchmark_test.go/BenchmarkRelay2Servers5Clients1k;59413;945;16
0-23-0;Baseline;relay_benchmark_test.go/BenchmarkRelay4Servers20Clients1k;44311;1234;16
0-23-0;Baseline;relay_benchmark_test.go/BenchmarkRelay2Servers5Clients4k;72525;883;16
0-23-0;Baseline;relay_messages_benchmark_test.go/BenchmarkCallReqFrame;208;0;0
0-23-0;Baseline;arguments_test.go/BenchmarkArgReaderWriter;4256;5467;13
0-23-0;Baseline;/benchmark/client_server_bench_test.go/BenchmarkServer;6450;11192;62
0-23-0;Baseline;/benchmark/client_server_bench_test.go/BenchmarkClient;21541;6739;61
0-23-0;Baseline;/benchmark/tcp_bench_test.go/BenchmarkTCPDirect100Bytes;6122;0;0
0-23-0;Baseline;/benchmark/tcp_bench_test.go/BenchmarkTCPDirect1k;6338;0;0
0-23-0;Baseline;/benchmark/tcp_bench_test.go/BenchmarkTCPDirect4k;5744;0;0
0-23-0;Baseline;/benchmark/tcp_bench_test.go/BenchmarkTCPRelay100Bytes;4896;0;0
0-23-0;Baseline;/benchmark/tcp_bench_test.go/BenchmarkTCPRelay1kBytes;6118;0;0
0-23-0;Baseline;/benchmark/tcp_bench_test.go/BenchmarkTCPRelay4k;5537;0;0
0-23-0;Baseline;/peers/prefer_test.go/BenchmarkHrwScoreCalc;14.5;0;0
0-23-0;Baseline;/stats/metrickey_test.go/BenchmarkMetricPrefix;825;128;2
0-23-0;Baseline;/testutils/random_bench_test.go/BenchmarkRandom256;10015;2304;2
0-23-0;Baseline;/testutils/random_bench_test.go/BenchmarkRandom1024;10158;3072;2
0-23-0;Baseline;/testutils/random_bench_test.go/BenchmarkRandom4096;39617;12288;2
0-23-0;Baseline;/testutils/random_bench_test.go/BenchmarkRandom16384;158909;49152;2
0-23-0;Baseline;/testutils/random_bench_test.go/BenchmarkRandom32768;318605;98304;2
0-23-0;Baseline;/thrift/headers_test.go/BenchmarkWriteHeaders;962;176;1
0-23-0;Baseline;/thrift/headers_test.go/BenchmarkReadHeaders;3216;790;22
0-23-0;Baseline;/thrift/struct_test.go/BenchmarkWriteStruct;477;0;0
0-23-0;Baseline;/thrift/struct_test.go/BenchmarkReadStruct;672;114;2
0-23-0;Baseline;/thrift/thrift_bench_test.go/BenchmarkBothSerial;104815;12046;148
0-23-0;Baseline;/thrift/thrift_bench_test.go/BenchmarkInboundSerial;121750;5717;74
0-23-0;Baseline;/thrift/thrift_bench_test.go/BenchmarkInboundParallel;2455572000;1408376;9427
0-24-0;Baseline;/benchmark/client_server_bench_test.go/BenchmarkServer;5883;10063;62
0-24-0;Baseline;/benchmark/client_server_bench_test.go/BenchmarkClient;21439;6689;61
0-24-0;Baseline;/benchmark/tcp_bench_test.go/BenchmarkTCPDirect100Bytes;5986;0;0
0-24-0;Baseline;/benchmark/tcp_bench_test.go/BenchmarkTCPDirect1k;6393;0;0
0-24-0;Baseline;/benchmark/tcp_bench_test.go/BenchmarkTCPDirect4k;5992;0;0
0-24-0;Baseline;/benchmark/tcp_bench_test.go/BenchmarkTCPRelay100Bytes;4940;0;0
0-24-0;Baseline;/benchmark/tcp_bench_test.go/BenchmarkTCPRelay1kBytes;5985;0;0
0-24-0;Baseline;/benchmark/tcp_bench_test.go/BenchmarkTCPRelay4k;5690;0;0
0-24-0;Baseline;/peers/prefer_test.go/BenchmarkHrwScoreCalc;14.5;0;0
0-24-0;Baseline;/stats/metrickey_test.go/BenchmarkMetricPrefix;831;128;2
0-24-0;Baseline;/testutils/random_bench_test.go/BenchmarkRandom256;10005;2304;2
0-24-0;Baseline;/testutils/random_bench_test.go/BenchmarkRandom1024;10116;3072;2
0-24-0;Baseline;/testutils/random_bench_test.go/BenchmarkRandom4096;39629;12288;2
0-24-0;Baseline;/testutils/random_bench_test.go/BenchmarkRandom16384;158901;49152;2
0-24-0;Baseline;/testutils/random_bench_test.go/BenchmarkRandom32768;318566;98304;2
0-24-0;Baseline;/thrift/headers_test.go/BenchmarkWriteHeaders;968;176;1
0-24-0;Baseline;/thrift/headers_test.go/BenchmarkReadHeaders;3191;790;22
0-24-0;Baseline;/thrift/struct_test.go/BenchmarkWriteStruct;480;0;0
0-24-0;Baseline;/thrift/struct_test.go/BenchmarkReadStruct;670;114;2
0-24-0;Baseline;/thrift/thrift_bench_test.go/BenchmarkBothSerial;105232;12051;148
0-24-0;Baseline;/thrift/thrift_bench_test.go/BenchmarkInboundSerial;122219;5763;74
0-24-0;Baseline;/thrift/thrift_bench_test.go/BenchmarkInboundParallel;2444605700;1411976;9426
0-24-0;Baseline;frame_pool_b_test.go/BenchmarkFramePoolDisabled;3555;65680;2
0-24-0;Baseline;frame_pool_b_test.go/BenchmarkFramePoolSync;1206;14440;0
0-24-0;Baseline;frame_pool_b_test.go/BenchmarkFramePoolChannel1000;1126;10661;0
0-24-0;Baseline;frame_pool_b_test.go/BenchmarkFramePoolChannel10000;958;7330;0
0-24-0;Baseline;peer_bench_test.go/BenchmarkGetConnection0In1Out;125;0;0
0-24-0;Baseline;peer_bench_test.go/BenchmarkGetConnection1In0Out;125;0;0
0-24-0;Baseline;peer_bench_test.go/BenchmarkGetConnection5In5Out;144;0;0
0-24-0;Baseline;peer_test.go/BenchmarkAddPeers;2102119;514197;5186
0-24-0;Baseline;relay_benchmark_test.go/BenchmarkRelayNoLatencies;18150;4057;18
0-24-0;Baseline;relay_benchmark_test.go/BenchmarkRelay2Servers5Clients1k;59581;884;16
0-24-0;Baseline;relay_benchmark_test.go/BenchmarkRelay4Servers20Clients1k;43271;1088;16
0-24-0;Baseline;relay_benchmark_test.go/BenchmarkRelay2Servers5Clients4k;73218;889;16
0-24-0;Baseline;relay_messages_benchmark_test.go/BenchmarkCallReqFrame;208;0;0
0-24-0;Baseline;arguments_test.go/BenchmarkArgReaderWriter;4261;5467;13
0-24-0;Baseline;connection_bench_test.go/BenchmarkCallsSerial;235272;40850;605
0-24-0;Baseline;connection_bench_test.go/BenchmarkCallsConcurrentClient;36524;40728;605
0-25-0;Baseline;/benchmark/client_server_bench_test.go/BenchmarkServer;6021;11379;62
0-25-0;Baseline;/benchmark/client_server_bench_test.go/BenchmarkClient;21602;6753;61
0-25-0;Baseline;/benchmark/tcp_bench_test.go/BenchmarkTCPDirect100Bytes;6184;0;0
0-25-0;Baseline;/benchmark/tcp_bench_test.go/BenchmarkTCPDirect1k;6227;0;0
0-25-0;Baseline;/benchmark/tcp_bench_test.go/BenchmarkTCPDirect4k;5601;0;0
0-25-0;Baseline;/benchmark/tcp_bench_test.go/BenchmarkTCPRelay100Bytes;4872;0;0
0-25-0;Baseline;/benchmark/tcp_bench_test.go/BenchmarkTCPRelay1kBytes;6069;0;0
0-25-0;Baseline;/benchmark/tcp_bench_test.go/BenchmarkTCPRelay4k;5080;0;0
0-25-0;Baseline;/peers/prefer_test.go/BenchmarkHrwScoreCalc;14.5;0;0
0-25-0;Baseline;/stats/metrickey_test.go/BenchmarkMetricPrefix;825;128;2
0-25-0;Baseline;/testutils/random_bench_test.go/BenchmarkRandom256;9971;2304;2
0-25-0;Baseline;/testutils/random_bench_test.go/BenchmarkRandom1024;10115;3072;2
0-25-0;Baseline;/testutils/random_bench_test.go/BenchmarkRandom4096;39641;12288;2
0-25-0;Baseline;/testutils/random_bench_test.go/BenchmarkRandom16384;158889;49152;2
0-25-0;Baseline;/testutils/random_bench_test.go/BenchmarkRandom32768;318549;98304;2
0-25-0;Baseline;/thrift/headers_test.go/BenchmarkWriteHeaders;930;176;1
0-25-0;Baseline;/thrift/headers_test.go/BenchmarkReadHeaders;3210;790;22
0-25-0;Baseline;/thrift/struct_test.go/BenchmarkWriteStruct;475;0;0
0-25-0;Baseline;/thrift/struct_test.go/BenchmarkReadStruct;674;114;2
0-25-0;Baseline;/thrift/thrift_bench_test.go/BenchmarkBothSerial;105444;12064;148
0-25-0;Baseline;/thrift/thrift_bench_test.go/BenchmarkInboundSerial;121795;5690;74
0-25-0;Baseline;/thrift/thrift_bench_test.go/BenchmarkInboundParallel;2482837000;1342936;9402
0-25-0;Baseline;connection_bench_test.go/BenchmarkCallsSerial;234019;40824;605
0-25-0;Baseline;connection_bench_test.go/BenchmarkCallsConcurrentClient;36468;40724;605
0-25-0;Baseline;frame_pool_b_test.go/BenchmarkFramePoolDisabled;3725;65667;2
0-25-0;Baseline;frame_pool_b_test.go/BenchmarkFramePoolSync;1245;14625;0
0-25-0;Baseline;frame_pool_b_test.go/BenchmarkFramePoolChannel1000;1307;12705;0
0-25-0;Baseline;frame_pool_b_test.go/BenchmarkFramePoolChannel10000;855;7179;0
0-25-0;Baseline;peer_bench_test.go/BenchmarkGetConnection0In1Out;125;0;0
0-25-0;Baseline;peer_bench_test.go/BenchmarkGetConnection1In0Out;131;0;0
0-25-0;Baseline;peer_bench_test.go/BenchmarkGetConnection5In5Out;143;0;0
0-25-0;Baseline;peer_test.go/BenchmarkAddPeers;2300679;514180;5186
0-25-0;Baseline;relay_benchmark_test.go/BenchmarkRelayNoLatencies;17634;3894;18
0-25-0;Baseline;relay_benchmark_test.go/BenchmarkRelay2Servers5Clients1k;59389;860;16
0-25-0;Baseline;relay_benchmark_test.go/BenchmarkRelay4Servers20Clients1k;43289;966;16
0-25-0;Baseline;relay_benchmark_test.go/BenchmarkRelay2Servers5Clients4k;72388;935;16
0-25-0;Baseline;relay_messages_benchmark_test.go/BenchmarkCallReqFrame;208;0;0
0-25-0;Baseline;arguments_test.go/BenchmarkArgReaderWriter;4260;5467;13
0-26-0;Baseline;relay_messages_benchmark_test.go/BenchmarkCallReqFrame;205;0;0
0-26-0;Baseline;arguments_test.go/BenchmarkArgReaderWriter;4245;5467;13
0-26-0;Baseline;connection_bench_test.go/BenchmarkCallsSerial;234245;40795;605
0-26-0;Baseline;connection_bench_test.go/BenchmarkCallsConcurrentClient;35547;37209;605
0-26-0;Baseline;frame_pool_b_test.go/BenchmarkFramePoolDisabled;4043;72303;2
0-26-0;Baseline;frame_pool_b_test.go/BenchmarkFramePoolSync;1158;22510;0
0-26-0;Baseline;frame_pool_b_test.go/BenchmarkFramePoolChannel1000;1223;14322;0
0-26-0;Baseline;frame_pool_b_test.go/BenchmarkFramePoolChannel10000;823;6653;0
0-26-0;Baseline;peer_bench_test.go/BenchmarkGetConnection0In1Out;125;0;0
0-26-0;Baseline;peer_bench_test.go/BenchmarkGetConnection1In0Out;125;0;0
0-26-0;Baseline;peer_bench_test.go/BenchmarkGetConnection5In5Out;143;0;0
0-26-0;Baseline;peer_test.go/BenchmarkAddPeers;2105049;514210;5187
0-26-0;Baseline;relay_benchmark_test.go/BenchmarkRelayNoLatencies;18065;3491;18
0-26-0;Baseline;relay_benchmark_test.go/BenchmarkRelay2Servers5Clients1k;59546;855;16
0-26-0;Baseline;relay_benchmark_test.go/BenchmarkRelay4Servers20Clients1k;44044;1130;16
0-26-0;Baseline;relay_benchmark_test.go/BenchmarkRelay2Servers5Clients4k;72842;889;16
0-26-0;Baseline;/benchmark/client_server_bench_test.go/BenchmarkServer;6452;10945;62
0-26-0;Baseline;/benchmark/client_server_bench_test.go/BenchmarkClient;21853;6811;61
0-26-0;Baseline;/benchmark/tcp_bench_test.go/BenchmarkTCPDirect100Bytes;5745;0;0
0-26-0;Baseline;/benchmark/tcp_bench_test.go/BenchmarkTCPDirect1k;6608;0;0
0-26-0;Baseline;/benchmark/tcp_bench_test.go/BenchmarkTCPDirect4k;6026;0;0
0-26-0;Baseline;/benchmark/tcp_bench_test.go/BenchmarkTCPRelay100Bytes;4786;0;0
0-26-0;Baseline;/benchmark/tcp_bench_test.go/BenchmarkTCPRelay1kBytes;6083;0;0
0-26-0;Baseline;/benchmark/tcp_bench_test.go/BenchmarkTCPRelay4k;5466;0;0
0-26-0;Baseline;/peers/prefer_test.go/BenchmarkHrwScoreCalc;14.5;0;0
0-26-0;Baseline;/stats/metrickey_test.go/BenchmarkMetricPrefix;829;128;2
0-26-0;Baseline;/testutils/random_bench_test.go/BenchmarkRandom256;9982;2304;2
0-26-0;Baseline;/testutils/random_bench_test.go/BenchmarkRandom1024;10125;3072;2
0-26-0;Baseline;/testutils/random_bench_test.go/BenchmarkRandom4096;39616;12288;2
0-26-0;Baseline;/testutils/random_bench_test.go/BenchmarkRandom16384;158947;49152;2
0-26-0;Baseline;/testutils/random_bench_test.go/BenchmarkRandom32768;318612;98304;2
0-26-0;Baseline;/thrift/headers_test.go/BenchmarkWriteHeaders;962;176;1
0-26-0;Baseline;/thrift/headers_test.go/BenchmarkReadHeaders;3213;790;22
0-26-0;Baseline;/thrift/struct_test.go/BenchmarkWriteStruct;473;0;0
0-26-0;Baseline;/thrift/struct_test.go/BenchmarkReadStruct;683;114;2
0-26-0;Baseline;/thrift/thrift_bench_test.go/BenchmarkBothSerial;104946;12089;148
0-26-0;Baseline;/thrift/thrift_bench_test.go/BenchmarkInboundSerial;122142;5716;74
0-26-0;Baseline;/thrift/thrift_bench_test.go/BenchmarkInboundParallel;2480844500;1412728;9439
0-27-0;Baseline;peer_test.go/BenchmarkAddPeers;2106617;514194;5186
0-27-0;Baseline;relay_benchmark_test.go/BenchmarkRelayNoLatencies;18282;4004;18
0-27-0;Baseline;relay_benchmark_test.go/BenchmarkRelay2Servers5Clients1k;59888;912;16
0-27-0;Baseline;relay_benchmark_test.go/BenchmarkRelay4Servers20Clients1k;43718;1144;16
0-27-0;Baseline;relay_benchmark_test.go/BenchmarkRelay2Servers5Clients4k;72932;915;16
0-27-0;Baseline;relay_messages_benchmark_test.go/BenchmarkCallReqFrame;208;0;0
0-27-0;Baseline;arguments_test.go/BenchmarkArgReaderWriter;4253;5467;13
0-27-0;Baseline;connection_bench_test.go/BenchmarkCallsSerial;234716;40755;605
0-27-0;Baseline;connection_bench_test.go/BenchmarkCallsConcurrentClient;35303;37219;605
0-27-0;Baseline;frame_pool_b_test.go/BenchmarkFramePoolDisabled;6448;121223;3
0-27-0;Baseline;frame_pool_b_test.go/BenchmarkFramePoolSync;1017;21098;0
0-27-0;Baseline;frame_pool_b_test.go/BenchmarkFramePoolChannel1000;1093;13574;0
0-27-0;Baseline;frame_pool_b_test.go/BenchmarkFramePoolChannel10000;916;3720;0
0-27-0;Baseline;peer_bench_test.go/BenchmarkGetConnection0In1Out;125;0;0
0-27-0;Baseline;peer_bench_test.go/BenchmarkGetConnection1In0Out;133;0;0
0-27-0;Baseline;peer_bench_test.go/BenchmarkGetConnection5In5Out;144;0;0
0-27-0;Baseline;/benchmark/client_server_bench_test.go/BenchmarkServer;6184;11709;62
0-27-0;Baseline;/benchmark/client_server_bench_test.go/BenchmarkClient;21871;6757;61
0-27-0;Baseline;/benchmark/tcp_bench_test.go/BenchmarkTCPDirect100Bytes;6147;0;0
0-27-0;Baseline;/benchmark/tcp_bench_test.go/BenchmarkTCPDirect1k;6449;0;0
0-27-0;Baseline;/benchmark/tcp_bench_test.go/BenchmarkTCPDirect4k;6140;0;0
0-27-0;Baseline;/benchmark/tcp_bench_test.go/BenchmarkTCPRelay100Bytes;4808;0;0
0-27-0;Baseline;/benchmark/tcp_bench_test.go/BenchmarkTCPRelay1kBytes;5977;0;0
0-27-0;Baseline;/benchmark/tcp_bench_test.go/BenchmarkTCPRelay4k;5702;0;0
0-27-0;Baseline;/peers/prefer_test.go/BenchmarkHrwScoreCalc;14.5;0;0
0-27-0;Baseline;/stats/metrickey_test.go/BenchmarkMetricPrefix;836;128;2
0-27-0;Baseline;/testutils/random_bench_test.go/BenchmarkRandom256;9986;2304;2
0-27-0;Baseline;/testutils/random_bench_test.go/BenchmarkRandom1024;10126;3072;2
0-27-0;Baseline;/testutils/random_bench_test.go/BenchmarkRandom4096;39622;12288;2
0-27-0;Baseline;/testutils/random_bench_test.go/BenchmarkRandom16384;158924;49152;2
0-27-0;Baseline;/testutils/random_bench_test.go/BenchmarkRandom32768;318421;98304;2
0-27-0;Baseline;/thrift/headers_test.go/BenchmarkWriteHeaders;960;176;1
0-27-0;Baseline;/thrift/headers_test.go/BenchmarkReadHeaders;3196;790;22
0-27-0;Baseline;/thrift/struct_test.go/BenchmarkWriteStruct;473;0;0
0-27-0;Baseline;/thrift/struct_test.go/BenchmarkReadStruct;671;114;2
0-27-0;Baseline;/thrift/thrift_bench_test.go/BenchmarkBothSerial;105155;12116;148
0-27-0;Baseline;/thrift/thrift_bench_test.go/BenchmarkInboundSerial;121931;5724;74
0-27-0;Baseline;/thrift/thrift_bench_test.go/BenchmarkInboundParallel;2446601500;1342824;9409
0-28-0;Baseline;/thrift/thrift_bench_test.go/BenchmarkBothSerial;105499;12044;148
0-28-0;Baseline;/thrift/thrift_bench_test.go/BenchmarkInboundSerial;121810;5704;74
0-28-0;Baseline;/thrift/thrift_bench_test.go/BenchmarkInboundParallel;2465288000;1276072;9395
0-28-0;Baseline;/thrift/headers_test.go/BenchmarkWriteHeaders;950;176;1
0-28-0;Baseline;/thrift/headers_test.go/BenchmarkReadHeaders;3205;790;22
0-28-0;Baseline;/thrift/struct_test.go/BenchmarkWriteStruct;467;0;0
0-28-0;Baseline;/thrift/struct_test.go/BenchmarkReadStruct;671;114;2
0-28-0;Baseline;relay_benchmark_test.go/BenchmarkRelayNoLatencies;18053;2675;17
0-28-0;Baseline;relay_benchmark_test.go/BenchmarkRelay2Servers5Clients1k;58621;885;16
0-28-0;Baseline;relay_benchmark_test.go/BenchmarkRelay4Servers20Clients1k;43454;1236;16
0-28-0;Baseline;relay_benchmark_test.go/BenchmarkRelay2Servers5Clients4k;72354;935;16
0-28-0;Baseline;relay_messages_benchmark_test.go/BenchmarkCallReqFrame;208;0;0
0-28-0;Baseline;arguments_test.go/BenchmarkArgReaderWriter;4256;5467;13
0-28-0;Baseline;connection_bench_test.go/BenchmarkCallsSerial;235049;40847;605
0-28-0;Baseline;connection_bench_test.go/BenchmarkCallsConcurrentClient;36554;40725;605
0-28-0;Baseline;frame_pool_b_test.go/BenchmarkFramePoolDisabled;6948;128998;3
0-28-0;Baseline;frame_pool_b_test.go/BenchmarkFramePoolSync;925;14977;0
0-28-0;Baseline;frame_pool_b_test.go/BenchmarkFramePoolChannel1000;1323;13338;0
0-28-0;Baseline;frame_pool_b_test.go/BenchmarkFramePoolChannel10000;924;5767;0
0-28-0;Baseline;peer_bench_test.go/BenchmarkGetConnection0In1Out;125;0;0
0-28-0;Baseline;peer_bench_test.go/BenchmarkGetConnection1In0Out;125;0;0
0-28-0;Baseline;peer_bench_test.go/BenchmarkGetConnection5In5Out;143;0;0
0-28-0;Baseline;peer_test.go/BenchmarkAddPeers;2115646;514161;5186
0-28-0;Baseline;/benchmark/client_server_bench_test.go/BenchmarkServer;6117;11330;62
0-28-0;Baseline;/benchmark/client_server_bench_test.go/BenchmarkClient;21325;6736;61
0-28-0;Baseline;/benchmark/tcp_bench_test.go/BenchmarkTCPDirect100Bytes;5751;0;0
0-28-0;Baseline;/benchmark/tcp_bench_test.go/BenchmarkTCPDirect1k;6293;0;0
0-28-0;Baseline;/benchmark/tcp_bench_test.go/BenchmarkTCPDirect4k;5858;0;0
0-28-0;Baseline;/benchmark/tcp_bench_test.go/BenchmarkTCPRelay100Bytes;4949;0;0
0-28-0;Baseline;/benchmark/tcp_bench_test.go/BenchmarkTCPRelay1kBytes;6034;0;0
0-28-0;Baseline;/benchmark/tcp_bench_test.go/BenchmarkTCPRelay4k;5378;0;0
0-28-0;Baseline;/peers/prefer_test.go/BenchmarkHrwScoreCalc;14.5;0;0
0-28-0;Baseline;/stats/metrickey_test.go/BenchmarkMetricPrefix;825;128;2
0-28-0;Baseline;/testutils/random_bench_test.go/BenchmarkRandom256;10010;2304;2
0-28-0;Baseline;/testutils/random_bench_test.go/BenchmarkRandom1024;10154;3072;2
0-28-0;Baseline;/testutils/random_bench_test.go/BenchmarkRandom4096;39573;12288;2
0-28-0;Baseline;/testutils/random_bench_test.go/BenchmarkRandom16384;158843;49152;2
0-28-0;Baseline;/testutils/random_bench_test.go/BenchmarkRandom32768;318350;98304;2
0-29-0;Baseline;/benchmark/client_server_bench_test.go/BenchmarkServer;6052;10288;62
0-29-0;Baseline;/benchmark/client_server_bench_test.go/BenchmarkClient;21656;6770;61
0-29-0;Baseline;/benchmark/tcp_bench_test.go/BenchmarkTCPDirect100Bytes;5727;0;0
0-29-0;Baseline;/benchmark/tcp_bench_test.go/BenchmarkTCPDirect1k;6426;0;0
0-29-0;Baseline;/benchmark/tcp_bench_test.go/BenchmarkTCPDirect4k;5980;0;0
0-29-0;Baseline;/benchmark/tcp_bench_test.go/BenchmarkTCPRelay100Bytes;5027;0;0
0-29-0;Baseline;/benchmark/tcp_bench_test.go/BenchmarkTCPRelay1kBytes;6110;0;0
0-29-0;Baseline;/benchmark/tcp_bench_test.go/BenchmarkTCPRelay4k;5647;0;0
0-29-0;Baseline;/peers/prefer_test.go/BenchmarkHrwScoreCalc;14.5;0;0
0-29-0;Baseline;/stats/metrickey_test.go/BenchmarkMetricPrefix;830;128;2
0-29-0;Baseline;/testutils/random_bench_test.go/BenchmarkRandom256;10036;2304;2
0-29-0;Baseline;/testutils/random_bench_test.go/BenchmarkRandom1024;10135;3072;2
0-29-0;Baseline;/testutils/random_bench_test.go/BenchmarkRandom4096;39594;12288;2
0-29-0;Baseline;/testutils/random_bench_test.go/BenchmarkRandom16384;158863;49152;2
0-29-0;Baseline;/testutils/random_bench_test.go/BenchmarkRandom32768;318501;98305;2
0-29-0;Baseline;/thrift/headers_test.go/BenchmarkWriteHeaders;937;176;1
0-29-0;Baseline;/thrift/headers_test.go/BenchmarkReadHeaders;3212;790;22
0-29-0;Baseline;/thrift/struct_test.go/BenchmarkWriteStruct;477;0;0
0-29-0;Baseline;/thrift/struct_test.go/BenchmarkReadStruct;671;114;2
0-29-0;Baseline;/thrift/thrift_bench_test.go/BenchmarkBothSerial;104805;12031;148
0-29-0;Baseline;/thrift/thrift_bench_test.go/BenchmarkInboundSerial;122006;5678;74
0-29-0;Baseline;/thrift/thrift_bench_test.go/BenchmarkInboundParallel;2505345300;1343848;9427
0-29-0;Baseline;peer_bench_test.go/BenchmarkGetConnection0In1Out;125;0;0
0-29-0;Baseline;peer_bench_test.go/BenchmarkGetConnection1In0Out;125;0;0
0-29-0;Baseline;peer_bench_test.go/BenchmarkGetConnection5In5Out;143;0;0
0-29-0;Baseline;peer_test.go/BenchmarkAddPeers;2287365;514233;5187
0-29-0;Baseline;relay_benchmark_test.go/BenchmarkRelayNoLatencies;18669;3943;18
0-29-0;Baseline;relay_benchmark_test.go/BenchmarkRelay2Servers5Clients1k;59525;864;16
0-29-0;Baseline;relay_benchmark_test.go/BenchmarkRelay4Servers20Clients1k;43317;1198;16
0-29-0;Baseline;relay_benchmark_test.go/BenchmarkRelay2Servers5Clients4k;72530;889;16
0-29-0;Baseline;relay_messages_benchmark_test.go/BenchmarkCallReqFrame;208;0;0
0-29-0;Baseline;arguments_test.go/BenchmarkArgReaderWriter;4250;5467;13
0-29-0;Baseline;connection_bench_test.go/BenchmarkCallsSerial;235188;40839;605
0-29-0;Baseline;connection_bench_test.go/BenchmarkCallsConcurrentClient;36543;40731;605
0-29-0;Baseline;frame_pool_b_test.go/BenchmarkFramePoolDisabled;6335;110938;3
0-29-0;Baseline;frame_pool_b_test.go/BenchmarkFramePoolSync;1345;14475;0
0-29-0;Baseline;frame_pool_b_test.go/BenchmarkFramePoolChannel1000;1167;10655;0
0-29-0;Baseline;frame_pool_b_test.go/BenchmarkFramePoolChannel10000;641;1998;0
0-30-0;Baseline;/stats/metrickey_test.go/BenchmarkMetricPrefix;832;128;2
0-30-0;Baseline;/testutils/random_bench_test.go/BenchmarkRandom256;10005;2304;2
0-30-0;Baseline;/testutils/random_bench_test.go/BenchmarkRandom1024;10127;3072;2
0-30-0;Baseline;/testutils/random_bench_test.go/BenchmarkRandom4096;39608;12288;2
0-30-0;Baseline;/testutils/random_bench_test.go/BenchmarkRandom16384;159015;49152;2
0-30-0;Baseline;/testutils/random_bench_test.go/BenchmarkRandom32768;318514;98304;2
0-30-0;Baseline;/thrift/headers_test.go/BenchmarkWriteHeaders;965;176;1
0-30-0;Baseline;/thrift/headers_test.go/BenchmarkReadHeaders;3204;790;22
0-30-0;Baseline;/thrift/struct_test.go/BenchmarkWriteStruct;473;0;0
0-30-0;Baseline;/thrift/struct_test.go/BenchmarkReadStruct;671;114;2
0-30-0;Baseline;/thrift/thrift_bench_test.go/BenchmarkBothSerial;105109;12071;148
0-30-0;Baseline;/thrift/thrift_bench_test.go/BenchmarkInboundSerial;121569;5683;74
0-30-0;Baseline;/thrift/thrift_bench_test.go/BenchmarkInboundParallel;2446370600;1475608;9417
0-30-0;Baseline;frame_pool_b_test.go/BenchmarkFramePoolDisabled;5960;104794;3
0-30-0;Baseline;frame_pool_b_test.go/BenchmarkFramePoolSync;1437;14692;0
0-30-0;Baseline;frame_pool_b_test.go/BenchmarkFramePoolChannel1000;1398;13238;0
0-30-0;Baseline;frame_pool_b_test.go/BenchmarkFramePoolChannel10000;1040;4931;0
0-30-0;Baseline;peer_bench_test.go/BenchmarkGetConnection0In1Out;125;0;0
0-30-0;Baseline;peer_bench_test.go/BenchmarkGetConnection1In0Out;125;0;0
0-30-0;Baseline;peer_bench_test.go/BenchmarkGetConnection5In5Out;143;0;0
0-30-0;Baseline;peer_test.go/BenchmarkAddPeers;2194594;514170;5186
0-30-0;Baseline;relay_benchmark_test.go/BenchmarkRelayNoLatencies;18440;2878;17
0-30-0;Baseline;relay_benchmark_test.go/BenchmarkRelay2Servers5Clients1k;59960;851;16
0-30-0;Baseline;relay_benchmark_test.go/BenchmarkRelay4Servers20Clients1k;43534;1185;16
0-30-0;Baseline;relay_benchmark_test.go/BenchmarkRelay2Servers5Clients4k;72711;896;16
0-30-0;Baseline;relay_messages_benchmark_test.go/BenchmarkCallReqFrame;207;0;0
0-30-0;Baseline;arguments_test.go/BenchmarkArgReaderWriter;4272;5467;13
0-30-0;Baseline;connection_bench_test.go/BenchmarkCallsSerial;234232;40837;605
0-30-0;Baseline;/benchmark/client_server_bench_test.go/BenchmarkServer;6338;13819;62
0-30-0;Baseline;/benchmark/client_server_bench_test.go/BenchmarkClient;21887;6713;61
0-30-0;Baseline;/benchmark/tcp_bench_test.go/BenchmarkTCPDirect100Bytes;6024;0;0
0-30-0;Baseline;/benchmark/tcp_bench_test.go/BenchmarkTCPDirect1k;6716;0;0
0-30-0;Baseline;/benchmark/tcp_bench_test.go/BenchmarkTCPDirect4k;5844;0;0
0-30-0;Baseline;/benchmark/tcp_bench_test.go/BenchmarkTCPRelay100Bytes;4957;0;0
0-30-0;Baseline;/benchmark/tcp_bench_test.go/BenchmarkTCPRelay1kBytes;6097;0;0
0-30-0;Baseline;/benchmark/tcp_bench_test.go/BenchmarkTCPRelay4k;5352;0;0
0-30-0;Baseline;/peers/prefer_test.go/BenchmarkHrwScoreCalc;14.5;0;0
0-31-0;Baseline;/testutils/random_bench_test.go/BenchmarkRandom256;10019;2304;2
0-31-0;Baseline;/testutils/random_bench_test.go/BenchmarkRandom1024;10111;3072;2
0-31-0;Baseline;/testutils/random_bench_test.go/BenchmarkRandom4096;39621;12288;2
0-31-0;Baseline;/testutils/random_bench_test.go/BenchmarkRandom16384;158957;49152;2
0-31-0;Baseline;/testutils/random_bench_test.go/BenchmarkRandom32768;318375;98304;2
0-31-0;Baseline;/thrift/struct_test.go/BenchmarkWriteStruct;466;0;0
0-31-0;Baseline;/thrift/struct_test.go/BenchmarkReadStruct;670;114;2
0-31-0;Baseline;/thrift/thrift_bench_test.go/BenchmarkBothSerial;105078;12051;148
0-31-0;Baseline;/thrift/thrift_bench_test.go/BenchmarkInboundSerial;122032;5730;74
0-31-0;Baseline;/thrift/thrift_bench_test.go/BenchmarkInboundParallel;2474185200;1412456;9424
0-31-0;Baseline;/thrift/headers_test.go/BenchmarkWriteHeaders;945;176;1
0-31-0;Baseline;/thrift/headers_test.go/BenchmarkReadHeaders;3194;790;22
0-31-0;Baseline;relay_benchmark_test.go/BenchmarkRelayNoLatencies;17397;4725;19
0-31-0;Baseline;relay_benchmark_test.go/BenchmarkRelay2Servers5Clients1k;59742;875;16
0-31-0;Baseline;relay_benchmark_test.go/BenchmarkRelay4Servers20Clients1k;43716;1125;16
0-31-0;Baseline;relay_benchmark_test.go/BenchmarkRelay2Servers5Clients4k;72601;902;16
0-31-0;Baseline;relay_messages_benchmark_test.go/BenchmarkCallReqFrame;205;0;0
0-31-0;Baseline;arguments_test.go/BenchmarkArgReaderWriter;4321;5467;13
0-31-0;Baseline;connection_bench_test.go/BenchmarkCallsSerial;234707;40862;605
0-31-0;Baseline;frame_pool_b_test.go/BenchmarkFramePoolDisabled;4653;82525;2
0-31-0;Baseline;frame_pool_b_test.go/BenchmarkFramePoolSync;1043;14462;0
0-31-0;Baseline;frame_pool_b_test.go/BenchmarkFramePoolChannel1000;1307;15909;0
0-31-0;Baseline;frame_pool_b_test.go/BenchmarkFramePoolChannel10000;899;5372;0
0-31-0;Baseline;peer_bench_test.go/BenchmarkGetConnection0In1Out;125;0;0
0-31-0;Baseline;peer_bench_test.go/BenchmarkGetConnection1In0Out;125;0;0
0-31-0;Baseline;peer_bench_test.go/BenchmarkGetConnection5In5Out;145;0;0
0-31-0;Baseline;peer_test.go/BenchmarkAddPeers;2116646;514183;5186
0-31-0;Baseline;/benchmark/client_server_bench_test.go/BenchmarkServer;6294;10987;62
0-31-0;Baseline;/benchmark/client_server_bench_test.go/BenchmarkClient;21488;6717;61
