0-0-0;Baseline;/dummystore/benchmark_test.go/BenchmarkDummystore;1301;128;2
0-0-0;Baseline;/dummystore/benchmark_test.go/BenchmarkDummystore;1336;128;2
0-0-0;Baseline;/dummystore/benchmark_test.go/BenchmarkDummystore;66243;7493;19
0-0-0;Baseline;/dummystore/benchmark_test.go/BenchmarkDummystore;1064752;101913;47
0-0-0;Baseline;/dummystore/benchmark_test.go/BenchmarkDummystore;15494609;1062744;237
0-0-0;Baseline;/dummystore/benchmark_test.go/BenchmarkDummystore;3178;280;6
0-0-0;Baseline;/dummystore/benchmark_test.go/BenchmarkDummystore;52356;2072;9
0-0-0;Baseline;/dummystore/benchmark_test.go/BenchmarkDummystore;866853;16408;12
0-0-0;Baseline;/dummystore/benchmark_test.go/BenchmarkDummystore;66323;7496;19
0-0-0;Baseline;/dummystore/benchmark_test.go/BenchmarkDummystore;1071912;101910;47
0-0-0;Baseline;/dummystore/benchmark_test.go/BenchmarkDummystore;15390652;1062587;236
0-0-0;Baseline;/dummystore/benchmark_test.go/BenchmarkDummystore;74328;24763;213
0-0-0;Baseline;/dummystore/benchmark_test.go/BenchmarkDummystore;939295;278554;2040
0-0-0;Baseline;/dummystore/benchmark_test.go/BenchmarkDummystore;10224264;2604345;20220
0-0-0;Baseline;/dummystore/benchmark_test.go/BenchmarkDummystore;6941;2060;23
0-0-0;Baseline;/dummystore/benchmark_test.go/BenchmarkDummystore;78163;20236;204
0-0-0;Baseline;/dummystore/benchmark_test.go/BenchmarkDummystore;1105177;200204;2006
0-0-0;Baseline;/dummystore/benchmark_test.go/BenchmarkDummystore;74246;24763;213
0-0-0;Baseline;/dummystore/benchmark_test.go/BenchmarkDummystore;927500;278528;2039
0-0-0;Baseline;/dummystore/benchmark_test.go/BenchmarkDummystore;10510148;2604657;20222
0-0-0;Baseline;/dummystore/benchmark_test.go/BenchmarkDummystore;10064;7495;19
0-0-0;Baseline;/dummystore/benchmark_test.go/BenchmarkDummystore;185970;101912;47
0-0-0;Baseline;/dummystore/benchmark_test.go/BenchmarkDummystore;2253081;1062500;235
0-0-0;Baseline;/dummystore/benchmark_test.go/BenchmarkDummystore;538;280;6
0-0-0;Baseline;/dummystore/benchmark_test.go/BenchmarkDummystore;7097;2072;9
0-0-0;Baseline;/dummystore/benchmark_test.go/BenchmarkDummystore;114409;16408;12
0-0-0;Baseline;/dummystore/benchmark_test.go/BenchmarkDummystore;9980;7496;19
0-0-0;Baseline;/dummystore/benchmark_test.go/BenchmarkDummystore;185230;101915;47
0-0-0;Baseline;/dummystore/benchmark_test.go/BenchmarkDummystore;2272727;1062542;236
0-0-0;Baseline;/dummystore/benchmark_test.go/BenchmarkDummystore;17510;24765;213
0-0-0;Baseline;/dummystore/benchmark_test.go/BenchmarkDummystore;226332;278539;2039
0-0-0;Baseline;/dummystore/benchmark_test.go/BenchmarkDummystore;2048639;2604429;20221
0-0-0;Baseline;/dummystore/benchmark_test.go/BenchmarkDummystore;1452;2060;23
0-0-0;Baseline;/dummystore/benchmark_test.go/BenchmarkDummystore;15912;20236;204
0-0-0;Baseline;/dummystore/benchmark_test.go/BenchmarkDummystore;189235;200204;2006
0-0-0;Baseline;/dummystore/benchmark_test.go/BenchmarkDummystore;17155;24764;213
0-0-0;Baseline;/dummystore/benchmark_test.go/BenchmarkDummystore;237302;278556;2040
0-0-0;Baseline;/dummystore/benchmark_test.go/BenchmarkDummystore;2064131;2604379;20221
0-0-0;Baseline;/dummystore/benchmark_test.go/BenchmarkDummystore;23963;1824;2
0-0-0;Baseline;/dummystore/benchmark_test.go/BenchmarkDummystore;334582;16416;2
0-0-0;Baseline;/dummystore/benchmark_test.go/BenchmarkDummystore;4507103;163872;2
0-0-0;Baseline;/dummystore/benchmark_test.go/BenchmarkDummystore;3741;1824;2
0-0-0;Baseline;/dummystore/benchmark_test.go/BenchmarkDummystore;50750;16416;2
0-0-0;Baseline;/dummystore/benchmark_test.go/BenchmarkDummystore;636987;163872;2
0-0-0;Baseline;/dummystore/benchmark_test.go/BenchmarkDummystore;526;128;2
0-0-0;Baseline;/dummystore/benchmark_test.go/BenchmarkDummystore;131;128;2
0-0-0;Baseline;/dummystore/benchmark_test.go/BenchmarkDummystore;624;101;1
0-0-0;Baseline;/dummystore/benchmark_test.go/BenchmarkDummystore;134;101;1
0-0-0;Baseline;/dummystore/benchmark_test.go/BenchmarkDummystore;2039;439;2
0-0-0;Baseline;/dummystore/benchmark_test.go/BenchmarkDummystore;2163;439;2
0-0-0;Baseline;/dummystore/benchmark_test.go/BenchmarkDummystore;1359;0;0
0-0-0;Baseline;/dummystore/benchmark_test.go/BenchmarkDummystore;1406;0;0
0-0-0;Baseline;/dummystore/benchmark_test.go/BenchmarkDummystore;2386;315;2
0-0-0;Baseline;/dummystore/benchmark_test.go/BenchmarkDummystore;2501;315;2
0-0-0;Baseline;/dummystore/benchmark_test.go/BenchmarkDummystore;1132;301;2
0-0-0;Baseline;/dummystore/benchmark_test.go/BenchmarkDummystore;1209;302;2
0-0-0;Baseline;/filestore/benchmark_test.go/BenchmarkFilestore;32451;4322;78
0-0-0;Baseline;/filestore/benchmark_test.go/BenchmarkFilestore;34512;4324;78
0-0-0;Baseline;/filestore/benchmark_test.go/BenchmarkFilestore;3175184;475884;8174
0-0-0;Baseline;/filestore/benchmark_test.go/BenchmarkFilestore;31917912;4616722;80567
0-0-0;Baseline;/filestore/benchmark_test.go/BenchmarkFilestore;352927650;47641568;816967
0-0-0;Baseline;/filestore/benchmark_test.go/BenchmarkFilestore;3012347;432668;8008
0-0-0;Baseline;/filestore/benchmark_test.go/BenchmarkFilestore;30647300;4344738;80696
0-0-0;Baseline;/filestore/benchmark_test.go/BenchmarkFilestore;325904860;44158860;811414
0-0-0;Baseline;/filestore/benchmark_test.go/BenchmarkFilestore;3171773;475148;8133
0-0-0;Baseline;/filestore/benchmark_test.go/BenchmarkFilestore;32256772;4667442;81199
0-0-0;Baseline;/filestore/benchmark_test.go/BenchmarkFilestore;350745100;47721237;816737
0-0-0;Baseline;/filestore/benchmark_test.go/BenchmarkFilestore;3128451;451720;8219
0-0-0;Baseline;/filestore/benchmark_test.go/BenchmarkFilestore;31437110;4480496;82084
0-0-0;Baseline;/filestore/benchmark_test.go/BenchmarkFilestore;340062000;45953925;830089
0-0-0;Baseline;/filestore/benchmark_test.go/BenchmarkFilestore;3050177;431240;8039
0-0-0;Baseline;/filestore/benchmark_test.go/BenchmarkFilestore;30559540;4275760;80284
0-0-0;Baseline;/filestore/benchmark_test.go/BenchmarkFilestore;325301500;43516864;808068
0-0-0;Baseline;/filestore/benchmark_test.go/BenchmarkFilestore;3111612;451688;8219
0-0-0;Baseline;/filestore/benchmark_test.go/BenchmarkFilestore;31209000;4480446;82084
0-0-0;Baseline;/filestore/benchmark_test.go/BenchmarkFilestore;337509000;45953504;830089
0-0-0;Baseline;/filestore/benchmark_test.go/BenchmarkFilestore;423767;461628;8083
0-0-0;Baseline;/filestore/benchmark_test.go/BenchmarkFilestore;4389492;4655768;80947
0-0-0;Baseline;/filestore/benchmark_test.go/BenchmarkFilestore;58682296;46786484;808440
0-0-0;Baseline;/filestore/benchmark_test.go/BenchmarkFilestore;410497;441249;8146
0-0-0;Baseline;/filestore/benchmark_test.go/BenchmarkFilestore;4163873;4345698;80518
0-0-0;Baseline;/filestore/benchmark_test.go/BenchmarkFilestore;53154496;43794035;807267
0-0-0;Baseline;/filestore/benchmark_test.go/BenchmarkFilestore;418482;459748;8061
0-0-0;Baseline;/filestore/benchmark_test.go/BenchmarkFilestore;4354425;4655699;80796
0-0-0;Baseline;/filestore/benchmark_test.go/BenchmarkFilestore;59008416;46725198;808126
0-0-0;Baseline;/filestore/benchmark_test.go/BenchmarkFilestore;414132;451645;8219
0-0-0;Baseline;/filestore/benchmark_test.go/BenchmarkFilestore;4254197;4475357;82033
0-0-0;Baseline;/filestore/benchmark_test.go/BenchmarkFilestore;53659330;45119308;821540
0-0-0;Baseline;/filestore/benchmark_test.go/BenchmarkFilestore;404934;431149;8039
0-0-0;Baseline;/filestore/benchmark_test.go/BenchmarkFilestore;4130812;4270678;80233
0-0-0;Baseline;/filestore/benchmark_test.go/BenchmarkFilestore;52261990;43071401;803541
0-0-0;Baseline;/filestore/benchmark_test.go/BenchmarkFilestore;415966;451644;8219
0-0-0;Baseline;/filestore/benchmark_test.go/BenchmarkFilestore;4242399;4475453;82033
0-0-0;Baseline;/filestore/benchmark_test.go/BenchmarkFilestore;53409580;45119317;821541
0-0-0;Baseline;/filestore/benchmark_test.go/BenchmarkFilestore;3159900;468980;8088
0-0-0;Baseline;/filestore/benchmark_test.go/BenchmarkFilestore;31978052;4713807;80765
0-0-0;Baseline;/filestore/benchmark_test.go/BenchmarkFilestore;343104740;48799485;817536
0-0-0;Baseline;/filestore/benchmark_test.go/BenchmarkFilestore;425442;477621;8048
0-0-0;Baseline;/filestore/benchmark_test.go/BenchmarkFilestore;4353540;4710410;80486
0-0-0;Baseline;/filestore/benchmark_test.go/BenchmarkFilestore;55024510;47890971;808246
0-0-0;Baseline;/filestore/benchmark_test.go/BenchmarkFilestore;29950;4218;76
0-0-0;Baseline;/filestore/benchmark_test.go/BenchmarkFilestore;7337;4216;76
0-0-0;Baseline;/filestore/benchmark_test.go/BenchmarkFilestore;13524;1285;16
0-0-0;Baseline;/filestore/benchmark_test.go/BenchmarkFilestore;3028;2999;18
0-0-0;Baseline;/filestore/benchmark_test.go/BenchmarkFilestore;43749;4666;54
0-0-0;Baseline;/filestore/benchmark_test.go/BenchmarkFilestore;46455;4670;54
0-0-0;Baseline;/filestore/benchmark_test.go/BenchmarkFilestore;33646;4667;54
0-0-0;Baseline;/filestore/benchmark_test.go/BenchmarkFilestore;35857;4669;54
0-0-0;Baseline;/filestore/benchmark_test.go/BenchmarkFilestore;33742;4668;54
0-0-0;Baseline;/filestore/benchmark_test.go/BenchmarkFilestore;35795;4663;54
0-0-0;Baseline;/filestore/benchmark_test.go/BenchmarkFilestore;5567;463;6
0-0-0;Baseline;/filestore/benchmark_test.go/BenchmarkFilestore;5895;478;3
0-1-0;Baseline;/dummystore/benchmark_test.go/BenchmarkDummystore;1311;128;2
0-1-0;Baseline;/dummystore/benchmark_test.go/BenchmarkDummystore;1343;128;2
0-1-0;Baseline;/dummystore/benchmark_test.go/BenchmarkDummystore;66651;7496;19
0-1-0;Baseline;/dummystore/benchmark_test.go/BenchmarkDummystore;1063734;101934;47
0-1-0;Baseline;/dummystore/benchmark_test.go/BenchmarkDummystore;15402484;1062825;238
0-1-0;Baseline;/dummystore/benchmark_test.go/BenchmarkDummystore;3140;280;6
0-1-0;Baseline;/dummystore/benchmark_test.go/BenchmarkDummystore;52864;2072;9
0-1-0;Baseline;/dummystore/benchmark_test.go/BenchmarkDummystore;869563;16408;12
0-1-0;Baseline;/dummystore/benchmark_test.go/BenchmarkDummystore;66844;7496;19
0-1-0;Baseline;/dummystore/benchmark_test.go/BenchmarkDummystore;1072134;101931;47
0-1-0;Baseline;/dummystore/benchmark_test.go/BenchmarkDummystore;15346902;1062453;235
0-1-0;Baseline;/dummystore/benchmark_test.go/BenchmarkDummystore;73965;24763;213
0-1-0;Baseline;/dummystore/benchmark_test.go/BenchmarkDummystore;931642;278532;2039
0-1-0;Baseline;/dummystore/benchmark_test.go/BenchmarkDummystore;10278331;2604362;20220
0-1-0;Baseline;/dummystore/benchmark_test.go/BenchmarkDummystore;6765;2060;23
0-1-0;Baseline;/dummystore/benchmark_test.go/BenchmarkDummystore;78791;20236;204
0-1-0;Baseline;/dummystore/benchmark_test.go/BenchmarkDummystore;1101468;200204;2006
0-1-0;Baseline;/dummystore/benchmark_test.go/BenchmarkDummystore;74571;24764;213
0-1-0;Baseline;/dummystore/benchmark_test.go/BenchmarkDummystore;931796;278553;2040
0-1-0;Baseline;/dummystore/benchmark_test.go/BenchmarkDummystore;10213485;2604680;20223
0-1-0;Baseline;/dummystore/benchmark_test.go/BenchmarkDummystore;10005;7496;19
0-1-0;Baseline;/dummystore/benchmark_test.go/BenchmarkDummystore;189538;101914;47
0-1-0;Baseline;/dummystore/benchmark_test.go/BenchmarkDummystore;2263895;1062546;236
0-1-0;Baseline;/dummystore/benchmark_test.go/BenchmarkDummystore;539;280;6
0-1-0;Baseline;/dummystore/benchmark_test.go/BenchmarkDummystore;7103;2072;9
0-1-0;Baseline;/dummystore/benchmark_test.go/BenchmarkDummystore;114392;16408;12
0-1-0;Baseline;/dummystore/benchmark_test.go/BenchmarkDummystore;9966;7496;19
0-1-0;Baseline;/dummystore/benchmark_test.go/BenchmarkDummystore;184454;101909;47
0-1-0;Baseline;/dummystore/benchmark_test.go/BenchmarkDummystore;2246912;1062574;236
0-1-0;Baseline;/dummystore/benchmark_test.go/BenchmarkDummystore;17538;24764;213
0-1-0;Baseline;/dummystore/benchmark_test.go/BenchmarkDummystore;236848;278536;2039
0-1-0;Baseline;/dummystore/benchmark_test.go/BenchmarkDummystore;2114914;2604473;20221
0-1-0;Baseline;/dummystore/benchmark_test.go/BenchmarkDummystore;1460;2060;23
0-1-0;Baseline;/dummystore/benchmark_test.go/BenchmarkDummystore;15814;20236;204
0-1-0;Baseline;/dummystore/benchmark_test.go/BenchmarkDummystore;189438;200204;2006
0-1-0;Baseline;/dummystore/benchmark_test.go/BenchmarkDummystore;17140;24764;213
0-1-0;Baseline;/dummystore/benchmark_test.go/BenchmarkDummystore;235143;278550;2040
0-1-0;Baseline;/dummystore/benchmark_test.go/BenchmarkDummystore;2076211;2604437;20221
0-1-0;Baseline;/dummystore/benchmark_test.go/BenchmarkDummystore;23748;1824;2
0-1-0;Baseline;/dummystore/benchmark_test.go/BenchmarkDummystore;333139;16416;2
0-1-0;Baseline;/dummystore/benchmark_test.go/BenchmarkDummystore;4565938;163872;2
0-1-0;Baseline;/dummystore/benchmark_test.go/BenchmarkDummystore;3839;1824;2
0-1-0;Baseline;/dummystore/benchmark_test.go/BenchmarkDummystore;50886;16416;2
0-1-0;Baseline;/dummystore/benchmark_test.go/BenchmarkDummystore;633358;163872;2
0-1-0;Baseline;/dummystore/benchmark_test.go/BenchmarkDummystore;532;128;2
0-1-0;Baseline;/dummystore/benchmark_test.go/BenchmarkDummystore;131;128;2
0-1-0;Baseline;/dummystore/benchmark_test.go/BenchmarkDummystore;628;101;1
0-1-0;Baseline;/dummystore/benchmark_test.go/BenchmarkDummystore;134;101;1
0-1-0;Baseline;/dummystore/benchmark_test.go/BenchmarkDummystore;2032;439;2
0-1-0;Baseline;/dummystore/benchmark_test.go/BenchmarkDummystore;2164;439;2
0-1-0;Baseline;/dummystore/benchmark_test.go/BenchmarkDummystore;1360;0;0
0-1-0;Baseline;/dummystore/benchmark_test.go/BenchmarkDummystore;1418;0;0
0-1-0;Baseline;/dummystore/benchmark_test.go/BenchmarkDummystore;2404;315;2
0-1-0;Baseline;/dummystore/benchmark_test.go/BenchmarkDummystore;2509;315;2
0-1-0;Baseline;/dummystore/benchmark_test.go/BenchmarkDummystore;1135;301;2
0-1-0;Baseline;/dummystore/benchmark_test.go/BenchmarkDummystore;1214;301;2
0-1-0;Baseline;/filestore/benchmark_test.go/BenchmarkFilestore;32495;4320;78
0-1-0;Baseline;/filestore/benchmark_test.go/BenchmarkFilestore;34872;4328;78
0-1-0;Baseline;/filestore/benchmark_test.go/BenchmarkFilestore;3177763;475884;8173
0-1-0;Baseline;/filestore/benchmark_test.go/BenchmarkFilestore;32041316;4654082;80987
0-1-0;Baseline;/filestore/benchmark_test.go/BenchmarkFilestore;352948960;47649285;816569
0-1-0;Baseline;/filestore/benchmark_test.go/BenchmarkFilestore;3070281;448092;8163
0-1-0;Baseline;/filestore/benchmark_test.go/BenchmarkFilestore;30636444;4346530;80778
0-1-0;Baseline;/filestore/benchmark_test.go/BenchmarkFilestore;325516380;44191084;810608
0-1-0;Baseline;/filestore/benchmark_test.go/BenchmarkFilestore;3138424;463484;8096
0-1-0;Baseline;/filestore/benchmark_test.go/BenchmarkFilestore;32056268;4646098;80892
0-1-0;Baseline;/filestore/benchmark_test.go/BenchmarkFilestore;350957000;47504837;816646
0-1-0;Baseline;/filestore/benchmark_test.go/BenchmarkFilestore;3114297;451720;8219
0-1-0;Baseline;/filestore/benchmark_test.go/BenchmarkFilestore;31304012;4480526;82084
0-1-0;Baseline;/filestore/benchmark_test.go/BenchmarkFilestore;340022700;45953621;830089
0-1-0;Baseline;/filestore/benchmark_test.go/BenchmarkFilestore;3033666;431224;8039
0-1-0;Baseline;/filestore/benchmark_test.go/BenchmarkFilestore;30487228;4275726;80284
0-1-0;Baseline;/filestore/benchmark_test.go/BenchmarkFilestore;324905340;43516819;808068
0-1-0;Baseline;/filestore/benchmark_test.go/BenchmarkFilestore;3102322;451720;8219
0-1-0;Baseline;/filestore/benchmark_test.go/BenchmarkFilestore;31162438;4480494;82084
0-1-0;Baseline;/filestore/benchmark_test.go/BenchmarkFilestore;337166460;45953792;830089
0-1-0;Baseline;/filestore/benchmark_test.go/BenchmarkFilestore;423115;458396;8072
0-1-0;Baseline;/filestore/benchmark_test.go/BenchmarkFilestore;4393085;4653171;80903
0-1-0;Baseline;/filestore/benchmark_test.go/BenchmarkFilestore;59186390;46785438;807617
0-1-0;Baseline;/filestore/benchmark_test.go/BenchmarkFilestore;406904;434753;8047
0-1-0;Baseline;/filestore/benchmark_test.go/BenchmarkFilestore;4174829;4341331;80550
0-1-0;Baseline;/filestore/benchmark_test.go/BenchmarkFilestore;53110120;43781122;806297
0-1-0;Baseline;/filestore/benchmark_test.go/BenchmarkFilestore;421388;472305;8069
0-1-0;Baseline;/filestore/benchmark_test.go/BenchmarkFilestore;4361563;4619882;80788
0-1-0;Baseline;/filestore/benchmark_test.go/BenchmarkFilestore;59224324;46870748;808548
0-1-0;Baseline;/filestore/benchmark_test.go/BenchmarkFilestore;415568;451629;8219
0-1-0;Baseline;/filestore/benchmark_test.go/BenchmarkFilestore;4237817;4475350;82033
0-1-0;Baseline;/filestore/benchmark_test.go/BenchmarkFilestore;53659680;45119396;821540
0-1-0;Baseline;/filestore/benchmark_test.go/BenchmarkFilestore;403210;431165;8039
0-1-0;Baseline;/filestore/benchmark_test.go/BenchmarkFilestore;4122164;4270650;80233
0-1-0;Baseline;/filestore/benchmark_test.go/BenchmarkFilestore;52140620;43071348;803541
0-1-0;Baseline;/filestore/benchmark_test.go/BenchmarkFilestore;414957;451644;8219
0-1-0;Baseline;/filestore/benchmark_test.go/BenchmarkFilestore;4238503;4475342;82033
0-1-0;Baseline;/filestore/benchmark_test.go/BenchmarkFilestore;53328524;45119427;821540
0-1-0;Baseline;/filestore/benchmark_test.go/BenchmarkFilestore;3163811;478337;8167
0-1-0;Baseline;/filestore/benchmark_test.go/BenchmarkFilestore;31772788;4717422;80708
0-1-0;Baseline;/filestore/benchmark_test.go/BenchmarkFilestore;343964670;48837997;817635
0-1-0;Baseline;/filestore/benchmark_test.go/BenchmarkFilestore;423681;471913;8075
0-1-0;Baseline;/filestore/benchmark_test.go/BenchmarkFilestore;4348844;4748109;80834
0-1-0;Baseline;/filestore/benchmark_test.go/BenchmarkFilestore;54919024;47905387;808404
0-1-0;Baseline;/filestore/benchmark_test.go/BenchmarkFilestore;29913;4215;76
0-1-0;Baseline;/filestore/benchmark_test.go/BenchmarkFilestore;7321;4214;76
0-1-0;Baseline;/filestore/benchmark_test.go/BenchmarkFilestore;13832;1281;16
0-1-0;Baseline;/filestore/benchmark_test.go/BenchmarkFilestore;3059;3013;18
0-1-0;Baseline;/filestore/benchmark_test.go/BenchmarkFilestore;44566;4670;54
0-1-0;Baseline;/filestore/benchmark_test.go/BenchmarkFilestore;46985;4670;54
0-1-0;Baseline;/filestore/benchmark_test.go/BenchmarkFilestore;33750;4666;54
0-1-0;Baseline;/filestore/benchmark_test.go/BenchmarkFilestore;35834;4669;54
0-1-0;Baseline;/filestore/benchmark_test.go/BenchmarkFilestore;33814;4668;54
0-1-0;Baseline;/filestore/benchmark_test.go/BenchmarkFilestore;35824;4670;54
0-1-0;Baseline;/filestore/benchmark_test.go/BenchmarkFilestore;5598;463;6
0-1-0;Baseline;/filestore/benchmark_test.go/BenchmarkFilestore;5911;478;3
0-2-0;Baseline;/dummystore/benchmark_test.go/BenchmarkDummystore;1592;128;2
0-2-0;Baseline;/dummystore/benchmark_test.go/BenchmarkDummystore;1355;128;2
0-2-0;Baseline;/dummystore/benchmark_test.go/BenchmarkDummystore;66221;7498;19
0-2-0;Baseline;/dummystore/benchmark_test.go/BenchmarkDummystore;1066360;101919;47
0-2-0;Baseline;/dummystore/benchmark_test.go/BenchmarkDummystore;15333866;1062377;235
0-2-0;Baseline;/dummystore/benchmark_test.go/BenchmarkDummystore;3180;280;6
0-2-0;Baseline;/dummystore/benchmark_test.go/BenchmarkDummystore;52391;2072;9
0-2-0;Baseline;/dummystore/benchmark_test.go/BenchmarkDummystore;870170;16408;12
0-2-0;Baseline;/dummystore/benchmark_test.go/BenchmarkDummystore;66324;7497;19
0-2-0;Baseline;/dummystore/benchmark_test.go/BenchmarkDummystore;1067839;101930;47
0-2-0;Baseline;/dummystore/benchmark_test.go/BenchmarkDummystore;15583046;1062272;234
0-2-0;Baseline;/dummystore/benchmark_test.go/BenchmarkDummystore;73754;24760;213
0-2-0;Baseline;/dummystore/benchmark_test.go/BenchmarkDummystore;941560;278554;2040
0-2-0;Baseline;/dummystore/benchmark_test.go/BenchmarkDummystore;10387102;2604413;20221
0-2-0;Baseline;/dummystore/benchmark_test.go/BenchmarkDummystore;6887;2060;23
0-2-0;Baseline;/dummystore/benchmark_test.go/BenchmarkDummystore;78317;20236;204
0-2-0;Baseline;/dummystore/benchmark_test.go/BenchmarkDummystore;1083246;200204;2006
0-2-0;Baseline;/dummystore/benchmark_test.go/BenchmarkDummystore;74129;24763;213
0-2-0;Baseline;/dummystore/benchmark_test.go/BenchmarkDummystore;936199;278549;2040
0-2-0;Baseline;/dummystore/benchmark_test.go/BenchmarkDummystore;10370162;2604846;20224
0-2-0;Baseline;/dummystore/benchmark_test.go/BenchmarkDummystore;9973;7496;19
0-2-0;Baseline;/dummystore/benchmark_test.go/BenchmarkDummystore;187475;101916;47
0-2-0;Baseline;/dummystore/benchmark_test.go/BenchmarkDummystore;2277566;1062514;236
0-2-0;Baseline;/dummystore/benchmark_test.go/BenchmarkDummystore;537;280;6
0-2-0;Baseline;/dummystore/benchmark_test.go/BenchmarkDummystore;7139;2072;9
0-2-0;Baseline;/dummystore/benchmark_test.go/BenchmarkDummystore;114475;16408;12
0-2-0;Baseline;/dummystore/benchmark_test.go/BenchmarkDummystore;10022;7497;19
0-2-0;Baseline;/dummystore/benchmark_test.go/BenchmarkDummystore;183889;101910;47
0-2-0;Baseline;/dummystore/benchmark_test.go/BenchmarkDummystore;2253607;1062616;236
0-2-0;Baseline;/dummystore/benchmark_test.go/BenchmarkDummystore;17593;24764;213
0-2-0;Baseline;/dummystore/benchmark_test.go/BenchmarkDummystore;235929;278547;2040
0-2-0;Baseline;/dummystore/benchmark_test.go/BenchmarkDummystore;2062221;2604420;20221
0-2-0;Baseline;/dummystore/benchmark_test.go/BenchmarkDummystore;1452;2060;23
0-2-0;Baseline;/dummystore/benchmark_test.go/BenchmarkDummystore;15849;20236;204
0-2-0;Baseline;/dummystore/benchmark_test.go/BenchmarkDummystore;188875;200204;2006
0-2-0;Baseline;/dummystore/benchmark_test.go/BenchmarkDummystore;17159;24763;213
0-2-0;Baseline;/dummystore/benchmark_test.go/BenchmarkDummystore;236735;278536;2039
0-2-0;Baseline;/dummystore/benchmark_test.go/BenchmarkDummystore;2075099;2604519;20221
0-2-0;Baseline;/dummystore/benchmark_test.go/BenchmarkDummystore;23688;1824;2
0-2-0;Baseline;/dummystore/benchmark_test.go/BenchmarkDummystore;337143;16416;2
0-2-0;Baseline;/dummystore/benchmark_test.go/BenchmarkDummystore;4561875;163872;2
0-2-0;Baseline;/dummystore/benchmark_test.go/BenchmarkDummystore;3689;1824;2
0-2-0;Baseline;/dummystore/benchmark_test.go/BenchmarkDummystore;50628;16416;2
0-2-0;Baseline;/dummystore/benchmark_test.go/BenchmarkDummystore;631063;163872;2
0-2-0;Baseline;/dummystore/benchmark_test.go/BenchmarkDummystore;534;128;2
0-2-0;Baseline;/dummystore/benchmark_test.go/BenchmarkDummystore;131;128;2
0-2-0;Baseline;/dummystore/benchmark_test.go/BenchmarkDummystore;626;101;1
0-2-0;Baseline;/dummystore/benchmark_test.go/BenchmarkDummystore;134;101;1
0-2-0;Baseline;/dummystore/benchmark_test.go/BenchmarkDummystore;2049;439;2
0-2-0;Baseline;/dummystore/benchmark_test.go/BenchmarkDummystore;2168;439;2
0-2-0;Baseline;/dummystore/benchmark_test.go/BenchmarkDummystore;1377;0;0
0-2-0;Baseline;/dummystore/benchmark_test.go/BenchmarkDummystore;1431;0;0
0-2-0;Baseline;/dummystore/benchmark_test.go/BenchmarkDummystore;2390;315;2
0-2-0;Baseline;/dummystore/benchmark_test.go/BenchmarkDummystore;2516;315;2
0-2-0;Baseline;/dummystore/benchmark_test.go/BenchmarkDummystore;1137;302;2
0-2-0;Baseline;/dummystore/benchmark_test.go/BenchmarkDummystore;1215;302;2
0-2-0;Baseline;/filestore/benchmark_test.go/BenchmarkFilestore;32402;4327;78
0-2-0;Baseline;/filestore/benchmark_test.go/BenchmarkFilestore;34694;4318;78
0-2-0;Baseline;/filestore/benchmark_test.go/BenchmarkFilestore;3133892;461500;8071
0-2-0;Baseline;/filestore/benchmark_test.go/BenchmarkFilestore;31938782;4630898;80747
0-2-0;Baseline;/filestore/benchmark_test.go/BenchmarkFilestore;350855800;47610042;816722
0-2-0;Baseline;/filestore/benchmark_test.go/BenchmarkFilestore;3029827;436540;8052
0-2-0;Baseline;/filestore/benchmark_test.go/BenchmarkFilestore;30591300;4343970;80590
0-2-0;Baseline;/filestore/benchmark_test.go/BenchmarkFilestore;326328860;44199273;810814
0-2-0;Baseline;/filestore/benchmark_test.go/BenchmarkFilestore;3134327;472460;8074
0-2-0;Baseline;/filestore/benchmark_test.go/BenchmarkFilestore;31874596;4628642;80797
0-2-0;Baseline;/filestore/benchmark_test.go/BenchmarkFilestore;351199700;47640218;817067
0-2-0;Baseline;/filestore/benchmark_test.go/BenchmarkFilestore;3110445;451672;8219
0-2-0;Baseline;/filestore/benchmark_test.go/BenchmarkFilestore;31161172;4480494;82084
0-2-0;Baseline;/filestore/benchmark_test.go/BenchmarkFilestore;340491840;45953605;830089
0-2-0;Baseline;/filestore/benchmark_test.go/BenchmarkFilestore;3019030;431224;8039
0-2-0;Baseline;/filestore/benchmark_test.go/BenchmarkFilestore;30408732;4275726;80284
0-2-0;Baseline;/filestore/benchmark_test.go/BenchmarkFilestore;323913060;43516800;808068
0-2-0;Baseline;/filestore/benchmark_test.go/BenchmarkFilestore;3106578;451688;8219
0-2-0;Baseline;/filestore/benchmark_test.go/BenchmarkFilestore;31163238;4480510;82084
0-2-0;Baseline;/filestore/benchmark_test.go/BenchmarkFilestore;334972480;45953952;830089
0-2-0;Baseline;/filestore/benchmark_test.go/BenchmarkFilestore;422360;463069;8075
0-2-0;Baseline;/filestore/benchmark_test.go/BenchmarkFilestore;4353047;4569916;80446
0-2-0;Baseline;/filestore/benchmark_test.go/BenchmarkFilestore;58815824;46744182;807883
0-2-0;Baseline;/filestore/benchmark_test.go/BenchmarkFilestore;408670;439121;8106
0-2-0;Baseline;/filestore/benchmark_test.go/BenchmarkFilestore;4140097;4345461;80357
0-2-0;Baseline;/filestore/benchmark_test.go/BenchmarkFilestore;53259624;43784026;806988
0-2-0;Baseline;/filestore/benchmark_test.go/BenchmarkFilestore;423484;482272;8105
0-2-0;Baseline;/filestore/benchmark_test.go/BenchmarkFilestore;4355326;4646643;80891
0-2-0;Baseline;/filestore/benchmark_test.go/BenchmarkFilestore;59252504;46936895;808572
0-2-0;Baseline;/filestore/benchmark_test.go/BenchmarkFilestore;415735;451644;8219
0-2-0;Baseline;/filestore/benchmark_test.go/BenchmarkFilestore;4251603;4475450;82033
0-2-0;Baseline;/filestore/benchmark_test.go/BenchmarkFilestore;53503070;45119149;821540
0-2-0;Baseline;/filestore/benchmark_test.go/BenchmarkFilestore;404710;431149;8039
0-2-0;Baseline;/filestore/benchmark_test.go/BenchmarkFilestore;4138121;4270560;80233
0-2-0;Baseline;/filestore/benchmark_test.go/BenchmarkFilestore;52008932;43071189;803540
0-2-0;Baseline;/filestore/benchmark_test.go/BenchmarkFilestore;415564;451644;8219
0-2-0;Baseline;/filestore/benchmark_test.go/BenchmarkFilestore;4239610;4475475;82033
0-2-0;Baseline;/filestore/benchmark_test.go/BenchmarkFilestore;53295108;45119420;821541
0-2-0;Baseline;/filestore/benchmark_test.go/BenchmarkFilestore;3150166;477844;8141
0-2-0;Baseline;/filestore/benchmark_test.go/BenchmarkFilestore;31848644;4705873;80663
0-2-0;Baseline;/filestore/benchmark_test.go/BenchmarkFilestore;344169820;48887709;817960
0-2-0;Baseline;/filestore/benchmark_test.go/BenchmarkFilestore;423766;465555;8072
0-2-0;Baseline;/filestore/benchmark_test.go/BenchmarkFilestore;4371807;4707995;80672
0-2-0;Baseline;/filestore/benchmark_test.go/BenchmarkFilestore;55056410;47930980;808763
0-2-0;Baseline;/filestore/benchmark_test.go/BenchmarkFilestore;29848;4207;76
0-2-0;Baseline;/filestore/benchmark_test.go/BenchmarkFilestore;7318;4213;76
0-2-0;Baseline;/filestore/benchmark_test.go/BenchmarkFilestore;13919;1276;16
0-2-0;Baseline;/filestore/benchmark_test.go/BenchmarkFilestore;3043;2974;18
0-2-0;Baseline;/filestore/benchmark_test.go/BenchmarkFilestore;43967;4670;54
0-2-0;Baseline;/filestore/benchmark_test.go/BenchmarkFilestore;46948;4668;54
0-2-0;Baseline;/filestore/benchmark_test.go/BenchmarkFilestore;33559;4670;54
0-2-0;Baseline;/filestore/benchmark_test.go/BenchmarkFilestore;35960;4664;54
0-2-0;Baseline;/filestore/benchmark_test.go/BenchmarkFilestore;33509;4663;54
0-2-0;Baseline;/filestore/benchmark_test.go/BenchmarkFilestore;35798;4667;54
0-2-0;Baseline;/filestore/benchmark_test.go/BenchmarkFilestore;5566;463;6
0-2-0;Baseline;/filestore/benchmark_test.go/BenchmarkFilestore;5875;478;3
0-3-0;Baseline;/dummystore/benchmark_test.go/BenchmarkDummystore;1313;128;2
0-3-0;Baseline;/dummystore/benchmark_test.go/BenchmarkDummystore;1336;128;2
0-3-0;Baseline;/dummystore/benchmark_test.go/BenchmarkDummystore;66136;7499;19
0-3-0;Baseline;/dummystore/benchmark_test.go/BenchmarkDummystore;1068784;101925;47
0-3-0;Baseline;/dummystore/benchmark_test.go/BenchmarkDummystore;15420930;1062567;236
0-3-0;Baseline;/dummystore/benchmark_test.go/BenchmarkDummystore;3116;280;6
0-3-0;Baseline;/dummystore/benchmark_test.go/BenchmarkDummystore;52468;2072;9
0-3-0;Baseline;/dummystore/benchmark_test.go/BenchmarkDummystore;870399;16408;12
0-3-0;Baseline;/dummystore/benchmark_test.go/BenchmarkDummystore;66281;7497;19
0-3-0;Baseline;/dummystore/benchmark_test.go/BenchmarkDummystore;1066922;101923;47
0-3-0;Baseline;/dummystore/benchmark_test.go/BenchmarkDummystore;15365232;1062727;237
0-3-0;Baseline;/dummystore/benchmark_test.go/BenchmarkDummystore;74442;24768;213
0-3-0;Baseline;/dummystore/benchmark_test.go/BenchmarkDummystore;944472;278533;2039
0-3-0;Baseline;/dummystore/benchmark_test.go/BenchmarkDummystore;10277602;2604388;20221
0-3-0;Baseline;/dummystore/benchmark_test.go/BenchmarkDummystore;6958;2060;23
0-3-0;Baseline;/dummystore/benchmark_test.go/BenchmarkDummystore;78409;20236;204
0-3-0;Baseline;/dummystore/benchmark_test.go/BenchmarkDummystore;1092404;200204;2006
0-3-0;Baseline;/dummystore/benchmark_test.go/BenchmarkDummystore;73732;24766;213
0-3-0;Baseline;/dummystore/benchmark_test.go/BenchmarkDummystore;934424;278547;2039
0-3-0;Baseline;/dummystore/benchmark_test.go/BenchmarkDummystore;10198240;2604054;20218
0-3-0;Baseline;/dummystore/benchmark_test.go/BenchmarkDummystore;10007;7495;19
0-3-0;Baseline;/dummystore/benchmark_test.go/BenchmarkDummystore;187457;101909;47
0-3-0;Baseline;/dummystore/benchmark_test.go/BenchmarkDummystore;2256796;1062522;236
0-3-0;Baseline;/dummystore/benchmark_test.go/BenchmarkDummystore;543;280;6
0-3-0;Baseline;/dummystore/benchmark_test.go/BenchmarkDummystore;7085;2072;9
0-3-0;Baseline;/dummystore/benchmark_test.go/BenchmarkDummystore;114559;16408;12
0-3-0;Baseline;/dummystore/benchmark_test.go/BenchmarkDummystore;10004;7495;19
0-3-0;Baseline;/dummystore/benchmark_test.go/BenchmarkDummystore;184815;101927;47
0-3-0;Baseline;/dummystore/benchmark_test.go/BenchmarkDummystore;2252546;1062630;236
0-3-0;Baseline;/dummystore/benchmark_test.go/BenchmarkDummystore;17522;24765;213
0-3-0;Baseline;/dummystore/benchmark_test.go/BenchmarkDummystore;236997;278536;2039
0-3-0;Baseline;/dummystore/benchmark_test.go/BenchmarkDummystore;2050046;2604458;20221
0-3-0;Baseline;/dummystore/benchmark_test.go/BenchmarkDummystore;1475;2060;23
0-3-0;Baseline;/dummystore/benchmark_test.go/BenchmarkDummystore;15867;20236;204
0-3-0;Baseline;/dummystore/benchmark_test.go/BenchmarkDummystore;188701;200204;2006
0-3-0;Baseline;/dummystore/benchmark_test.go/BenchmarkDummystore;17062;24764;213
0-3-0;Baseline;/dummystore/benchmark_test.go/BenchmarkDummystore;235564;278547;2039
0-3-0;Baseline;/dummystore/benchmark_test.go/BenchmarkDummystore;2076608;2604424;20221
0-3-0;Baseline;/dummystore/benchmark_test.go/BenchmarkDummystore;23933;1824;2
0-3-0;Baseline;/dummystore/benchmark_test.go/BenchmarkDummystore;335509;16416;2
0-3-0;Baseline;/dummystore/benchmark_test.go/BenchmarkDummystore;4554750;163872;2
0-3-0;Baseline;/dummystore/benchmark_test.go/BenchmarkDummystore;3643;1824;2
0-3-0;Baseline;/dummystore/benchmark_test.go/BenchmarkDummystore;50500;16416;2
0-3-0;Baseline;/dummystore/benchmark_test.go/BenchmarkDummystore;639290;163872;2
0-3-0;Baseline;/dummystore/benchmark_test.go/BenchmarkDummystore;531;128;2
0-3-0;Baseline;/dummystore/benchmark_test.go/BenchmarkDummystore;131;128;2
0-3-0;Baseline;/dummystore/benchmark_test.go/BenchmarkDummystore;625;101;1
0-3-0;Baseline;/dummystore/benchmark_test.go/BenchmarkDummystore;134;101;1
0-3-0;Baseline;/dummystore/benchmark_test.go/BenchmarkDummystore;2050;439;2
0-3-0;Baseline;/dummystore/benchmark_test.go/BenchmarkDummystore;2166;439;2
0-3-0;Baseline;/dummystore/benchmark_test.go/BenchmarkDummystore;1355;0;0
0-3-0;Baseline;/dummystore/benchmark_test.go/BenchmarkDummystore;1417;0;0
0-3-0;Baseline;/dummystore/benchmark_test.go/BenchmarkDummystore;2406;315;2
0-3-0;Baseline;/dummystore/benchmark_test.go/BenchmarkDummystore;2509;315;2
0-3-0;Baseline;/dummystore/benchmark_test.go/BenchmarkDummystore;1140;301;2
0-3-0;Baseline;/dummystore/benchmark_test.go/BenchmarkDummystore;1214;301;2
0-3-0;Baseline;/filestore/benchmark_test.go/BenchmarkFilestore;32371;4329;78
0-3-0;Baseline;/filestore/benchmark_test.go/BenchmarkFilestore;34708;4322;78
0-3-0;Baseline;/filestore/benchmark_test.go/BenchmarkFilestore;3175185;472124;8140
0-3-0;Baseline;/filestore/benchmark_test.go/BenchmarkFilestore;32069240;4636979;80812
0-3-0;Baseline;/filestore/benchmark_test.go/BenchmarkFilestore;351334720;47665610;816995
0-3-0;Baseline;/filestore/benchmark_test.go/BenchmarkFilestore;3038537;436300;8027
0-3-0;Baseline;/filestore/benchmark_test.go/BenchmarkFilestore;30758486;4331394;80615
0-3-0;Baseline;/filestore/benchmark_test.go/BenchmarkFilestore;327219260;44192438;811446
0-3-0;Baseline;/filestore/benchmark_test.go/BenchmarkFilestore;3164099;472332;8151
0-3-0;Baseline;/filestore/benchmark_test.go/BenchmarkFilestore;32057196;4626866;80688
0-3-0;Baseline;/filestore/benchmark_test.go/BenchmarkFilestore;351811800;47617253;817438
0-3-0;Baseline;/filestore/benchmark_test.go/BenchmarkFilestore;3130206;451704;8219
0-3-0;Baseline;/filestore/benchmark_test.go/BenchmarkFilestore;31378120;4480462;82084
0-3-0;Baseline;/filestore/benchmark_test.go/BenchmarkFilestore;341408540;45953754;830089
0-3-0;Baseline;/filestore/benchmark_test.go/BenchmarkFilestore;3036166;431224;8039
0-3-0;Baseline;/filestore/benchmark_test.go/BenchmarkFilestore;30549142;4275742;80284
0-3-0;Baseline;/filestore/benchmark_test.go/BenchmarkFilestore;325890560;43517120;808068
0-3-0;Baseline;/filestore/benchmark_test.go/BenchmarkFilestore;3125366;451720;8219
0-3-0;Baseline;/filestore/benchmark_test.go/BenchmarkFilestore;31351212;4480542;82084
0-3-0;Baseline;/filestore/benchmark_test.go/BenchmarkFilestore;337309950;45953824;830089
0-3-0;Baseline;/filestore/benchmark_test.go/BenchmarkFilestore;425141;477696;8111
0-3-0;Baseline;/filestore/benchmark_test.go/BenchmarkFilestore;4395485;4626695;80909
0-3-0;Baseline;/filestore/benchmark_test.go/BenchmarkFilestore;58612460;46744118;807989
0-3-0;Baseline;/filestore/benchmark_test.go/BenchmarkFilestore;406775;437393;8086
0-3-0;Baseline;/filestore/benchmark_test.go/BenchmarkFilestore;4165668;4336986;80546
0-3-0;Baseline;/filestore/benchmark_test.go/BenchmarkFilestore;52924292;43780988;806597
0-3-0;Baseline;/filestore/benchmark_test.go/BenchmarkFilestore;421670;464049;8124
0-3-0;Baseline;/filestore/benchmark_test.go/BenchmarkFilestore;4343721;4597127;80583
0-3-0;Baseline;/filestore/benchmark_test.go/BenchmarkFilestore;58637572;46843920;808651
0-3-0;Baseline;/filestore/benchmark_test.go/BenchmarkFilestore;415156;451644;8219
0-3-0;Baseline;/filestore/benchmark_test.go/BenchmarkFilestore;4246316;4475389;82033
0-3-0;Baseline;/filestore/benchmark_test.go/BenchmarkFilestore;53469336;45119354;821540
0-3-0;Baseline;/filestore/benchmark_test.go/BenchmarkFilestore;404707;431164;8039
0-3-0;Baseline;/filestore/benchmark_test.go/BenchmarkFilestore;4152430;4270567;80233
0-3-0;Baseline;/filestore/benchmark_test.go/BenchmarkFilestore;52184480;43071158;803540
0-3-0;Baseline;/filestore/benchmark_test.go/BenchmarkFilestore;416429;451629;8219
0-3-0;Baseline;/filestore/benchmark_test.go/BenchmarkFilestore;4254604;4475358;82033
0-3-0;Baseline;/filestore/benchmark_test.go/BenchmarkFilestore;53628270;45119298;821540
0-3-0;Baseline;/filestore/benchmark_test.go/BenchmarkFilestore;3161373;470560;8086
0-3-0;Baseline;/filestore/benchmark_test.go/BenchmarkFilestore;31917624;4735546;80759
0-3-0;Baseline;/filestore/benchmark_test.go/BenchmarkFilestore;345056640;48797101;817078
0-3-0;Baseline;/filestore/benchmark_test.go/BenchmarkFilestore;420490;466574;8040
0-3-0;Baseline;/filestore/benchmark_test.go/BenchmarkFilestore;4344116;4728926;80791
0-3-0;Baseline;/filestore/benchmark_test.go/BenchmarkFilestore;55086924;47892241;809183
0-3-0;Baseline;/filestore/benchmark_test.go/BenchmarkFilestore;30134;4220;76
0-3-0;Baseline;/filestore/benchmark_test.go/BenchmarkFilestore;7316;4214;76
0-3-0;Baseline;/filestore/benchmark_test.go/BenchmarkFilestore;13660;1281;16
0-3-0;Baseline;/filestore/benchmark_test.go/BenchmarkFilestore;3036;2956;18
0-3-0;Baseline;/filestore/benchmark_test.go/BenchmarkFilestore;43943;4668;54
0-3-0;Baseline;/filestore/benchmark_test.go/BenchmarkFilestore;46750;4664;54
0-3-0;Baseline;/filestore/benchmark_test.go/BenchmarkFilestore;34007;4672;54
0-3-0;Baseline;/filestore/benchmark_test.go/BenchmarkFilestore;36117;4666;54
0-3-0;Baseline;/filestore/benchmark_test.go/BenchmarkFilestore;34044;4663;54
0-3-0;Baseline;/filestore/benchmark_test.go/BenchmarkFilestore;36165;4670;54
0-3-0;Baseline;/filestore/benchmark_test.go/BenchmarkFilestore;5588;463;6
0-3-0;Baseline;/filestore/benchmark_test.go/BenchmarkFilestore;5843;478;3
0-4-0;Baseline;/dummystore/benchmark_test.go/BenchmarkDummystore;1314;128;2
0-4-0;Baseline;/dummystore/benchmark_test.go/BenchmarkDummystore;1336;128;2
0-4-0;Baseline;/dummystore/benchmark_test.go/BenchmarkDummystore;66395;7497;19
0-4-0;Baseline;/dummystore/benchmark_test.go/BenchmarkDummystore;1062934;101913;47
0-4-0;Baseline;/dummystore/benchmark_test.go/BenchmarkDummystore;15341737;1062479;235
0-4-0;Baseline;/dummystore/benchmark_test.go/BenchmarkDummystore;3193;280;6
0-4-0;Baseline;/dummystore/benchmark_test.go/BenchmarkDummystore;52599;2072;9
0-4-0;Baseline;/dummystore/benchmark_test.go/BenchmarkDummystore;869561;16408;12
0-4-0;Baseline;/dummystore/benchmark_test.go/BenchmarkDummystore;65972;7496;19
0-4-0;Baseline;/dummystore/benchmark_test.go/BenchmarkDummystore;1063612;101929;47
0-4-0;Baseline;/dummystore/benchmark_test.go/BenchmarkDummystore;15551309;1062623;236
0-4-0;Baseline;/dummystore/benchmark_test.go/BenchmarkDummystore;73991;24766;213
0-4-0;Baseline;/dummystore/benchmark_test.go/BenchmarkDummystore;937147;278553;2040
0-4-0;Baseline;/dummystore/benchmark_test.go/BenchmarkDummystore;10101669;2604567;20222
0-4-0;Baseline;/dummystore/benchmark_test.go/BenchmarkDummystore;7000;2060;23
0-4-0;Baseline;/dummystore/benchmark_test.go/BenchmarkDummystore;78622;20236;204
0-4-0;Baseline;/dummystore/benchmark_test.go/BenchmarkDummystore;1090038;200204;2006
0-4-0;Baseline;/dummystore/benchmark_test.go/BenchmarkDummystore;74088;24764;213
0-4-0;Baseline;/dummystore/benchmark_test.go/BenchmarkDummystore;926342;278547;2039
0-4-0;Baseline;/dummystore/benchmark_test.go/BenchmarkDummystore;10148328;2604565;20222
0-4-0;Baseline;/dummystore/benchmark_test.go/BenchmarkDummystore;9993;7495;19
0-4-0;Baseline;/dummystore/benchmark_test.go/BenchmarkDummystore;185819;101904;47
0-4-0;Baseline;/dummystore/benchmark_test.go/BenchmarkDummystore;2270292;1062529;236
0-4-0;Baseline;/dummystore/benchmark_test.go/BenchmarkDummystore;537;280;6
0-4-0;Baseline;/dummystore/benchmark_test.go/BenchmarkDummystore;7098;2072;9
0-4-0;Baseline;/dummystore/benchmark_test.go/BenchmarkDummystore;114470;16408;12
0-4-0;Baseline;/dummystore/benchmark_test.go/BenchmarkDummystore;9941;7496;19
0-4-0;Baseline;/dummystore/benchmark_test.go/BenchmarkDummystore;184606;101913;47
0-4-0;Baseline;/dummystore/benchmark_test.go/BenchmarkDummystore;2275469;1062675;237
0-4-0;Baseline;/dummystore/benchmark_test.go/BenchmarkDummystore;17550;24763;213
0-4-0;Baseline;/dummystore/benchmark_test.go/BenchmarkDummystore;236582;278538;2039
0-4-0;Baseline;/dummystore/benchmark_test.go/BenchmarkDummystore;2062916;2604410;20221
0-4-0;Baseline;/dummystore/benchmark_test.go/BenchmarkDummystore;1439;2060;23
0-4-0;Baseline;/dummystore/benchmark_test.go/BenchmarkDummystore;15829;20236;204
0-4-0;Baseline;/dummystore/benchmark_test.go/BenchmarkDummystore;187990;200204;2006
0-4-0;Baseline;/dummystore/benchmark_test.go/BenchmarkDummystore;16957;24764;213
0-4-0;Baseline;/dummystore/benchmark_test.go/BenchmarkDummystore;224345;278541;2039
0-4-0;Baseline;/dummystore/benchmark_test.go/BenchmarkDummystore;2070086;2604460;20221
0-4-0;Baseline;/dummystore/benchmark_test.go/BenchmarkDummystore;23692;1824;2
0-4-0;Baseline;/dummystore/benchmark_test.go/BenchmarkDummystore;334233;16416;2
0-4-0;Baseline;/dummystore/benchmark_test.go/BenchmarkDummystore;4607266;163872;2
0-4-0;Baseline;/dummystore/benchmark_test.go/BenchmarkDummystore;3976;1824;2
0-4-0;Baseline;/dummystore/benchmark_test.go/BenchmarkDummystore;50658;16416;2
0-4-0;Baseline;/dummystore/benchmark_test.go/BenchmarkDummystore;636604;163873;2
0-4-0;Baseline;/dummystore/benchmark_test.go/BenchmarkDummystore;528;128;2
0-4-0;Baseline;/dummystore/benchmark_test.go/BenchmarkDummystore;131;128;2
0-4-0;Baseline;/dummystore/benchmark_test.go/BenchmarkDummystore;625;101;1
0-4-0;Baseline;/dummystore/benchmark_test.go/BenchmarkDummystore;134;101;1
0-4-0;Baseline;/dummystore/benchmark_test.go/BenchmarkDummystore;2043;439;2
0-4-0;Baseline;/dummystore/benchmark_test.go/BenchmarkDummystore;2170;439;2
0-4-0;Baseline;/dummystore/benchmark_test.go/BenchmarkDummystore;1359;0;0
0-4-0;Baseline;/dummystore/benchmark_test.go/BenchmarkDummystore;1407;0;0
0-4-0;Baseline;/dummystore/benchmark_test.go/BenchmarkDummystore;2413;315;2
0-4-0;Baseline;/dummystore/benchmark_test.go/BenchmarkDummystore;2510;315;2
0-4-0;Baseline;/dummystore/benchmark_test.go/BenchmarkDummystore;1146;302;2
0-4-0;Baseline;/dummystore/benchmark_test.go/BenchmarkDummystore;1225;301;2
0-4-0;Baseline;/filestore/benchmark_test.go/BenchmarkFilestore;32550;4328;78
0-4-0;Baseline;/filestore/benchmark_test.go/BenchmarkFilestore;34645;4315;78
0-4-0;Baseline;/filestore/benchmark_test.go/BenchmarkFilestore;3180993;480525;8170
0-4-0;Baseline;/filestore/benchmark_test.go/BenchmarkFilestore;32155624;4674389;81157
0-4-0;Baseline;/filestore/benchmark_test.go/BenchmarkFilestore;350265700;47664026;817060
0-4-0;Baseline;/filestore/benchmark_test.go/BenchmarkFilestore;3053232;440460;8101
0-4-0;Baseline;/filestore/benchmark_test.go/BenchmarkFilestore;30676382;4348354;80493
0-4-0;Baseline;/filestore/benchmark_test.go/BenchmarkFilestore;327128160;44275369;813131
0-4-0;Baseline;/filestore/benchmark_test.go/BenchmarkFilestore;3135595;466220;8072
0-4-0;Baseline;/filestore/benchmark_test.go/BenchmarkFilestore;31987548;4678402;81033
0-4-0;Baseline;/filestore/benchmark_test.go/BenchmarkFilestore;351738100;47599280;816830
0-4-0;Baseline;/filestore/benchmark_test.go/BenchmarkFilestore;3116525;451704;8219
0-4-0;Baseline;/filestore/benchmark_test.go/BenchmarkFilestore;31205700;4480526;82084
0-4-0;Baseline;/filestore/benchmark_test.go/BenchmarkFilestore;340504420;45953765;830089
0-4-0;Baseline;/filestore/benchmark_test.go/BenchmarkFilestore;3021610;431208;8039
0-4-0;Baseline;/filestore/benchmark_test.go/BenchmarkFilestore;30408368;4275726;80284
0-4-0;Baseline;/filestore/benchmark_test.go/BenchmarkFilestore;323610100;43517011;808068
0-4-0;Baseline;/filestore/benchmark_test.go/BenchmarkFilestore;3117219;451688;8219
0-4-0;Baseline;/filestore/benchmark_test.go/BenchmarkFilestore;31273144;4480430;82084
0-4-0;Baseline;/filestore/benchmark_test.go/BenchmarkFilestore;336339140;45953680;830089
0-4-0;Baseline;/filestore/benchmark_test.go/BenchmarkFilestore;424426;466316;8081
0-4-0;Baseline;/filestore/benchmark_test.go/BenchmarkFilestore;4375891;4622865;80701
0-4-0;Baseline;/filestore/benchmark_test.go/BenchmarkFilestore;58876868;46843482;808453
0-4-0;Baseline;/filestore/benchmark_test.go/BenchmarkFilestore;408366;437874;8122
0-4-0;Baseline;/filestore/benchmark_test.go/BenchmarkFilestore;4176176;4352652;80622
0-4-0;Baseline;/filestore/benchmark_test.go/BenchmarkFilestore;53112292;43787526;807236
0-4-0;Baseline;/filestore/benchmark_test.go/BenchmarkFilestore;420020;467905;8086
0-4-0;Baseline;/filestore/benchmark_test.go/BenchmarkFilestore;4330027;4615441;80719
0-4-0;Baseline;/filestore/benchmark_test.go/BenchmarkFilestore;59114450;46814094;808046
0-4-0;Baseline;/filestore/benchmark_test.go/BenchmarkFilestore;416541;451644;8219
0-4-0;Baseline;/filestore/benchmark_test.go/BenchmarkFilestore;4239720;4475403;82033
0-4-0;Baseline;/filestore/benchmark_test.go/BenchmarkFilestore;53414836;45119446;821541
0-4-0;Baseline;/filestore/benchmark_test.go/BenchmarkFilestore;406385;431149;8039
0-4-0;Baseline;/filestore/benchmark_test.go/BenchmarkFilestore;4132942;4270652;80233
0-4-0;Baseline;/filestore/benchmark_test.go/BenchmarkFilestore;51994976;43071499;803540
0-4-0;Baseline;/filestore/benchmark_test.go/BenchmarkFilestore;413437;451627;8219
0-4-0;Baseline;/filestore/benchmark_test.go/BenchmarkFilestore;4234879;4475264;82033
0-4-0;Baseline;/filestore/benchmark_test.go/BenchmarkFilestore;53393560;45119221;821541
0-4-0;Baseline;/filestore/benchmark_test.go/BenchmarkFilestore;3214871;487656;8248
0-4-0;Baseline;/filestore/benchmark_test.go/BenchmarkFilestore;31923866;4709694;80802
0-4-0;Baseline;/filestore/benchmark_test.go/BenchmarkFilestore;344849860;48758557;816963
0-4-0;Baseline;/filestore/benchmark_test.go/BenchmarkFilestore;426346;473483;8079
0-4-0;Baseline;/filestore/benchmark_test.go/BenchmarkFilestore;4369177;4727980;80912
0-4-0;Baseline;/filestore/benchmark_test.go/BenchmarkFilestore;55015108;47965834;808898
0-4-0;Baseline;/filestore/benchmark_test.go/BenchmarkFilestore;30028;4214;76
0-4-0;Baseline;/filestore/benchmark_test.go/BenchmarkFilestore;7310;4214;76
0-4-0;Baseline;/filestore/benchmark_test.go/BenchmarkFilestore;14149;1265;16
0-4-0;Baseline;/filestore/benchmark_test.go/BenchmarkFilestore;3042;2947;18
0-4-0;Baseline;/filestore/benchmark_test.go/BenchmarkFilestore;44135;4667;54
0-4-0;Baseline;/filestore/benchmark_test.go/BenchmarkFilestore;46820;4670;54
0-4-0;Baseline;/filestore/benchmark_test.go/BenchmarkFilestore;33881;4663;54
0-4-0;Baseline;/filestore/benchmark_test.go/BenchmarkFilestore;36035;4669;54
0-4-0;Baseline;/filestore/benchmark_test.go/BenchmarkFilestore;33839;4667;54
0-4-0;Baseline;/filestore/benchmark_test.go/BenchmarkFilestore;36103;4668;54
0-4-0;Baseline;/filestore/benchmark_test.go/BenchmarkFilestore;5592;464;6
0-4-0;Baseline;/filestore/benchmark_test.go/BenchmarkFilestore;5895;478;3
0-5-0;Baseline;/dummystore/benchmark_test.go/BenchmarkDummystore;1718;128;2
0-5-0;Baseline;/dummystore/benchmark_test.go/BenchmarkDummystore;1334;128;2
0-5-0;Baseline;/dummystore/benchmark_test.go/BenchmarkDummystore;66836;7498;19
0-5-0;Baseline;/dummystore/benchmark_test.go/BenchmarkDummystore;1067382;101918;47
0-5-0;Baseline;/dummystore/benchmark_test.go/BenchmarkDummystore;15297936;1062424;235
0-5-0;Baseline;/dummystore/benchmark_test.go/BenchmarkDummystore;3124;280;6
0-5-0;Baseline;/dummystore/benchmark_test.go/BenchmarkDummystore;52547;2072;9
0-5-0;Baseline;/dummystore/benchmark_test.go/BenchmarkDummystore;870315;16408;12
0-5-0;Baseline;/dummystore/benchmark_test.go/BenchmarkDummystore;66453;7496;19
0-5-0;Baseline;/dummystore/benchmark_test.go/BenchmarkDummystore;1068209;101904;47
0-5-0;Baseline;/dummystore/benchmark_test.go/BenchmarkDummystore;15366089;1062469;235
0-5-0;Baseline;/dummystore/benchmark_test.go/BenchmarkDummystore;73874;24766;213
0-5-0;Baseline;/dummystore/benchmark_test.go/BenchmarkDummystore;939785;278543;2039
0-5-0;Baseline;/dummystore/benchmark_test.go/BenchmarkDummystore;10271756;2604166;20219
0-5-0;Baseline;/dummystore/benchmark_test.go/BenchmarkDummystore;6783;2060;23
0-5-0;Baseline;/dummystore/benchmark_test.go/BenchmarkDummystore;78819;20236;204
0-5-0;Baseline;/dummystore/benchmark_test.go/BenchmarkDummystore;1086537;200204;2006
0-5-0;Baseline;/dummystore/benchmark_test.go/BenchmarkDummystore;73900;24764;213
0-5-0;Baseline;/dummystore/benchmark_test.go/BenchmarkDummystore;936276;278534;2039
0-5-0;Baseline;/dummystore/benchmark_test.go/BenchmarkDummystore;10124294;2604549;20222
0-5-0;Baseline;/dummystore/benchmark_test.go/BenchmarkDummystore;9970;7496;19
0-5-0;Baseline;/dummystore/benchmark_test.go/BenchmarkDummystore;186599;101910;47
0-5-0;Baseline;/dummystore/benchmark_test.go/BenchmarkDummystore;2272277;1062567;236
0-5-0;Baseline;/dummystore/benchmark_test.go/BenchmarkDummystore;539;280;6
0-5-0;Baseline;/dummystore/benchmark_test.go/BenchmarkDummystore;7094;2072;9
0-5-0;Baseline;/dummystore/benchmark_test.go/BenchmarkDummystore;114503;16408;12
0-5-0;Baseline;/dummystore/benchmark_test.go/BenchmarkDummystore;10004;7496;19
0-5-0;Baseline;/dummystore/benchmark_test.go/BenchmarkDummystore;185123;101915;47
0-5-0;Baseline;/dummystore/benchmark_test.go/BenchmarkDummystore;2268809;1062574;236
0-5-0;Baseline;/dummystore/benchmark_test.go/BenchmarkDummystore;17375;24764;213
0-5-0;Baseline;/dummystore/benchmark_test.go/BenchmarkDummystore;234262;278547;2040
0-5-0;Baseline;/dummystore/benchmark_test.go/BenchmarkDummystore;2049695;2604496;20221
0-5-0;Baseline;/dummystore/benchmark_test.go/BenchmarkDummystore;1455;2060;23
0-5-0;Baseline;/dummystore/benchmark_test.go/BenchmarkDummystore;15820;20236;204
0-5-0;Baseline;/dummystore/benchmark_test.go/BenchmarkDummystore;190419;200204;2006
0-5-0;Baseline;/dummystore/benchmark_test.go/BenchmarkDummystore;17061;24763;213
0-5-0;Baseline;/dummystore/benchmark_test.go/BenchmarkDummystore;234682;278553;2040
0-5-0;Baseline;/dummystore/benchmark_test.go/BenchmarkDummystore;2065660;2604466;20221
0-5-0;Baseline;/dummystore/benchmark_test.go/BenchmarkDummystore;23682;1824;2
0-5-0;Baseline;/dummystore/benchmark_test.go/BenchmarkDummystore;334277;16416;2
0-5-0;Baseline;/dummystore/benchmark_test.go/BenchmarkDummystore;4501286;163872;2
0-5-0;Baseline;/dummystore/benchmark_test.go/BenchmarkDummystore;3832;1824;2
0-5-0;Baseline;/dummystore/benchmark_test.go/BenchmarkDummystore;50652;16416;2
0-5-0;Baseline;/dummystore/benchmark_test.go/BenchmarkDummystore;637417;163872;2
0-5-0;Baseline;/dummystore/benchmark_test.go/BenchmarkDummystore;531;128;2
0-5-0;Baseline;/dummystore/benchmark_test.go/BenchmarkDummystore;131;128;2
0-5-0;Baseline;/dummystore/benchmark_test.go/BenchmarkDummystore;624;101;1
0-5-0;Baseline;/dummystore/benchmark_test.go/BenchmarkDummystore;134;101;1
0-5-0;Baseline;/dummystore/benchmark_test.go/BenchmarkDummystore;2030;439;2
0-5-0;Baseline;/dummystore/benchmark_test.go/BenchmarkDummystore;2169;439;2
0-5-0;Baseline;/dummystore/benchmark_test.go/BenchmarkDummystore;1372;0;0
0-5-0;Baseline;/dummystore/benchmark_test.go/BenchmarkDummystore;1414;0;0
0-5-0;Baseline;/dummystore/benchmark_test.go/BenchmarkDummystore;2399;315;2
0-5-0;Baseline;/dummystore/benchmark_test.go/BenchmarkDummystore;2511;315;2
0-5-0;Baseline;/dummystore/benchmark_test.go/BenchmarkDummystore;1144;302;2
0-5-0;Baseline;/dummystore/benchmark_test.go/BenchmarkDummystore;1177;301;2
0-5-0;Baseline;/filestore/benchmark_test.go/BenchmarkFilestore;32378;4318;78
0-5-0;Baseline;/filestore/benchmark_test.go/BenchmarkFilestore;34679;4325;78
0-5-0;Baseline;/filestore/benchmark_test.go/BenchmarkFilestore;3131666;464748;8080
0-5-0;Baseline;/filestore/benchmark_test.go/BenchmarkFilestore;31813200;4605410;80549
0-5-0;Baseline;/filestore/benchmark_test.go/BenchmarkFilestore;348634780;47548922;816050
0-5-0;Baseline;/filestore/benchmark_test.go/BenchmarkFilestore;3032902;440124;8076
0-5-0;Baseline;/filestore/benchmark_test.go/BenchmarkFilestore;30553608;4339490;80633
0-5-0;Baseline;/filestore/benchmark_test.go/BenchmarkFilestore;326069280;44244329;812031
0-5-0;Baseline;/filestore/benchmark_test.go/BenchmarkFilestore;3141644;472076;8136
0-5-0;Baseline;/filestore/benchmark_test.go/BenchmarkFilestore;31816376;4631266;80770
0-5-0;Baseline;/filestore/benchmark_test.go/BenchmarkFilestore;351513000;47639674;817230
0-5-0;Baseline;/filestore/benchmark_test.go/BenchmarkFilestore;3102663;451720;8219
0-5-0;Baseline;/filestore/benchmark_test.go/BenchmarkFilestore;31078236;4480612;82084
0-5-0;Baseline;/filestore/benchmark_test.go/BenchmarkFilestore;338265730;45953904;830089
0-5-0;Baseline;/filestore/benchmark_test.go/BenchmarkFilestore;3022984;431208;8039
0-5-0;Baseline;/filestore/benchmark_test.go/BenchmarkFilestore;30298200;4275646;80284
0-5-0;Baseline;/filestore/benchmark_test.go/BenchmarkFilestore;323066080;43517056;808068
0-5-0;Baseline;/filestore/benchmark_test.go/BenchmarkFilestore;3098266;451720;8219
0-5-0;Baseline;/filestore/benchmark_test.go/BenchmarkFilestore;31084030;4480558;82084
0-5-0;Baseline;/filestore/benchmark_test.go/BenchmarkFilestore;334275300;45953904;830089
0-5-0;Baseline;/filestore/benchmark_test.go/BenchmarkFilestore;423923;474956;8124
0-5-0;Baseline;/filestore/benchmark_test.go/BenchmarkFilestore;4357794;4599878;80401
0-5-0;Baseline;/filestore/benchmark_test.go/BenchmarkFilestore;58434484;46813503;808489
0-5-0;Baseline;/filestore/benchmark_test.go/BenchmarkFilestore;403051;434225;8014
0-5-0;Baseline;/filestore/benchmark_test.go/BenchmarkFilestore;4162543;4354087;80495
0-5-0;Baseline;/filestore/benchmark_test.go/BenchmarkFilestore;53092544;43848845;807252
0-5-0;Baseline;/filestore/benchmark_test.go/BenchmarkFilestore;419829;472753;8096
0-5-0;Baseline;/filestore/benchmark_test.go/BenchmarkFilestore;4316215;4601120;80623
0-5-0;Baseline;/filestore/benchmark_test.go/BenchmarkFilestore;59703972;46923314;809309
0-5-0;Baseline;/filestore/benchmark_test.go/BenchmarkFilestore;413284;451644;8219
0-5-0;Baseline;/filestore/benchmark_test.go/BenchmarkFilestore;4227185;4475402;82033
0-5-0;Baseline;/filestore/benchmark_test.go/BenchmarkFilestore;53257410;45119346;821541
0-5-0;Baseline;/filestore/benchmark_test.go/BenchmarkFilestore;402194;431149;8039
0-5-0;Baseline;/filestore/benchmark_test.go/BenchmarkFilestore;4122705;4270542;80233
0-5-0;Baseline;/filestore/benchmark_test.go/BenchmarkFilestore;51893760;43071308;803540
0-5-0;Baseline;/filestore/benchmark_test.go/BenchmarkFilestore;413191;451613;8219
0-5-0;Baseline;/filestore/benchmark_test.go/BenchmarkFilestore;4218728;4475424;82033
0-5-0;Baseline;/filestore/benchmark_test.go/BenchmarkFilestore;53443896;45119372;821540
0-5-0;Baseline;/filestore/benchmark_test.go/BenchmarkFilestore;3133788;475323;8091
0-5-0;Baseline;/filestore/benchmark_test.go/BenchmarkFilestore;31767006;4760625;80839
0-5-0;Baseline;/filestore/benchmark_test.go/BenchmarkFilestore;344481120;48820685;817055
0-5-0;Baseline;/filestore/benchmark_test.go/BenchmarkFilestore;428702;483372;8191
0-5-0;Baseline;/filestore/benchmark_test.go/BenchmarkFilestore;4341757;4736690;81042
0-5-0;Baseline;/filestore/benchmark_test.go/BenchmarkFilestore;54710656;47984034;808385
0-5-0;Baseline;/filestore/benchmark_test.go/BenchmarkFilestore;29817;4215;76
0-5-0;Baseline;/filestore/benchmark_test.go/BenchmarkFilestore;7312;4214;76
0-5-0;Baseline;/filestore/benchmark_test.go/BenchmarkFilestore;13655;1275;16
0-5-0;Baseline;/filestore/benchmark_test.go/BenchmarkFilestore;3046;2968;18
0-5-0;Baseline;/filestore/benchmark_test.go/BenchmarkFilestore;43868;4669;54
0-5-0;Baseline;/filestore/benchmark_test.go/BenchmarkFilestore;46758;4668;54
0-5-0;Baseline;/filestore/benchmark_test.go/BenchmarkFilestore;33538;4664;54
0-5-0;Baseline;/filestore/benchmark_test.go/BenchmarkFilestore;36047;4667;54
0-5-0;Baseline;/filestore/benchmark_test.go/BenchmarkFilestore;33491;4672;54
0-5-0;Baseline;/filestore/benchmark_test.go/BenchmarkFilestore;35919;4672;54
0-5-0;Baseline;/filestore/benchmark_test.go/BenchmarkFilestore;5496;464;6
0-5-0;Baseline;/filestore/benchmark_test.go/BenchmarkFilestore;5814;477;3
0-6-0;Baseline;/dummystore/benchmark_test.go/BenchmarkDummystore;1313;128;2
0-6-0;Baseline;/dummystore/benchmark_test.go/BenchmarkDummystore;1339;128;2
0-6-0;Baseline;/dummystore/benchmark_test.go/BenchmarkDummystore;66013;7494;19
0-6-0;Baseline;/dummystore/benchmark_test.go/BenchmarkDummystore;1062524;101906;47
0-6-0;Baseline;/dummystore/benchmark_test.go/BenchmarkDummystore;15504110;1062396;235
0-6-0;Baseline;/dummystore/benchmark_test.go/BenchmarkDummystore;3159;280;6
0-6-0;Baseline;/dummystore/benchmark_test.go/BenchmarkDummystore;52316;2072;9
0-6-0;Baseline;/dummystore/benchmark_test.go/BenchmarkDummystore;870220;16408;12
0-6-0;Baseline;/dummystore/benchmark_test.go/BenchmarkDummystore;66370;7499;19
0-6-0;Baseline;/dummystore/benchmark_test.go/BenchmarkDummystore;1068149;101930;47
0-6-0;Baseline;/dummystore/benchmark_test.go/BenchmarkDummystore;15379045;1062299;234
0-6-0;Baseline;/dummystore/benchmark_test.go/BenchmarkDummystore;73805;24766;213
0-6-0;Baseline;/dummystore/benchmark_test.go/BenchmarkDummystore;934808;278548;2040
0-6-0;Baseline;/dummystore/benchmark_test.go/BenchmarkDummystore;10234154;2604086;20218
0-6-0;Baseline;/dummystore/benchmark_test.go/BenchmarkDummystore;7055;2060;23
0-6-0;Baseline;/dummystore/benchmark_test.go/BenchmarkDummystore;78210;20236;204
0-6-0;Baseline;/dummystore/benchmark_test.go/BenchmarkDummystore;1075299;200204;2006
0-6-0;Baseline;/dummystore/benchmark_test.go/BenchmarkDummystore;74086;24765;213
0-6-0;Baseline;/dummystore/benchmark_test.go/BenchmarkDummystore;936447;278537;2039
0-6-0;Baseline;/dummystore/benchmark_test.go/BenchmarkDummystore;10200556;2604374;20220
0-6-0;Baseline;/dummystore/benchmark_test.go/BenchmarkDummystore;9953;7495;19
0-6-0;Baseline;/dummystore/benchmark_test.go/BenchmarkDummystore;186947;101914;47
0-6-0;Baseline;/dummystore/benchmark_test.go/BenchmarkDummystore;2260389;1062594;236
0-6-0;Baseline;/dummystore/benchmark_test.go/BenchmarkDummystore;532;280;6
0-6-0;Baseline;/dummystore/benchmark_test.go/BenchmarkDummystore;7093;2072;9
0-6-0;Baseline;/dummystore/benchmark_test.go/BenchmarkDummystore;114411;16408;12
0-6-0;Baseline;/dummystore/benchmark_test.go/BenchmarkDummystore;10004;7497;19
0-6-0;Baseline;/dummystore/benchmark_test.go/BenchmarkDummystore;185579;101908;47
0-6-0;Baseline;/dummystore/benchmark_test.go/BenchmarkDummystore;2268972;1062603;236
0-6-0;Baseline;/dummystore/benchmark_test.go/BenchmarkDummystore;17437;24764;213
0-6-0;Baseline;/dummystore/benchmark_test.go/BenchmarkDummystore;235595;278554;2040
0-6-0;Baseline;/dummystore/benchmark_test.go/BenchmarkDummystore;2051552;2604392;20221
0-6-0;Baseline;/dummystore/benchmark_test.go/BenchmarkDummystore;1454;2060;23
0-6-0;Baseline;/dummystore/benchmark_test.go/BenchmarkDummystore;15870;20236;204
0-6-0;Baseline;/dummystore/benchmark_test.go/BenchmarkDummystore;192051;200204;2006
0-6-0;Baseline;/dummystore/benchmark_test.go/BenchmarkDummystore;17112;24765;213
0-6-0;Baseline;/dummystore/benchmark_test.go/BenchmarkDummystore;236423;278545;2039
0-6-0;Baseline;/dummystore/benchmark_test.go/BenchmarkDummystore;2083225;2604385;20221
0-6-0;Baseline;/dummystore/benchmark_test.go/BenchmarkDummystore;23823;1824;2
0-6-0;Baseline;/dummystore/benchmark_test.go/BenchmarkDummystore;333745;16416;2
0-6-0;Baseline;/dummystore/benchmark_test.go/BenchmarkDummystore;4532049;163872;2
0-6-0;Baseline;/dummystore/benchmark_test.go/BenchmarkDummystore;3803;1824;2
0-6-0;Baseline;/dummystore/benchmark_test.go/BenchmarkDummystore;50838;16416;2
0-6-0;Baseline;/dummystore/benchmark_test.go/BenchmarkDummystore;638172;163873;2
0-6-0;Baseline;/dummystore/benchmark_test.go/BenchmarkDummystore;530;128;2
0-6-0;Baseline;/dummystore/benchmark_test.go/BenchmarkDummystore;131;128;2
0-6-0;Baseline;/dummystore/benchmark_test.go/BenchmarkDummystore;624;101;1
0-6-0;Baseline;/dummystore/benchmark_test.go/BenchmarkDummystore;134;101;1
0-6-0;Baseline;/dummystore/benchmark_test.go/BenchmarkDummystore;2048;439;2
0-6-0;Baseline;/dummystore/benchmark_test.go/BenchmarkDummystore;2171;439;2
0-6-0;Baseline;/dummystore/benchmark_test.go/BenchmarkDummystore;1362;0;0
0-6-0;Baseline;/dummystore/benchmark_test.go/BenchmarkDummystore;1410;0;0
0-6-0;Baseline;/dummystore/benchmark_test.go/BenchmarkDummystore;2389;315;2
0-6-0;Baseline;/dummystore/benchmark_test.go/BenchmarkDummystore;2512;315;2
0-6-0;Baseline;/dummystore/benchmark_test.go/BenchmarkDummystore;1133;302;2
0-6-0;Baseline;/dummystore/benchmark_test.go/BenchmarkDummystore;1146;301;2
0-6-0;Baseline;/filestore/benchmark_test.go/BenchmarkFilestore;32412;4323;78
0-6-0;Baseline;/filestore/benchmark_test.go/BenchmarkFilestore;34723;4325;78
0-6-0;Baseline;/filestore/benchmark_test.go/BenchmarkFilestore;3163753;467468;8144
0-6-0;Baseline;/filestore/benchmark_test.go/BenchmarkFilestore;31991666;4606050;80668
0-6-0;Baseline;/filestore/benchmark_test.go/BenchmarkFilestore;351045250;47648522;816843
0-6-0;Baseline;/filestore/benchmark_test.go/BenchmarkFilestore;3048371;435932;8100
0-6-0;Baseline;/filestore/benchmark_test.go/BenchmarkFilestore;30640948;4337458;80687
0-6-0;Baseline;/filestore/benchmark_test.go/BenchmarkFilestore;327001540;44234012;811296
0-6-0;Baseline;/filestore/benchmark_test.go/BenchmarkFilestore;3139546;467836;8080
0-6-0;Baseline;/filestore/benchmark_test.go/BenchmarkFilestore;31960724;4625346;80706
0-6-0;Baseline;/filestore/benchmark_test.go/BenchmarkFilestore;351550240;47762261;817604
0-6-0;Baseline;/filestore/benchmark_test.go/BenchmarkFilestore;3120319;451704;8219
0-6-0;Baseline;/filestore/benchmark_test.go/BenchmarkFilestore;31320672;4480548;82084
0-6-0;Baseline;/filestore/benchmark_test.go/BenchmarkFilestore;339137200;45953776;830089
0-6-0;Baseline;/filestore/benchmark_test.go/BenchmarkFilestore;3034315;431224;8039
0-6-0;Baseline;/filestore/benchmark_test.go/BenchmarkFilestore;30449610;4275630;80284
0-6-0;Baseline;/filestore/benchmark_test.go/BenchmarkFilestore;325145180;43516720;808068
0-6-0;Baseline;/filestore/benchmark_test.go/BenchmarkFilestore;3110708;451688;8219
0-6-0;Baseline;/filestore/benchmark_test.go/BenchmarkFilestore;31273574;4480478;82084
0-6-0;Baseline;/filestore/benchmark_test.go/BenchmarkFilestore;336733950;45953728;830089
0-6-0;Baseline;/filestore/benchmark_test.go/BenchmarkFilestore;420806;462495;8046
0-6-0;Baseline;/filestore/benchmark_test.go/BenchmarkFilestore;4374851;4628052;80721
0-6-0;Baseline;/filestore/benchmark_test.go/BenchmarkFilestore;58951130;46764558;807656
0-6-0;Baseline;/filestore/benchmark_test.go/BenchmarkFilestore;408287;442897;8137
0-6-0;Baseline;/filestore/benchmark_test.go/BenchmarkFilestore;4164318;4329153;80538
0-6-0;Baseline;/filestore/benchmark_test.go/BenchmarkFilestore;53025824;43797014;807453
0-6-0;Baseline;/filestore/benchmark_test.go/BenchmarkFilestore;422490;468513;8119
0-6-0;Baseline;/filestore/benchmark_test.go/BenchmarkFilestore;4349781;4589958;80446
0-6-0;Baseline;/filestore/benchmark_test.go/BenchmarkFilestore;59133376;46807612;808628
0-6-0;Baseline;/filestore/benchmark_test.go/BenchmarkFilestore;415574;451644;8219
0-6-0;Baseline;/filestore/benchmark_test.go/BenchmarkFilestore;4259420;4475355;82033
0-6-0;Baseline;/filestore/benchmark_test.go/BenchmarkFilestore;53508416;45119402;821541
0-6-0;Baseline;/filestore/benchmark_test.go/BenchmarkFilestore;404534;431148;8039
0-6-0;Baseline;/filestore/benchmark_test.go/BenchmarkFilestore;4113252;4270605;80233
0-6-0;Baseline;/filestore/benchmark_test.go/BenchmarkFilestore;52195224;43071695;803541
0-6-0;Baseline;/filestore/benchmark_test.go/BenchmarkFilestore;415779;451597;8219
0-6-0;Baseline;/filestore/benchmark_test.go/BenchmarkFilestore;4242651;4475434;82033
0-6-0;Baseline;/filestore/benchmark_test.go/BenchmarkFilestore;53253656;45119551;821541
0-6-0;Baseline;/filestore/benchmark_test.go/BenchmarkFilestore;3139112;473464;8075
0-6-0;Baseline;/filestore/benchmark_test.go/BenchmarkFilestore;31800806;4701831;80619
0-6-0;Baseline;/filestore/benchmark_test.go/BenchmarkFilestore;344208160;48803277;816943
0-6-0;Baseline;/filestore/benchmark_test.go/BenchmarkFilestore;424829;466980;8065
0-6-0;Baseline;/filestore/benchmark_test.go/BenchmarkFilestore;4355504;4726276;80669
0-6-0;Baseline;/filestore/benchmark_test.go/BenchmarkFilestore;54875876;47997587;808600
0-6-0;Baseline;/filestore/benchmark_test.go/BenchmarkFilestore;29875;4214;76
0-6-0;Baseline;/filestore/benchmark_test.go/BenchmarkFilestore;7290;4214;76
0-6-0;Baseline;/filestore/benchmark_test.go/BenchmarkFilestore;14079;1269;16
0-6-0;Baseline;/filestore/benchmark_test.go/BenchmarkFilestore;3057;2961;18
0-6-0;Baseline;/filestore/benchmark_test.go/BenchmarkFilestore;43752;4666;54
0-6-0;Baseline;/filestore/benchmark_test.go/BenchmarkFilestore;46478;4668;54
0-6-0;Baseline;/filestore/benchmark_test.go/BenchmarkFilestore;33649;4672;54
0-6-0;Baseline;/filestore/benchmark_test.go/BenchmarkFilestore;35877;4673;54
0-6-0;Baseline;/filestore/benchmark_test.go/BenchmarkFilestore;33549;4669;54
0-6-0;Baseline;/filestore/benchmark_test.go/BenchmarkFilestore;35719;4669;54
0-6-0;Baseline;/filestore/benchmark_test.go/BenchmarkFilestore;5567;463;6
0-6-0;Baseline;/filestore/benchmark_test.go/BenchmarkFilestore;5848;478;3
0-7-0;Baseline;/dummystore/benchmark_test.go/BenchmarkDummystore;1658;128;2
0-7-0;Baseline;/dummystore/benchmark_test.go/BenchmarkDummystore;1336;128;2
0-7-0;Baseline;/dummystore/benchmark_test.go/BenchmarkDummystore;65847;7492;19
0-7-0;Baseline;/dummystore/benchmark_test.go/BenchmarkDummystore;1066430;101900;47
0-7-0;Baseline;/dummystore/benchmark_test.go/BenchmarkDummystore;15387405;1062479;235
0-7-0;Baseline;/dummystore/benchmark_test.go/BenchmarkDummystore;3164;280;6
0-7-0;Baseline;/dummystore/benchmark_test.go/BenchmarkDummystore;52449;2072;9
0-7-0;Baseline;/dummystore/benchmark_test.go/BenchmarkDummystore;869935;16408;12
0-7-0;Baseline;/dummystore/benchmark_test.go/BenchmarkDummystore;66102;7497;19
0-7-0;Baseline;/dummystore/benchmark_test.go/BenchmarkDummystore;1067947;101915;47
0-7-0;Baseline;/dummystore/benchmark_test.go/BenchmarkDummystore;15296479;1062515;236
0-7-0;Baseline;/dummystore/benchmark_test.go/BenchmarkDummystore;73968;24763;213
0-7-0;Baseline;/dummystore/benchmark_test.go/BenchmarkDummystore;936618;278568;2040
0-7-0;Baseline;/dummystore/benchmark_test.go/BenchmarkDummystore;10412261;2604547;20222
0-7-0;Baseline;/dummystore/benchmark_test.go/BenchmarkDummystore;6773;2060;23
0-7-0;Baseline;/dummystore/benchmark_test.go/BenchmarkDummystore;78379;20236;204
0-7-0;Baseline;/dummystore/benchmark_test.go/BenchmarkDummystore;1096459;200204;2006
0-7-0;Baseline;/dummystore/benchmark_test.go/BenchmarkDummystore;74024;24762;213
0-7-0;Baseline;/dummystore/benchmark_test.go/BenchmarkDummystore;937582;278546;2039
0-7-0;Baseline;/dummystore/benchmark_test.go/BenchmarkDummystore;10544824;2604460;20221
0-7-0;Baseline;/dummystore/benchmark_test.go/BenchmarkDummystore;9955;7496;19
0-7-0;Baseline;/dummystore/benchmark_test.go/BenchmarkDummystore;188150;101902;47
0-7-0;Baseline;/dummystore/benchmark_test.go/BenchmarkDummystore;2261284;1062697;237
0-7-0;Baseline;/dummystore/benchmark_test.go/BenchmarkDummystore;534;280;6
0-7-0;Baseline;/dummystore/benchmark_test.go/BenchmarkDummystore;7091;2072;9
0-7-0;Baseline;/dummystore/benchmark_test.go/BenchmarkDummystore;114771;16408;12
0-7-0;Baseline;/dummystore/benchmark_test.go/BenchmarkDummystore;9944;7496;19
0-7-0;Baseline;/dummystore/benchmark_test.go/BenchmarkDummystore;184531;101906;47
0-7-0;Baseline;/dummystore/benchmark_test.go/BenchmarkDummystore;2264341;1062500;235
0-7-0;Baseline;/dummystore/benchmark_test.go/BenchmarkDummystore;17592;24764;213
0-7-0;Baseline;/dummystore/benchmark_test.go/BenchmarkDummystore;236096;278544;2039
0-7-0;Baseline;/dummystore/benchmark_test.go/BenchmarkDummystore;2045070;2604378;20221
0-7-0;Baseline;/dummystore/benchmark_test.go/BenchmarkDummystore;1456;2060;23
0-7-0;Baseline;/dummystore/benchmark_test.go/BenchmarkDummystore;15900;20236;204
0-7-0;Baseline;/dummystore/benchmark_test.go/BenchmarkDummystore;189340;200204;2006
0-7-0;Baseline;/dummystore/benchmark_test.go/BenchmarkDummystore;17161;24764;213
0-7-0;Baseline;/dummystore/benchmark_test.go/BenchmarkDummystore;236261;278526;2039
0-7-0;Baseline;/dummystore/benchmark_test.go/BenchmarkDummystore;2069864;2604386;20221
0-7-0;Baseline;/dummystore/benchmark_test.go/BenchmarkDummystore;23868;1824;2
0-7-0;Baseline;/dummystore/benchmark_test.go/BenchmarkDummystore;335957;16416;2
0-7-0;Baseline;/dummystore/benchmark_test.go/BenchmarkDummystore;4525640;163872;2
0-7-0;Baseline;/dummystore/benchmark_test.go/BenchmarkDummystore;3752;1824;2
0-7-0;Baseline;/dummystore/benchmark_test.go/BenchmarkDummystore;50756;16416;2
0-7-0;Baseline;/dummystore/benchmark_test.go/BenchmarkDummystore;638752;163873;2
0-7-0;Baseline;/dummystore/benchmark_test.go/BenchmarkDummystore;3109;128;2
0-7-0;Baseline;/dummystore/benchmark_test.go/BenchmarkDummystore;131;128;2
0-7-0;Baseline;/dummystore/benchmark_test.go/BenchmarkDummystore;625;101;1
0-7-0;Baseline;/dummystore/benchmark_test.go/BenchmarkDummystore;134;101;1
0-7-0;Baseline;/dummystore/benchmark_test.go/BenchmarkDummystore;2039;439;2
0-7-0;Baseline;/dummystore/benchmark_test.go/BenchmarkDummystore;2161;439;2
0-7-0;Baseline;/dummystore/benchmark_test.go/BenchmarkDummystore;1357;0;0
0-7-0;Baseline;/dummystore/benchmark_test.go/BenchmarkDummystore;1409;0;0
0-7-0;Baseline;/dummystore/benchmark_test.go/BenchmarkDummystore;2415;315;2
0-7-0;Baseline;/dummystore/benchmark_test.go/BenchmarkDummystore;2511;315;2
0-7-0;Baseline;/dummystore/benchmark_test.go/BenchmarkDummystore;1142;301;2
0-7-0;Baseline;/dummystore/benchmark_test.go/BenchmarkDummystore;1165;302;2
0-7-0;Baseline;/filestore/benchmark_test.go/BenchmarkFilestore;32472;4324;78
0-7-0;Baseline;/filestore/benchmark_test.go/BenchmarkFilestore;34821;4329;78
0-7-0;Baseline;/filestore/benchmark_test.go/BenchmarkFilestore;3147452;462540;8127
0-7-0;Baseline;/filestore/benchmark_test.go/BenchmarkFilestore;32037938;4666050;81037
0-7-0;Baseline;/filestore/benchmark_test.go/BenchmarkFilestore;350499650;47739146;817533
0-7-0;Baseline;/filestore/benchmark_test.go/BenchmarkFilestore;3028383;437100;8080
0-7-0;Baseline;/filestore/benchmark_test.go/BenchmarkFilestore;30546676;4350946;80600
0-7-0;Baseline;/filestore/benchmark_test.go/BenchmarkFilestore;325770980;44312729;812046
0-7-0;Baseline;/filestore/benchmark_test.go/BenchmarkFilestore;3117816;460364;8092
0-7-0;Baseline;/filestore/benchmark_test.go/BenchmarkFilestore;31966256;4648770;81033
0-7-0;Baseline;/filestore/benchmark_test.go/BenchmarkFilestore;350921540;47634506;817022
0-7-0;Baseline;/filestore/benchmark_test.go/BenchmarkFilestore;3113747;451704;8219
0-7-0;Baseline;/filestore/benchmark_test.go/BenchmarkFilestore;31278046;4480494;82084
0-7-0;Baseline;/filestore/benchmark_test.go/BenchmarkFilestore;339704320;45953765;830089
0-7-0;Baseline;/filestore/benchmark_test.go/BenchmarkFilestore;3031421;431224;8039
0-7-0;Baseline;/filestore/benchmark_test.go/BenchmarkFilestore;30366092;4275713;80284
0-7-0;Baseline;/filestore/benchmark_test.go/BenchmarkFilestore;324365630;43516944;808068
0-7-0;Baseline;/filestore/benchmark_test.go/BenchmarkFilestore;3117441;451720;8219
0-7-0;Baseline;/filestore/benchmark_test.go/BenchmarkFilestore;31243790;4480606;82084
0-7-0;Baseline;/filestore/benchmark_test.go/BenchmarkFilestore;336032670;45953696;830089
0-7-0;Baseline;/filestore/benchmark_test.go/BenchmarkFilestore;424262;465519;8122
0-7-0;Baseline;/filestore/benchmark_test.go/BenchmarkFilestore;4391365;4619489;81025
0-7-0;Baseline;/filestore/benchmark_test.go/BenchmarkFilestore;58812130;46704815;808034
0-7-0;Baseline;/filestore/benchmark_test.go/BenchmarkFilestore;404508;433586;8060
0-7-0;Baseline;/filestore/benchmark_test.go/BenchmarkFilestore;4166126;4321426;80477
0-7-0;Baseline;/filestore/benchmark_test.go/BenchmarkFilestore;53017696;43781853;806425
0-7-0;Baseline;/filestore/benchmark_test.go/BenchmarkFilestore;423726;474496;8187
0-7-0;Baseline;/filestore/benchmark_test.go/BenchmarkFilestore;4357733;4644881;80794
0-7-0;Baseline;/filestore/benchmark_test.go/BenchmarkFilestore;58981860;46721043;808243
0-7-0;Baseline;/filestore/benchmark_test.go/BenchmarkFilestore;414547;451645;8219
0-7-0;Baseline;/filestore/benchmark_test.go/BenchmarkFilestore;4228652;4475412;82033
0-7-0;Baseline;/filestore/benchmark_test.go/BenchmarkFilestore;53549304;45119479;821541
0-7-0;Baseline;/filestore/benchmark_test.go/BenchmarkFilestore;404571;431147;8039
0-7-0;Baseline;/filestore/benchmark_test.go/BenchmarkFilestore;4107815;4270626;80233
0-7-0;Baseline;/filestore/benchmark_test.go/BenchmarkFilestore;52025256;43071500;803540
0-7-0;Baseline;/filestore/benchmark_test.go/BenchmarkFilestore;415782;451612;8219
0-7-0;Baseline;/filestore/benchmark_test.go/BenchmarkFilestore;4230969;4475435;82033
0-7-0;Baseline;/filestore/benchmark_test.go/BenchmarkFilestore;53377570;45119384;821541
0-7-0;Baseline;/filestore/benchmark_test.go/BenchmarkFilestore;3138921;468898;8080
0-7-0;Baseline;/filestore/benchmark_test.go/BenchmarkFilestore;31863492;4733272;80640
0-7-0;Baseline;/filestore/benchmark_test.go/BenchmarkFilestore;344715840;48741965;817733
0-7-0;Baseline;/filestore/benchmark_test.go/BenchmarkFilestore;428259;481795;8187
0-7-0;Baseline;/filestore/benchmark_test.go/BenchmarkFilestore;4357570;4714252;80757
0-7-0;Baseline;/filestore/benchmark_test.go/BenchmarkFilestore;55035336;47924091;808367
0-7-0;Baseline;/filestore/benchmark_test.go/BenchmarkFilestore;29933;4213;76
0-7-0;Baseline;/filestore/benchmark_test.go/BenchmarkFilestore;7302;4215;76
0-7-0;Baseline;/filestore/benchmark_test.go/BenchmarkFilestore;14139;1281;16
0-7-0;Baseline;/filestore/benchmark_test.go/BenchmarkFilestore;3067;3015;18
0-7-0;Baseline;/filestore/benchmark_test.go/BenchmarkFilestore;43927;4673;54
0-7-0;Baseline;/filestore/benchmark_test.go/BenchmarkFilestore;46625;4664;54
0-7-0;Baseline;/filestore/benchmark_test.go/BenchmarkFilestore;33537;4665;54
0-7-0;Baseline;/filestore/benchmark_test.go/BenchmarkFilestore;35564;4670;54
0-7-0;Baseline;/filestore/benchmark_test.go/BenchmarkFilestore;33359;4671;54
0-7-0;Baseline;/filestore/benchmark_test.go/BenchmarkFilestore;35545;4667;54
0-7-0;Baseline;/filestore/benchmark_test.go/BenchmarkFilestore;5503;464;6
0-7-0;Baseline;/filestore/benchmark_test.go/BenchmarkFilestore;5833;477;3
0-8-0;Baseline;/dummystore/benchmark_test.go/BenchmarkDummystore;1302;128;2
0-8-0;Baseline;/dummystore/benchmark_test.go/BenchmarkDummystore;1334;128;2
0-8-0;Baseline;/dummystore/benchmark_test.go/BenchmarkDummystore;66321;7498;19
0-8-0;Baseline;/dummystore/benchmark_test.go/BenchmarkDummystore;1073638;101930;47
0-8-0;Baseline;/dummystore/benchmark_test.go/BenchmarkDummystore;15671470;1062542;236
0-8-0;Baseline;/dummystore/benchmark_test.go/BenchmarkDummystore;3146;280;6
0-8-0;Baseline;/dummystore/benchmark_test.go/BenchmarkDummystore;52596;2072;9
0-8-0;Baseline;/dummystore/benchmark_test.go/BenchmarkDummystore;867616;16408;12
0-8-0;Baseline;/dummystore/benchmark_test.go/BenchmarkDummystore;66225;7496;19
0-8-0;Baseline;/dummystore/benchmark_test.go/BenchmarkDummystore;1066748;101892;47
0-8-0;Baseline;/dummystore/benchmark_test.go/BenchmarkDummystore;15417546;1062486;235
0-8-0;Baseline;/dummystore/benchmark_test.go/BenchmarkDummystore;74414;24764;213
0-8-0;Baseline;/dummystore/benchmark_test.go/BenchmarkDummystore;938865;278524;2039
0-8-0;Baseline;/dummystore/benchmark_test.go/BenchmarkDummystore;10203844;2604474;20221
0-8-0;Baseline;/dummystore/benchmark_test.go/BenchmarkDummystore;6859;2060;23
0-8-0;Baseline;/dummystore/benchmark_test.go/BenchmarkDummystore;78243;20236;204
0-8-0;Baseline;/dummystore/benchmark_test.go/BenchmarkDummystore;1090420;200204;2006
0-8-0;Baseline;/dummystore/benchmark_test.go/BenchmarkDummystore;74677;24763;213
0-8-0;Baseline;/dummystore/benchmark_test.go/BenchmarkDummystore;936689;278538;2039
0-8-0;Baseline;/dummystore/benchmark_test.go/BenchmarkDummystore;10226992;2604653;20222
0-8-0;Baseline;/dummystore/benchmark_test.go/BenchmarkDummystore;10059;7496;19
0-8-0;Baseline;/dummystore/benchmark_test.go/BenchmarkDummystore;187261;101922;47
0-8-0;Baseline;/dummystore/benchmark_test.go/BenchmarkDummystore;2269523;1062580;236
0-8-0;Baseline;/dummystore/benchmark_test.go/BenchmarkDummystore;541;280;6
0-8-0;Baseline;/dummystore/benchmark_test.go/BenchmarkDummystore;7072;2072;9
0-8-0;Baseline;/dummystore/benchmark_test.go/BenchmarkDummystore;114376;16408;12
0-8-0;Baseline;/dummystore/benchmark_test.go/BenchmarkDummystore;9997;7497;19
0-8-0;Baseline;/dummystore/benchmark_test.go/BenchmarkDummystore;185648;101914;47
0-8-0;Baseline;/dummystore/benchmark_test.go/BenchmarkDummystore;2244942;1062519;236
0-8-0;Baseline;/dummystore/benchmark_test.go/BenchmarkDummystore;17460;24764;213
0-8-0;Baseline;/dummystore/benchmark_test.go/BenchmarkDummystore;236544;278543;2039
0-8-0;Baseline;/dummystore/benchmark_test.go/BenchmarkDummystore;2053417;2604425;20221
0-8-0;Baseline;/dummystore/benchmark_test.go/BenchmarkDummystore;1445;2060;23
0-8-0;Baseline;/dummystore/benchmark_test.go/BenchmarkDummystore;15857;20236;204
0-8-0;Baseline;/dummystore/benchmark_test.go/BenchmarkDummystore;191547;200204;2006
0-8-0;Baseline;/dummystore/benchmark_test.go/BenchmarkDummystore;16992;24763;213
0-8-0;Baseline;/dummystore/benchmark_test.go/BenchmarkDummystore;236390;278538;2039
0-8-0;Baseline;/dummystore/benchmark_test.go/BenchmarkDummystore;2091634;2604505;20221
0-8-0;Baseline;/dummystore/benchmark_test.go/BenchmarkDummystore;23800;1824;2
0-8-0;Baseline;/dummystore/benchmark_test.go/BenchmarkDummystore;334504;16416;2
0-8-0;Baseline;/dummystore/benchmark_test.go/BenchmarkDummystore;4520230;163872;2
0-8-0;Baseline;/dummystore/benchmark_test.go/BenchmarkDummystore;3720;1824;2
0-8-0;Baseline;/dummystore/benchmark_test.go/BenchmarkDummystore;50518;16416;2
0-8-0;Baseline;/dummystore/benchmark_test.go/BenchmarkDummystore;632436;163873;2
0-8-0;Baseline;/dummystore/benchmark_test.go/BenchmarkDummystore;531;128;2
0-8-0;Baseline;/dummystore/benchmark_test.go/BenchmarkDummystore;131;128;2
0-8-0;Baseline;/dummystore/benchmark_test.go/BenchmarkDummystore;626;101;1
0-8-0;Baseline;/dummystore/benchmark_test.go/BenchmarkDummystore;134;101;1
0-8-0;Baseline;/dummystore/benchmark_test.go/BenchmarkDummystore;2051;439;2
0-8-0;Baseline;/dummystore/benchmark_test.go/BenchmarkDummystore;2166;439;2
0-8-0;Baseline;/dummystore/benchmark_test.go/BenchmarkDummystore;1381;0;0
0-8-0;Baseline;/dummystore/benchmark_test.go/BenchmarkDummystore;1414;0;0
0-8-0;Baseline;/dummystore/benchmark_test.go/BenchmarkDummystore;2393;315;2
0-8-0;Baseline;/dummystore/benchmark_test.go/BenchmarkDummystore;2511;315;2
0-8-0;Baseline;/dummystore/benchmark_test.go/BenchmarkDummystore;1132;301;2
0-8-0;Baseline;/dummystore/benchmark_test.go/BenchmarkDummystore;1196;302;2
