0-0-0;Baseline;math_bench_test.go/BenchmarkMathFloatBigEndian;11.4;0;0
0-0-0;Baseline;math_bench_test.go/BenchmarkMathFloatLittleEndian;9.06;0;0
0-0-0;Baseline;math_bench_test.go/BenchmarkMathIntBigEndian;4.77;0;0
0-0-0;Baseline;math_bench_test.go/BenchmarkMathIntLittleEndian;2.86;0;0
0-0-0;Baseline;math_bench_test.go/BenchmarkMathUintBigEndian;4.77;0;0
0-0-0;Baseline;math_bench_test.go/BenchmarkMathUintLittleEndian;2.87;0;0
0-1-0;Baseline;math_bench_test.go/BenchmarkMathFloatBigEndian;11.1;0;0
0-1-0;Baseline;math_bench_test.go/BenchmarkMathFloatLittleEndian;9.07;0;0
0-1-0;Baseline;math_bench_test.go/BenchmarkMathIntBigEndian;4.77;0;0
0-1-0;Baseline;math_bench_test.go/BenchmarkMathIntLittleEndian;2.86;0;0
0-1-0;Baseline;math_bench_test.go/BenchmarkMathUintBigEndian;4.77;0;0
0-1-0;Baseline;math_bench_test.go/BenchmarkMathUintLittleEndian;2.86;0;0
0-2-0;Baseline;math_bench_test.go/BenchmarkMathFloatBigEndian;11.4;0;0
0-2-0;Baseline;math_bench_test.go/BenchmarkMathFloatLittleEndian;9.13;0;0
0-2-0;Baseline;math_bench_test.go/BenchmarkMathIntBigEndian;4.77;0;0
0-2-0;Baseline;math_bench_test.go/BenchmarkMathIntLittleEndian;2.86;0;0
0-2-0;Baseline;math_bench_test.go/BenchmarkMathUintBigEndian;4.77;0;0
0-2-0;Baseline;math_bench_test.go/BenchmarkMathUintLittleEndian;2.86;0;0
0-3-0;Baseline;math_bench_test.go/BenchmarkMathFloatBigEndian;11.4;0;0
0-3-0;Baseline;math_bench_test.go/BenchmarkMathFloatLittleEndian;9.13;0;0
0-3-0;Baseline;math_bench_test.go/BenchmarkMathIntBigEndian;4.77;0;0
0-3-0;Baseline;math_bench_test.go/BenchmarkMathIntLittleEndian;2.86;0;0
0-3-0;Baseline;math_bench_test.go/BenchmarkMathUintBigEndian;4.77;0;0
0-3-0;Baseline;math_bench_test.go/BenchmarkMathUintLittleEndian;2.86;0;0
0-4-0;Baseline;math_bench_test.go/BenchmarkMathFloatBigEndian;11.5;0;0
0-4-0;Baseline;math_bench_test.go/BenchmarkMathFloatLittleEndian;9.13;0;0
0-4-0;Baseline;math_bench_test.go/BenchmarkMathIntBigEndian;4.77;0;0
0-4-0;Baseline;math_bench_test.go/BenchmarkMathIntLittleEndian;2.86;0;0
0-4-0;Baseline;math_bench_test.go/BenchmarkMathUintBigEndian;4.77;0;0
0-4-0;Baseline;math_bench_test.go/BenchmarkMathUintLittleEndian;2.86;0;0
0-5-0;Baseline;math_bench_test.go/BenchmarkMathFloatBigEndian;11.4;0;0
0-5-0;Baseline;math_bench_test.go/BenchmarkMathFloatLittleEndian;9.13;0;0
0-5-0;Baseline;math_bench_test.go/BenchmarkMathIntBigEndian;4.77;0;0
0-5-0;Baseline;math_bench_test.go/BenchmarkMathIntLittleEndian;2.86;0;0
0-5-0;Baseline;math_bench_test.go/BenchmarkMathUintBigEndian;4.77;0;0
0-5-0;Baseline;math_bench_test.go/BenchmarkMathUintLittleEndian;2.86;0;0
0-6-0;Baseline;math_bench_test.go/BenchmarkMathFloatBigEndian;11.4;0;0
0-6-0;Baseline;math_bench_test.go/BenchmarkMathFloatLittleEndian;9.12;0;0
0-6-0;Baseline;math_bench_test.go/BenchmarkMathIntBigEndian;4.77;0;0
0-6-0;Baseline;math_bench_test.go/BenchmarkMathIntLittleEndian;2.86;0;0
0-6-0;Baseline;math_bench_test.go/BenchmarkMathUintBigEndian;4.77;0;0
0-6-0;Baseline;math_bench_test.go/BenchmarkMathUintLittleEndian;2.86;0;0
0-7-0;Baseline;math_bench_test.go/BenchmarkMathFloatBigEndian;11.4;0;0
0-7-0;Baseline;math_bench_test.go/BenchmarkMathFloatLittleEndian;9.11;0;0
0-7-0;Baseline;math_bench_test.go/BenchmarkMathIntBigEndian;4.77;0;0
0-7-0;Baseline;math_bench_test.go/BenchmarkMathIntLittleEndian;2.86;0;0
0-7-0;Baseline;math_bench_test.go/BenchmarkMathUintBigEndian;4.77;0;0
0-7-0;Baseline;math_bench_test.go/BenchmarkMathUintLittleEndian;2.86;0;0
0-8-0;Baseline;math_bench_test.go/BenchmarkMathFloatBigEndian;11;0;0
0-8-0;Baseline;math_bench_test.go/BenchmarkMathFloatLittleEndian;9.1;0;0
0-8-0;Baseline;math_bench_test.go/BenchmarkMathIntBigEndian;4.77;0;0
0-8-0;Baseline;math_bench_test.go/BenchmarkMathIntLittleEndian;2.86;0;0
0-8-0;Baseline;math_bench_test.go/BenchmarkMathUintBigEndian;4.77;0;0
0-8-0;Baseline;math_bench_test.go/BenchmarkMathUintLittleEndian;2.86;0;0
0-9-0;Baseline;math_bench_test.go/BenchmarkMathFloatBigEndian;11.4;0;0
0-9-0;Baseline;math_bench_test.go/BenchmarkMathFloatLittleEndian;9.13;0;0
0-9-0;Baseline;math_bench_test.go/BenchmarkMathIntBigEndian;4.77;0;0
0-9-0;Baseline;math_bench_test.go/BenchmarkMathIntLittleEndian;2.86;0;0
0-9-0;Baseline;math_bench_test.go/BenchmarkMathUintBigEndian;4.77;0;0
0-9-0;Baseline;math_bench_test.go/BenchmarkMathUintLittleEndian;2.86;0;0
0-10-0;Baseline;math_bench_test.go/BenchmarkMathFloatBigEndian;11.4;0;0
0-10-0;Baseline;math_bench_test.go/BenchmarkMathFloatLittleEndian;9.08;0;0
0-10-0;Baseline;math_bench_test.go/BenchmarkMathIntBigEndian;4.77;0;0
0-10-0;Baseline;math_bench_test.go/BenchmarkMathIntLittleEndian;2.86;0;0
0-10-0;Baseline;math_bench_test.go/BenchmarkMathUintBigEndian;4.77;0;0
0-10-0;Baseline;math_bench_test.go/BenchmarkMathUintLittleEndian;2.86;0;0
0-11-0;Baseline;math_bench_test.go/BenchmarkMathFloatBigEndian;11;0;0
0-11-0;Baseline;math_bench_test.go/BenchmarkMathFloatLittleEndian;9.07;0;0
0-11-0;Baseline;math_bench_test.go/BenchmarkMathIntBigEndian;4.77;0;0
0-11-0;Baseline;math_bench_test.go/BenchmarkMathIntLittleEndian;2.86;0;0
0-11-0;Baseline;math_bench_test.go/BenchmarkMathUintBigEndian;4.77;0;0
0-11-0;Baseline;math_bench_test.go/BenchmarkMathUintLittleEndian;2.86;0;0
0-12-0;Baseline;math_bench_test.go/BenchmarkMathFloatBigEndian;11.5;0;0
0-12-0;Baseline;math_bench_test.go/BenchmarkMathFloatLittleEndian;9.13;0;0
0-12-0;Baseline;math_bench_test.go/BenchmarkMathIntBigEndian;4.77;0;0
0-12-0;Baseline;math_bench_test.go/BenchmarkMathIntLittleEndian;2.86;0;0
0-12-0;Baseline;math_bench_test.go/BenchmarkMathUintBigEndian;4.77;0;0
0-12-0;Baseline;math_bench_test.go/BenchmarkMathUintLittleEndian;2.86;0;0
0-13-0;Baseline;math_bench_test.go/BenchmarkMathFloatBigEndian;11.5;0;0
0-13-0;Baseline;math_bench_test.go/BenchmarkMathFloatLittleEndian;9.07;0;0
0-13-0;Baseline;math_bench_test.go/BenchmarkMathIntBigEndian;4.77;0;0
0-13-0;Baseline;math_bench_test.go/BenchmarkMathIntLittleEndian;2.86;0;0
0-13-0;Baseline;math_bench_test.go/BenchmarkMathUintBigEndian;4.77;0;0
0-13-0;Baseline;math_bench_test.go/BenchmarkMathUintLittleEndian;2.86;0;0
0-14-0;Baseline;math_bench_test.go/BenchmarkMathFloatBigEndian;11.1;0;0
0-14-0;Baseline;math_bench_test.go/BenchmarkMathFloatLittleEndian;9.13;0;0
0-14-0;Baseline;math_bench_test.go/BenchmarkMathIntBigEndian;4.77;0;0
0-14-0;Baseline;math_bench_test.go/BenchmarkMathIntLittleEndian;2.86;0;0
0-14-0;Baseline;math_bench_test.go/BenchmarkMathUintBigEndian;4.77;0;0
0-14-0;Baseline;math_bench_test.go/BenchmarkMathUintLittleEndian;2.86;0;0
0-15-0;Baseline;math_bench_test.go/BenchmarkMathFloatBigEndian;11.4;0;0
0-15-0;Baseline;math_bench_test.go/BenchmarkMathFloatLittleEndian;9.13;0;0
0-15-0;Baseline;math_bench_test.go/BenchmarkMathIntBigEndian;4.77;0;0
0-15-0;Baseline;math_bench_test.go/BenchmarkMathIntLittleEndian;2.86;0;0
0-15-0;Baseline;math_bench_test.go/BenchmarkMathUintBigEndian;4.77;0;0
0-15-0;Baseline;math_bench_test.go/BenchmarkMathUintLittleEndian;2.86;0;0
0-16-0;Baseline;math_bench_test.go/BenchmarkMathFloatBigEndian;11.4;0;0
0-16-0;Baseline;math_bench_test.go/BenchmarkMathFloatLittleEndian;9.07;0;0
0-16-0;Baseline;math_bench_test.go/BenchmarkMathIntBigEndian;4.77;0;0
0-16-0;Baseline;math_bench_test.go/BenchmarkMathIntLittleEndian;2.86;0;0
0-16-0;Baseline;math_bench_test.go/BenchmarkMathUintBigEndian;4.77;0;0
0-16-0;Baseline;math_bench_test.go/BenchmarkMathUintLittleEndian;2.86;0;0
0-17-0;Baseline;math_bench_test.go/BenchmarkMathFloatBigEndian;11.4;0;0
0-17-0;Baseline;math_bench_test.go/BenchmarkMathFloatLittleEndian;9.1;0;0
0-17-0;Baseline;math_bench_test.go/BenchmarkMathIntBigEndian;4.77;0;0
0-17-0;Baseline;math_bench_test.go/BenchmarkMathIntLittleEndian;2.86;0;0
0-17-0;Baseline;math_bench_test.go/BenchmarkMathUintBigEndian;4.77;0;0
0-17-0;Baseline;math_bench_test.go/BenchmarkMathUintLittleEndian;2.86;0;0
0-18-0;Baseline;math_bench_test.go/BenchmarkMathFloatBigEndian;11.1;0;0
0-18-0;Baseline;math_bench_test.go/BenchmarkMathFloatLittleEndian;9.12;0;0
0-18-0;Baseline;math_bench_test.go/BenchmarkMathIntBigEndian;4.77;0;0
0-18-0;Baseline;math_bench_test.go/BenchmarkMathIntLittleEndian;2.86;0;0
0-18-0;Baseline;math_bench_test.go/BenchmarkMathUintBigEndian;4.77;0;0
0-18-0;Baseline;math_bench_test.go/BenchmarkMathUintLittleEndian;2.86;0;0
0-19-0;Baseline;math_bench_test.go/BenchmarkMathFloatBigEndian;11.5;0;0
0-19-0;Baseline;math_bench_test.go/BenchmarkMathFloatLittleEndian;9.07;0;0
0-19-0;Baseline;math_bench_test.go/BenchmarkMathIntBigEndian;4.77;0;0
0-19-0;Baseline;math_bench_test.go/BenchmarkMathIntLittleEndian;2.86;0;0
0-19-0;Baseline;math_bench_test.go/BenchmarkMathUintBigEndian;4.77;0;0
0-19-0;Baseline;math_bench_test.go/BenchmarkMathUintLittleEndian;2.86;0;0
0-20-0;Baseline;math_bench_test.go/BenchmarkMathFloatBigEndian;11.4;0;0
0-20-0;Baseline;math_bench_test.go/BenchmarkMathFloatLittleEndian;9.07;0;0
0-20-0;Baseline;math_bench_test.go/BenchmarkMathIntBigEndian;4.77;0;0
0-20-0;Baseline;math_bench_test.go/BenchmarkMathIntLittleEndian;2.86;0;0
0-20-0;Baseline;math_bench_test.go/BenchmarkMathUintBigEndian;4.77;0;0
0-20-0;Baseline;math_bench_test.go/BenchmarkMathUintLittleEndian;2.86;0;0
0-21-0;Baseline;math_bench_test.go/BenchmarkMathFloatBigEndian;11.1;0;0
0-21-0;Baseline;math_bench_test.go/BenchmarkMathFloatLittleEndian;9.07;0;0
0-21-0;Baseline;math_bench_test.go/BenchmarkMathIntBigEndian;4.77;0;0
0-21-0;Baseline;math_bench_test.go/BenchmarkMathIntLittleEndian;2.86;0;0
0-21-0;Baseline;math_bench_test.go/BenchmarkMathUintBigEndian;4.77;0;0
0-21-0;Baseline;math_bench_test.go/BenchmarkMathUintLittleEndian;2.86;0;0
0-22-0;Baseline;math_bench_test.go/BenchmarkMathFloatBigEndian;11.5;0;0
0-22-0;Baseline;math_bench_test.go/BenchmarkMathFloatLittleEndian;9.06;0;0
0-22-0;Baseline;math_bench_test.go/BenchmarkMathIntBigEndian;4.77;0;0
0-22-0;Baseline;math_bench_test.go/BenchmarkMathIntLittleEndian;2.86;0;0
0-22-0;Baseline;math_bench_test.go/BenchmarkMathUintBigEndian;4.77;0;0
0-22-0;Baseline;math_bench_test.go/BenchmarkMathUintLittleEndian;2.86;0;0
0-23-0;Baseline;math_bench_test.go/BenchmarkMathFloatBigEndian;11.5;0;0
0-23-0;Baseline;math_bench_test.go/BenchmarkMathFloatLittleEndian;9.08;0;0
0-23-0;Baseline;math_bench_test.go/BenchmarkMathIntBigEndian;4.77;0;0
0-23-0;Baseline;math_bench_test.go/BenchmarkMathIntLittleEndian;2.86;0;0
0-23-0;Baseline;math_bench_test.go/BenchmarkMathUintBigEndian;4.77;0;0
0-23-0;Baseline;math_bench_test.go/BenchmarkMathUintLittleEndian;2.86;0;0
0-24-0;Baseline;math_bench_test.go/BenchmarkMathFloatBigEndian;11.4;0;0
0-24-0;Baseline;math_bench_test.go/BenchmarkMathFloatLittleEndian;9.07;0;0
0-24-0;Baseline;math_bench_test.go/BenchmarkMathIntBigEndian;4.77;0;0
0-24-0;Baseline;math_bench_test.go/BenchmarkMathIntLittleEndian;2.86;0;0
0-24-0;Baseline;math_bench_test.go/BenchmarkMathUintBigEndian;4.77;0;0
0-24-0;Baseline;math_bench_test.go/BenchmarkMathUintLittleEndian;2.86;0;0
0-25-0;Baseline;math_bench_test.go/BenchmarkMathFloatBigEndian;11.5;0;0
0-25-0;Baseline;math_bench_test.go/BenchmarkMathFloatLittleEndian;9.06;0;0
0-25-0;Baseline;math_bench_test.go/BenchmarkMathIntBigEndian;4.77;0;0
0-25-0;Baseline;math_bench_test.go/BenchmarkMathIntLittleEndian;2.86;0;0
0-25-0;Baseline;math_bench_test.go/BenchmarkMathUintBigEndian;4.77;0;0
0-25-0;Baseline;math_bench_test.go/BenchmarkMathUintLittleEndian;2.86;0;0
0-26-0;Baseline;math_bench_test.go/BenchmarkMathFloatBigEndian;11.4;0;0
0-26-0;Baseline;math_bench_test.go/BenchmarkMathFloatLittleEndian;9.13;0;0
0-26-0;Baseline;math_bench_test.go/BenchmarkMathIntBigEndian;4.77;0;0
0-26-0;Baseline;math_bench_test.go/BenchmarkMathIntLittleEndian;2.86;0;0
0-26-0;Baseline;math_bench_test.go/BenchmarkMathUintBigEndian;4.77;0;0
0-26-0;Baseline;math_bench_test.go/BenchmarkMathUintLittleEndian;2.86;0;0
0-27-0;Baseline;math_bench_test.go/BenchmarkMathFloatBigEndian;11.1;0;0
0-27-0;Baseline;math_bench_test.go/BenchmarkMathFloatLittleEndian;9.07;0;0
0-27-0;Baseline;math_bench_test.go/BenchmarkMathIntBigEndian;4.77;0;0
0-27-0;Baseline;math_bench_test.go/BenchmarkMathIntLittleEndian;2.86;0;0
0-27-0;Baseline;math_bench_test.go/BenchmarkMathUintBigEndian;4.77;0;0
0-27-0;Baseline;math_bench_test.go/BenchmarkMathUintLittleEndian;2.86;0;0
0-28-0;Baseline;math_bench_test.go/BenchmarkMathFloatBigEndian;11.4;0;0
0-28-0;Baseline;math_bench_test.go/BenchmarkMathFloatLittleEndian;9.12;0;0
0-28-0;Baseline;math_bench_test.go/BenchmarkMathIntBigEndian;4.77;0;0
0-28-0;Baseline;math_bench_test.go/BenchmarkMathIntLittleEndian;2.86;0;0
0-28-0;Baseline;math_bench_test.go/BenchmarkMathUintBigEndian;4.77;0;0
0-28-0;Baseline;math_bench_test.go/BenchmarkMathUintLittleEndian;2.86;0;0
0-29-0;Baseline;math_bench_test.go/BenchmarkMathFloatBigEndian;11.5;0;0
0-29-0;Baseline;math_bench_test.go/BenchmarkMathFloatLittleEndian;9.06;0;0
0-29-0;Baseline;math_bench_test.go/BenchmarkMathIntBigEndian;4.77;0;0
0-29-0;Baseline;math_bench_test.go/BenchmarkMathIntLittleEndian;2.86;0;0
0-29-0;Baseline;math_bench_test.go/BenchmarkMathUintBigEndian;4.77;0;0
0-29-0;Baseline;math_bench_test.go/BenchmarkMathUintLittleEndian;2.86;0;0
0-30-0;Baseline;math_bench_test.go/BenchmarkMathFloatBigEndian;11.4;0;0
0-30-0;Baseline;math_bench_test.go/BenchmarkMathFloatLittleEndian;9.07;0;0
0-30-0;Baseline;math_bench_test.go/BenchmarkMathIntBigEndian;4.77;0;0
0-30-0;Baseline;math_bench_test.go/BenchmarkMathIntLittleEndian;2.86;0;0
0-30-0;Baseline;math_bench_test.go/BenchmarkMathUintBigEndian;4.77;0;0
0-30-0;Baseline;math_bench_test.go/BenchmarkMathUintLittleEndian;2.86;0;0
0-31-0;Baseline;math_bench_test.go/BenchmarkMathFloatBigEndian;11.4;0;0
0-31-0;Baseline;math_bench_test.go/BenchmarkMathFloatLittleEndian;9.13;0;0
0-31-0;Baseline;math_bench_test.go/BenchmarkMathIntBigEndian;4.77;0;0
0-31-0;Baseline;math_bench_test.go/BenchmarkMathIntLittleEndian;2.86;0;0
0-31-0;Baseline;math_bench_test.go/BenchmarkMathUintBigEndian;4.77;0;0
0-31-0;Baseline;math_bench_test.go/BenchmarkMathUintLittleEndian;2.86;0;0
0-32-0;Baseline;math_bench_test.go/BenchmarkMathFloatBigEndian;11.5;0;0
0-32-0;Baseline;math_bench_test.go/BenchmarkMathFloatLittleEndian;9.07;0;0
0-32-0;Baseline;math_bench_test.go/BenchmarkMathIntBigEndian;4.77;0;0
0-32-0;Baseline;math_bench_test.go/BenchmarkMathIntLittleEndian;2.86;0;0
0-32-0;Baseline;math_bench_test.go/BenchmarkMathUintBigEndian;4.77;0;0
0-32-0;Baseline;math_bench_test.go/BenchmarkMathUintLittleEndian;2.86;0;0
0-33-0;Baseline;math_bench_test.go/BenchmarkMathFloatBigEndian;11.1;0;0
0-33-0;Baseline;math_bench_test.go/BenchmarkMathFloatLittleEndian;9.07;0;0
0-33-0;Baseline;math_bench_test.go/BenchmarkMathIntBigEndian;4.77;0;0
0-33-0;Baseline;math_bench_test.go/BenchmarkMathIntLittleEndian;2.86;0;0
0-33-0;Baseline;math_bench_test.go/BenchmarkMathUintBigEndian;4.77;0;0
0-33-0;Baseline;math_bench_test.go/BenchmarkMathUintLittleEndian;2.86;0;0
0-34-0;Baseline;math_bench_test.go/BenchmarkMathFloatBigEndian;11.4;0;0
0-34-0;Baseline;math_bench_test.go/BenchmarkMathFloatLittleEndian;9.12;0;0
0-34-0;Baseline;math_bench_test.go/BenchmarkMathIntBigEndian;4.77;0;0
0-34-0;Baseline;math_bench_test.go/BenchmarkMathIntLittleEndian;2.86;0;0
0-34-0;Baseline;math_bench_test.go/BenchmarkMathUintBigEndian;4.77;0;0
0-34-0;Baseline;math_bench_test.go/BenchmarkMathUintLittleEndian;2.86;0;0
0-35-0;Baseline;math_bench_test.go/BenchmarkMathFloatBigEndian;11.1;0;0
0-35-0;Baseline;math_bench_test.go/BenchmarkMathFloatLittleEndian;9.13;0;0
0-35-0;Baseline;math_bench_test.go/BenchmarkMathIntBigEndian;4.77;0;0
0-35-0;Baseline;math_bench_test.go/BenchmarkMathIntLittleEndian;2.86;0;0
0-35-0;Baseline;math_bench_test.go/BenchmarkMathUintBigEndian;4.77;0;0
0-35-0;Baseline;math_bench_test.go/BenchmarkMathUintLittleEndian;2.86;0;0
0-36-0;Baseline;math_bench_test.go/BenchmarkMathFloatBigEndian;11.5;0;0
0-36-0;Baseline;math_bench_test.go/BenchmarkMathFloatLittleEndian;9.11;0;0
0-36-0;Baseline;math_bench_test.go/BenchmarkMathIntBigEndian;4.77;0;0
0-36-0;Baseline;math_bench_test.go/BenchmarkMathIntLittleEndian;2.86;0;0
0-36-0;Baseline;math_bench_test.go/BenchmarkMathUintBigEndian;4.77;0;0
0-36-0;Baseline;math_bench_test.go/BenchmarkMathUintLittleEndian;2.86;0;0
0-37-0;Baseline;math_bench_test.go/BenchmarkMathFloatBigEndian;11.5;0;0
0-37-0;Baseline;math_bench_test.go/BenchmarkMathFloatLittleEndian;9.07;0;0
0-37-0;Baseline;math_bench_test.go/BenchmarkMathIntBigEndian;4.77;0;0
0-37-0;Baseline;math_bench_test.go/BenchmarkMathIntLittleEndian;2.86;0;0
0-37-0;Baseline;math_bench_test.go/BenchmarkMathUintBigEndian;4.77;0;0
0-37-0;Baseline;math_bench_test.go/BenchmarkMathUintLittleEndian;2.86;0;0
0-38-0;Baseline;math_bench_test.go/BenchmarkMathFloatBigEndian;11.5;0;0
0-38-0;Baseline;math_bench_test.go/BenchmarkMathFloatLittleEndian;9.06;0;0
0-38-0;Baseline;math_bench_test.go/BenchmarkMathIntBigEndian;4.77;0;0
0-38-0;Baseline;math_bench_test.go/BenchmarkMathIntLittleEndian;2.86;0;0
0-38-0;Baseline;math_bench_test.go/BenchmarkMathUintBigEndian;4.77;0;0
0-38-0;Baseline;math_bench_test.go/BenchmarkMathUintLittleEndian;2.86;0;0
0-39-0;Baseline;math_bench_test.go/BenchmarkMathFloatBigEndian;11.4;0;0
0-39-0;Baseline;math_bench_test.go/BenchmarkMathFloatLittleEndian;9.08;0;0
0-39-0;Baseline;math_bench_test.go/BenchmarkMathIntBigEndian;4.77;0;0
0-39-0;Baseline;math_bench_test.go/BenchmarkMathIntLittleEndian;2.86;0;0
0-39-0;Baseline;math_bench_test.go/BenchmarkMathUintBigEndian;4.77;0;0
0-39-0;Baseline;math_bench_test.go/BenchmarkMathUintLittleEndian;2.86;0;0
0-40-0;Baseline;math_bench_test.go/BenchmarkMathFloatBigEndian;11.4;0;0
0-40-0;Baseline;math_bench_test.go/BenchmarkMathFloatLittleEndian;9.08;0;0
0-40-0;Baseline;math_bench_test.go/BenchmarkMathIntBigEndian;4.77;0;0
0-40-0;Baseline;math_bench_test.go/BenchmarkMathIntLittleEndian;2.86;0;0
0-40-0;Baseline;math_bench_test.go/BenchmarkMathUintBigEndian;4.77;0;0
0-40-0;Baseline;math_bench_test.go/BenchmarkMathUintLittleEndian;2.86;0;0
0-41-0;Baseline;math_bench_test.go/BenchmarkMathFloatBigEndian;11.4;0;0
0-41-0;Baseline;math_bench_test.go/BenchmarkMathFloatLittleEndian;9.07;0;0
0-41-0;Baseline;math_bench_test.go/BenchmarkMathIntBigEndian;4.77;0;0
0-41-0;Baseline;math_bench_test.go/BenchmarkMathIntLittleEndian;2.86;0;0
0-41-0;Baseline;math_bench_test.go/BenchmarkMathUintBigEndian;4.77;0;0
0-41-0;Baseline;math_bench_test.go/BenchmarkMathUintLittleEndian;2.86;0;0
0-42-0;Baseline;math_bench_test.go/BenchmarkMathFloatBigEndian;11.4;0;0
0-42-0;Baseline;math_bench_test.go/BenchmarkMathFloatLittleEndian;9.07;0;0
0-42-0;Baseline;math_bench_test.go/BenchmarkMathIntBigEndian;4.77;0;0
0-42-0;Baseline;math_bench_test.go/BenchmarkMathIntLittleEndian;2.86;0;0
0-42-0;Baseline;math_bench_test.go/BenchmarkMathUintBigEndian;4.77;0;0
0-42-0;Baseline;math_bench_test.go/BenchmarkMathUintLittleEndian;2.86;0;0
0-43-0;Baseline;math_bench_test.go/BenchmarkMathFloatBigEndian;11.4;0;0
0-43-0;Baseline;math_bench_test.go/BenchmarkMathFloatLittleEndian;9.06;0;0
0-43-0;Baseline;math_bench_test.go/BenchmarkMathIntBigEndian;4.77;0;0
0-43-0;Baseline;math_bench_test.go/BenchmarkMathIntLittleEndian;2.86;0;0
0-43-0;Baseline;math_bench_test.go/BenchmarkMathUintBigEndian;4.77;0;0
0-43-0;Baseline;math_bench_test.go/BenchmarkMathUintLittleEndian;2.86;0;0
0-44-0;Baseline;math_bench_test.go/BenchmarkMathFloatBigEndian;11.4;0;0
0-44-0;Baseline;math_bench_test.go/BenchmarkMathFloatLittleEndian;9.12;0;0
0-44-0;Baseline;math_bench_test.go/BenchmarkMathIntBigEndian;4.77;0;0
0-44-0;Baseline;math_bench_test.go/BenchmarkMathIntLittleEndian;2.86;0;0
0-44-0;Baseline;math_bench_test.go/BenchmarkMathUintBigEndian;4.77;0;0
0-44-0;Baseline;math_bench_test.go/BenchmarkMathUintLittleEndian;2.86;0;0
0-45-0;Baseline;math_bench_test.go/BenchmarkMathFloatBigEndian;11.3;0;0
0-45-0;Baseline;math_bench_test.go/BenchmarkMathFloatLittleEndian;9.07;0;0
0-45-0;Baseline;math_bench_test.go/BenchmarkMathIntBigEndian;4.77;0;0
0-45-0;Baseline;math_bench_test.go/BenchmarkMathIntLittleEndian;2.86;0;0
0-45-0;Baseline;math_bench_test.go/BenchmarkMathUintBigEndian;4.77;0;0
0-45-0;Baseline;math_bench_test.go/BenchmarkMathUintLittleEndian;2.86;0;0
0-46-0;Baseline;math_bench_test.go/BenchmarkMathFloatBigEndian;11.5;0;0
0-46-0;Baseline;math_bench_test.go/BenchmarkMathFloatLittleEndian;9.13;0;0
0-46-0;Baseline;math_bench_test.go/BenchmarkMathIntBigEndian;4.77;0;0
0-46-0;Baseline;math_bench_test.go/BenchmarkMathIntLittleEndian;2.86;0;0
0-46-0;Baseline;math_bench_test.go/BenchmarkMathUintBigEndian;4.77;0;0
0-46-0;Baseline;math_bench_test.go/BenchmarkMathUintLittleEndian;2.86;0;0
0-47-0;Baseline;math_bench_test.go/BenchmarkMathFloatBigEndian;11.5;0;0
0-47-0;Baseline;math_bench_test.go/BenchmarkMathFloatLittleEndian;9.07;0;0
0-47-0;Baseline;math_bench_test.go/BenchmarkMathIntBigEndian;4.77;0;0
0-47-0;Baseline;math_bench_test.go/BenchmarkMathIntLittleEndian;2.86;0;0
0-47-0;Baseline;math_bench_test.go/BenchmarkMathUintBigEndian;4.77;0;0
0-47-0;Baseline;math_bench_test.go/BenchmarkMathUintLittleEndian;2.86;0;0
0-48-0;Baseline;math_bench_test.go/BenchmarkMathFloatBigEndian;11.5;0;0
0-48-0;Baseline;math_bench_test.go/BenchmarkMathFloatLittleEndian;9.12;0;0
0-48-0;Baseline;math_bench_test.go/BenchmarkMathIntBigEndian;4.77;0;0
0-48-0;Baseline;math_bench_test.go/BenchmarkMathIntLittleEndian;2.86;0;0
0-48-0;Baseline;math_bench_test.go/BenchmarkMathUintBigEndian;4.77;0;0
0-48-0;Baseline;math_bench_test.go/BenchmarkMathUintLittleEndian;2.86;0;0
0-49-0;Baseline;math_bench_test.go/BenchmarkMathFloatBigEndian;11.5;0;0
0-49-0;Baseline;math_bench_test.go/BenchmarkMathFloatLittleEndian;9.07;0;0
0-49-0;Baseline;math_bench_test.go/BenchmarkMathIntBigEndian;4.77;0;0
0-49-0;Baseline;math_bench_test.go/BenchmarkMathIntLittleEndian;2.86;0;0
0-49-0;Baseline;math_bench_test.go/BenchmarkMathUintBigEndian;4.77;0;0
0-49-0;Baseline;math_bench_test.go/BenchmarkMathUintLittleEndian;2.86;0;0
0-50-0;Baseline;math_bench_test.go/BenchmarkMathFloatBigEndian;11.5;0;0
0-50-0;Baseline;math_bench_test.go/BenchmarkMathFloatLittleEndian;9.07;0;0
0-50-0;Baseline;math_bench_test.go/BenchmarkMathIntBigEndian;4.77;0;0
0-50-0;Baseline;math_bench_test.go/BenchmarkMathIntLittleEndian;2.86;0;0
0-50-0;Baseline;math_bench_test.go/BenchmarkMathUintBigEndian;4.77;0;0
0-50-0;Baseline;math_bench_test.go/BenchmarkMathUintLittleEndian;2.86;0;0
0-51-0;Baseline;math_bench_test.go/BenchmarkMathFloatBigEndian;11.4;0;0
0-51-0;Baseline;math_bench_test.go/BenchmarkMathFloatLittleEndian;9.07;0;0
0-51-0;Baseline;math_bench_test.go/BenchmarkMathIntBigEndian;4.77;0;0
0-51-0;Baseline;math_bench_test.go/BenchmarkMathIntLittleEndian;2.86;0;0
0-51-0;Baseline;math_bench_test.go/BenchmarkMathUintBigEndian;4.77;0;0
0-51-0;Baseline;math_bench_test.go/BenchmarkMathUintLittleEndian;2.86;0;0
0-52-0;Baseline;math_bench_test.go/BenchmarkMathFloatBigEndian;11.5;0;0
0-52-0;Baseline;math_bench_test.go/BenchmarkMathFloatLittleEndian;9.06;0;0
0-52-0;Baseline;math_bench_test.go/BenchmarkMathIntBigEndian;4.77;0;0
0-52-0;Baseline;math_bench_test.go/BenchmarkMathIntLittleEndian;2.86;0;0
0-52-0;Baseline;math_bench_test.go/BenchmarkMathUintBigEndian;4.77;0;0
0-52-0;Baseline;math_bench_test.go/BenchmarkMathUintLittleEndian;2.86;0;0
0-53-0;Baseline;math_bench_test.go/BenchmarkMathFloatBigEndian;11.5;0;0
0-53-0;Baseline;math_bench_test.go/BenchmarkMathFloatLittleEndian;9.07;0;0
0-53-0;Baseline;math_bench_test.go/BenchmarkMathIntBigEndian;4.77;0;0
0-53-0;Baseline;math_bench_test.go/BenchmarkMathIntLittleEndian;2.86;0;0
0-53-0;Baseline;math_bench_test.go/BenchmarkMathUintBigEndian;4.77;0;0
0-53-0;Baseline;math_bench_test.go/BenchmarkMathUintLittleEndian;2.86;0;0
0-54-0;Baseline;math_bench_test.go/BenchmarkMathFloatBigEndian;11.4;0;0
0-54-0;Baseline;math_bench_test.go/BenchmarkMathFloatLittleEndian;9.12;0;0
0-54-0;Baseline;math_bench_test.go/BenchmarkMathIntBigEndian;4.77;0;0
0-54-0;Baseline;math_bench_test.go/BenchmarkMathIntLittleEndian;2.86;0;0
0-54-0;Baseline;math_bench_test.go/BenchmarkMathUintBigEndian;4.77;0;0
0-54-0;Baseline;math_bench_test.go/BenchmarkMathUintLittleEndian;2.86;0;0
0-55-0;Baseline;math_bench_test.go/BenchmarkMathFloatBigEndian;11.5;0;0
0-55-0;Baseline;math_bench_test.go/BenchmarkMathFloatLittleEndian;9.12;0;0
0-55-0;Baseline;math_bench_test.go/BenchmarkMathIntBigEndian;4.77;0;0
0-55-0;Baseline;math_bench_test.go/BenchmarkMathIntLittleEndian;2.86;0;0
0-55-0;Baseline;math_bench_test.go/BenchmarkMathUintBigEndian;4.77;0;0
0-55-0;Baseline;math_bench_test.go/BenchmarkMathUintLittleEndian;2.86;0;0
0-56-0;Baseline;math_bench_test.go/BenchmarkMathFloatBigEndian;11.1;0;0
0-56-0;Baseline;math_bench_test.go/BenchmarkMathFloatLittleEndian;9.06;0;0
0-56-0;Baseline;math_bench_test.go/BenchmarkMathIntBigEndian;4.77;0;0
0-56-0;Baseline;math_bench_test.go/BenchmarkMathIntLittleEndian;2.86;0;0
0-56-0;Baseline;math_bench_test.go/BenchmarkMathUintBigEndian;4.77;0;0
0-56-0;Baseline;math_bench_test.go/BenchmarkMathUintLittleEndian;2.86;0;0
0-57-0;Baseline;math_bench_test.go/BenchmarkMathFloatBigEndian;11.5;0;0
0-57-0;Baseline;math_bench_test.go/BenchmarkMathFloatLittleEndian;9.06;0;0
0-57-0;Baseline;math_bench_test.go/BenchmarkMathIntBigEndian;4.77;0;0
0-57-0;Baseline;math_bench_test.go/BenchmarkMathIntLittleEndian;2.86;0;0
0-57-0;Baseline;math_bench_test.go/BenchmarkMathUintBigEndian;4.77;0;0
0-57-0;Baseline;math_bench_test.go/BenchmarkMathUintLittleEndian;2.86;0;0
0-58-0;Baseline;math_bench_test.go/BenchmarkMathFloatBigEndian;11.5;0;0
0-58-0;Baseline;math_bench_test.go/BenchmarkMathFloatLittleEndian;9.13;0;0
0-58-0;Baseline;math_bench_test.go/BenchmarkMathIntBigEndian;4.77;0;0
0-58-0;Baseline;math_bench_test.go/BenchmarkMathIntLittleEndian;2.86;0;0
0-58-0;Baseline;math_bench_test.go/BenchmarkMathUintBigEndian;4.77;0;0
0-58-0;Baseline;math_bench_test.go/BenchmarkMathUintLittleEndian;2.86;0;0
0-59-0;Baseline;math_bench_test.go/BenchmarkMathFloatBigEndian;11.5;0;0
0-59-0;Baseline;math_bench_test.go/BenchmarkMathFloatLittleEndian;9.08;0;0
0-59-0;Baseline;math_bench_test.go/BenchmarkMathIntBigEndian;4.77;0;0
0-59-0;Baseline;math_bench_test.go/BenchmarkMathIntLittleEndian;2.86;0;0
0-59-0;Baseline;math_bench_test.go/BenchmarkMathUintBigEndian;4.77;0;0
0-59-0;Baseline;math_bench_test.go/BenchmarkMathUintLittleEndian;2.86;0;0
0-60-0;Baseline;math_bench_test.go/BenchmarkMathFloatBigEndian;11.4;0;0
0-60-0;Baseline;math_bench_test.go/BenchmarkMathFloatLittleEndian;9.06;0;0
0-60-0;Baseline;math_bench_test.go/BenchmarkMathIntBigEndian;4.77;0;0
0-60-0;Baseline;math_bench_test.go/BenchmarkMathIntLittleEndian;2.86;0;0
0-60-0;Baseline;math_bench_test.go/BenchmarkMathUintBigEndian;4.77;0;0
0-60-0;Baseline;math_bench_test.go/BenchmarkMathUintLittleEndian;2.86;0;0
0-61-0;Baseline;math_bench_test.go/BenchmarkMathFloatBigEndian;11.5;0;0
0-61-0;Baseline;math_bench_test.go/BenchmarkMathFloatLittleEndian;9.06;0;0
0-61-0;Baseline;math_bench_test.go/BenchmarkMathIntBigEndian;4.77;0;0
0-61-0;Baseline;math_bench_test.go/BenchmarkMathIntLittleEndian;2.86;0;0
0-61-0;Baseline;math_bench_test.go/BenchmarkMathUintBigEndian;4.77;0;0
0-61-0;Baseline;math_bench_test.go/BenchmarkMathUintLittleEndian;2.86;0;0
0-62-0;Baseline;math_bench_test.go/BenchmarkMathFloatBigEndian;11.4;0;0
0-62-0;Baseline;math_bench_test.go/BenchmarkMathFloatLittleEndian;9.07;0;0
0-62-0;Baseline;math_bench_test.go/BenchmarkMathIntBigEndian;4.77;0;0
0-62-0;Baseline;math_bench_test.go/BenchmarkMathIntLittleEndian;2.86;0;0
0-62-0;Baseline;math_bench_test.go/BenchmarkMathUintBigEndian;4.77;0;0
0-62-0;Baseline;math_bench_test.go/BenchmarkMathUintLittleEndian;2.86;0;0
0-63-0;Baseline;math_bench_test.go/BenchmarkMathFloatBigEndian;11.1;0;0
0-63-0;Baseline;math_bench_test.go/BenchmarkMathFloatLittleEndian;9.13;0;0
0-63-0;Baseline;math_bench_test.go/BenchmarkMathIntBigEndian;4.77;0;0
0-63-0;Baseline;math_bench_test.go/BenchmarkMathIntLittleEndian;2.86;0;0
0-63-0;Baseline;math_bench_test.go/BenchmarkMathUintBigEndian;4.77;0;0
0-63-0;Baseline;math_bench_test.go/BenchmarkMathUintLittleEndian;2.86;0;0
0-64-0;Baseline;math_bench_test.go/BenchmarkMathFloatBigEndian;11.1;0;0
0-64-0;Baseline;math_bench_test.go/BenchmarkMathFloatLittleEndian;9.11;0;0
0-64-0;Baseline;math_bench_test.go/BenchmarkMathIntBigEndian;4.77;0;0
0-64-0;Baseline;math_bench_test.go/BenchmarkMathIntLittleEndian;2.86;0;0
0-64-0;Baseline;math_bench_test.go/BenchmarkMathUintBigEndian;4.77;0;0
0-64-0;Baseline;math_bench_test.go/BenchmarkMathUintLittleEndian;2.86;0;0
0-65-0;Baseline;math_bench_test.go/BenchmarkMathFloatBigEndian;11.5;0;0
0-65-0;Baseline;math_bench_test.go/BenchmarkMathFloatLittleEndian;9.06;0;0
0-65-0;Baseline;math_bench_test.go/BenchmarkMathIntBigEndian;4.77;0;0
0-65-0;Baseline;math_bench_test.go/BenchmarkMathIntLittleEndian;2.86;0;0
0-65-0;Baseline;math_bench_test.go/BenchmarkMathUintBigEndian;4.77;0;0
0-65-0;Baseline;math_bench_test.go/BenchmarkMathUintLittleEndian;2.86;0;0
0-66-0;Baseline;math_bench_test.go/BenchmarkMathFloatBigEndian;11;0;0
0-66-0;Baseline;math_bench_test.go/BenchmarkMathFloatLittleEndian;9.06;0;0
0-66-0;Baseline;math_bench_test.go/BenchmarkMathIntBigEndian;4.77;0;0
0-66-0;Baseline;math_bench_test.go/BenchmarkMathIntLittleEndian;2.86;0;0
0-66-0;Baseline;math_bench_test.go/BenchmarkMathUintBigEndian;4.77;0;0
0-66-0;Baseline;math_bench_test.go/BenchmarkMathUintLittleEndian;2.86;0;0
0-67-0;Baseline;math_bench_test.go/BenchmarkMathFloatBigEndian;11.4;0;0
0-67-0;Baseline;math_bench_test.go/BenchmarkMathFloatLittleEndian;9.07;0;0
0-67-0;Baseline;math_bench_test.go/BenchmarkMathIntBigEndian;4.77;0;0
0-67-0;Baseline;math_bench_test.go/BenchmarkMathIntLittleEndian;2.86;0;0
0-67-0;Baseline;math_bench_test.go/BenchmarkMathUintBigEndian;4.77;0;0
0-67-0;Baseline;math_bench_test.go/BenchmarkMathUintLittleEndian;2.86;0;0
0-68-0;Baseline;math_bench_test.go/BenchmarkMathFloatBigEndian;11.1;0;0
0-68-0;Baseline;math_bench_test.go/BenchmarkMathFloatLittleEndian;9.07;0;0
0-68-0;Baseline;math_bench_test.go/BenchmarkMathIntBigEndian;4.77;0;0
0-68-0;Baseline;math_bench_test.go/BenchmarkMathIntLittleEndian;2.86;0;0
0-68-0;Baseline;math_bench_test.go/BenchmarkMathUintBigEndian;4.77;0;0
0-68-0;Baseline;math_bench_test.go/BenchmarkMathUintLittleEndian;2.86;0;0
0-69-0;Baseline;math_bench_test.go/BenchmarkMathFloatBigEndian;11.5;0;0
0-69-0;Baseline;math_bench_test.go/BenchmarkMathFloatLittleEndian;9.08;0;0
0-69-0;Baseline;math_bench_test.go/BenchmarkMathIntBigEndian;4.77;0;0
0-69-0;Baseline;math_bench_test.go/BenchmarkMathIntLittleEndian;2.86;0;0
0-69-0;Baseline;math_bench_test.go/BenchmarkMathUintBigEndian;4.77;0;0
0-69-0;Baseline;math_bench_test.go/BenchmarkMathUintLittleEndian;2.86;0;0
0-70-0;Baseline;math_bench_test.go/BenchmarkMathFloatBigEndian;11.5;0;0
0-70-0;Baseline;math_bench_test.go/BenchmarkMathFloatLittleEndian;9.07;0;0
0-70-0;Baseline;math_bench_test.go/BenchmarkMathIntBigEndian;4.77;0;0
0-70-0;Baseline;math_bench_test.go/BenchmarkMathIntLittleEndian;2.86;0;0
0-70-0;Baseline;math_bench_test.go/BenchmarkMathUintBigEndian;4.77;0;0
0-70-0;Baseline;math_bench_test.go/BenchmarkMathUintLittleEndian;2.86;0;0
0-71-0;Baseline;math_bench_test.go/BenchmarkMathFloatBigEndian;11.4;0;0
0-71-0;Baseline;math_bench_test.go/BenchmarkMathFloatLittleEndian;9.13;0;0
0-71-0;Baseline;math_bench_test.go/BenchmarkMathIntBigEndian;4.77;0;0
0-71-0;Baseline;math_bench_test.go/BenchmarkMathIntLittleEndian;2.86;0;0
0-71-0;Baseline;math_bench_test.go/BenchmarkMathUintBigEndian;4.77;0;0
0-71-0;Baseline;math_bench_test.go/BenchmarkMathUintLittleEndian;2.86;0;0
0-72-0;Baseline;math_bench_test.go/BenchmarkMathFloatBigEndian;11.5;0;0
0-72-0;Baseline;math_bench_test.go/BenchmarkMathFloatLittleEndian;9.07;0;0
0-72-0;Baseline;math_bench_test.go/BenchmarkMathIntBigEndian;4.77;0;0
0-72-0;Baseline;math_bench_test.go/BenchmarkMathIntLittleEndian;2.86;0;0
0-72-0;Baseline;math_bench_test.go/BenchmarkMathUintBigEndian;4.77;0;0
0-72-0;Baseline;math_bench_test.go/BenchmarkMathUintLittleEndian;2.86;0;0
0-73-0;Baseline;math_bench_test.go/BenchmarkMathFloatBigEndian;11;0;0
0-73-0;Baseline;math_bench_test.go/BenchmarkMathFloatLittleEndian;9.07;0;0
0-73-0;Baseline;math_bench_test.go/BenchmarkMathIntBigEndian;4.77;0;0
0-73-0;Baseline;math_bench_test.go/BenchmarkMathIntLittleEndian;2.86;0;0
0-73-0;Baseline;math_bench_test.go/BenchmarkMathUintBigEndian;4.77;0;0
0-73-0;Baseline;math_bench_test.go/BenchmarkMathUintLittleEndian;2.86;0;0
0-74-0;Baseline;math_bench_test.go/BenchmarkMathFloatBigEndian;11.1;0;0
0-74-0;Baseline;math_bench_test.go/BenchmarkMathFloatLittleEndian;9.07;0;0
0-74-0;Baseline;math_bench_test.go/BenchmarkMathIntBigEndian;4.77;0;0
0-74-0;Baseline;math_bench_test.go/BenchmarkMathIntLittleEndian;2.86;0;0
0-74-0;Baseline;math_bench_test.go/BenchmarkMathUintBigEndian;4.77;0;0
0-74-0;Baseline;math_bench_test.go/BenchmarkMathUintLittleEndian;2.86;0;0
0-75-0;Baseline;math_bench_test.go/BenchmarkMathFloatBigEndian;11.4;0;0
0-75-0;Baseline;math_bench_test.go/BenchmarkMathFloatLittleEndian;9.07;0;0
0-75-0;Baseline;math_bench_test.go/BenchmarkMathIntBigEndian;4.77;0;0
0-75-0;Baseline;math_bench_test.go/BenchmarkMathIntLittleEndian;2.86;0;0
0-75-0;Baseline;math_bench_test.go/BenchmarkMathUintBigEndian;4.77;0;0
0-75-0;Baseline;math_bench_test.go/BenchmarkMathUintLittleEndian;2.86;0;0
0-76-0;Baseline;math_bench_test.go/BenchmarkMathFloatBigEndian;11.5;0;0
0-76-0;Baseline;math_bench_test.go/BenchmarkMathFloatLittleEndian;9.07;0;0
0-76-0;Baseline;math_bench_test.go/BenchmarkMathIntBigEndian;4.77;0;0
0-76-0;Baseline;math_bench_test.go/BenchmarkMathIntLittleEndian;2.86;0;0
0-76-0;Baseline;math_bench_test.go/BenchmarkMathUintBigEndian;4.77;0;0
0-76-0;Baseline;math_bench_test.go/BenchmarkMathUintLittleEndian;2.86;0;0
0-77-0;Baseline;math_bench_test.go/BenchmarkMathFloatBigEndian;11.4;0;0
0-77-0;Baseline;math_bench_test.go/BenchmarkMathFloatLittleEndian;9.07;0;0
0-77-0;Baseline;math_bench_test.go/BenchmarkMathIntBigEndian;4.77;0;0
0-77-0;Baseline;math_bench_test.go/BenchmarkMathIntLittleEndian;2.86;0;0
0-77-0;Baseline;math_bench_test.go/BenchmarkMathUintBigEndian;4.77;0;0
0-77-0;Baseline;math_bench_test.go/BenchmarkMathUintLittleEndian;2.86;0;0
0-78-0;Baseline;math_bench_test.go/BenchmarkMathFloatBigEndian;11.4;0;0
0-78-0;Baseline;math_bench_test.go/BenchmarkMathFloatLittleEndian;9.07;0;0
0-78-0;Baseline;math_bench_test.go/BenchmarkMathIntBigEndian;4.77;0;0
0-78-0;Baseline;math_bench_test.go/BenchmarkMathIntLittleEndian;2.86;0;0
0-78-0;Baseline;math_bench_test.go/BenchmarkMathUintBigEndian;4.77;0;0
0-78-0;Baseline;math_bench_test.go/BenchmarkMathUintLittleEndian;2.86;0;0
0-79-0;Baseline;math_bench_test.go/BenchmarkMathFloatBigEndian;11.5;0;0
0-79-0;Baseline;math_bench_test.go/BenchmarkMathFloatLittleEndian;9.13;0;0
0-79-0;Baseline;math_bench_test.go/BenchmarkMathIntBigEndian;4.77;0;0
0-79-0;Baseline;math_bench_test.go/BenchmarkMathIntLittleEndian;2.86;0;0
0-79-0;Baseline;math_bench_test.go/BenchmarkMathUintBigEndian;4.77;0;0
0-79-0;Baseline;math_bench_test.go/BenchmarkMathUintLittleEndian;2.86;0;0
0-80-0;Baseline;math_bench_test.go/BenchmarkMathFloatBigEndian;11.4;0;0
0-80-0;Baseline;math_bench_test.go/BenchmarkMathFloatLittleEndian;9.07;0;0
0-80-0;Baseline;math_bench_test.go/BenchmarkMathIntBigEndian;4.77;0;0
0-80-0;Baseline;math_bench_test.go/BenchmarkMathIntLittleEndian;2.86;0;0
0-80-0;Baseline;math_bench_test.go/BenchmarkMathUintBigEndian;4.77;0;0
0-80-0;Baseline;math_bench_test.go/BenchmarkMathUintLittleEndian;2.86;0;0
0-81-0;Baseline;math_bench_test.go/BenchmarkMathFloatBigEndian;11.4;0;0
0-81-0;Baseline;math_bench_test.go/BenchmarkMathFloatLittleEndian;9.12;0;0
0-81-0;Baseline;math_bench_test.go/BenchmarkMathIntBigEndian;4.77;0;0
0-81-0;Baseline;math_bench_test.go/BenchmarkMathIntLittleEndian;2.86;0;0
0-81-0;Baseline;math_bench_test.go/BenchmarkMathUintBigEndian;4.77;0;0
0-81-0;Baseline;math_bench_test.go/BenchmarkMathUintLittleEndian;2.86;0;0
0-82-0;Baseline;math_bench_test.go/BenchmarkMathFloatBigEndian;11.5;0;0
0-82-0;Baseline;math_bench_test.go/BenchmarkMathFloatLittleEndian;9.07;0;0
0-82-0;Baseline;math_bench_test.go/BenchmarkMathIntBigEndian;4.77;0;0
0-82-0;Baseline;math_bench_test.go/BenchmarkMathIntLittleEndian;2.86;0;0
0-82-0;Baseline;math_bench_test.go/BenchmarkMathUintBigEndian;4.77;0;0
0-82-0;Baseline;math_bench_test.go/BenchmarkMathUintLittleEndian;2.86;0;0
0-83-0;Baseline;math_bench_test.go/BenchmarkMathFloatBigEndian;11.4;0;0
0-83-0;Baseline;math_bench_test.go/BenchmarkMathFloatLittleEndian;9.07;0;0
0-83-0;Baseline;math_bench_test.go/BenchmarkMathIntBigEndian;4.77;0;0
0-83-0;Baseline;math_bench_test.go/BenchmarkMathIntLittleEndian;2.86;0;0
0-83-0;Baseline;math_bench_test.go/BenchmarkMathUintBigEndian;4.77;0;0
0-83-0;Baseline;math_bench_test.go/BenchmarkMathUintLittleEndian;2.86;0;0
0-84-0;Baseline;math_bench_test.go/BenchmarkMathFloatBigEndian;11.5;0;0
0-84-0;Baseline;math_bench_test.go/BenchmarkMathFloatLittleEndian;9.13;0;0
0-84-0;Baseline;math_bench_test.go/BenchmarkMathIntBigEndian;4.77;0;0
0-84-0;Baseline;math_bench_test.go/BenchmarkMathIntLittleEndian;2.86;0;0
0-84-0;Baseline;math_bench_test.go/BenchmarkMathUintBigEndian;4.77;0;0
0-84-0;Baseline;math_bench_test.go/BenchmarkMathUintLittleEndian;2.86;0;0
0-85-0;Baseline;math_bench_test.go/BenchmarkMathFloatBigEndian;11.1;0;0
0-85-0;Baseline;math_bench_test.go/BenchmarkMathFloatLittleEndian;9.07;0;0
0-85-0;Baseline;math_bench_test.go/BenchmarkMathIntBigEndian;4.77;0;0
0-85-0;Baseline;math_bench_test.go/BenchmarkMathIntLittleEndian;2.86;0;0
0-85-0;Baseline;math_bench_test.go/BenchmarkMathUintBigEndian;4.77;0;0
0-85-0;Baseline;math_bench_test.go/BenchmarkMathUintLittleEndian;2.86;0;0
0-86-0;Baseline;math_bench_test.go/BenchmarkMathFloatBigEndian;11.5;0;0
0-86-0;Baseline;math_bench_test.go/BenchmarkMathFloatLittleEndian;9.07;0;0
0-86-0;Baseline;math_bench_test.go/BenchmarkMathIntBigEndian;4.77;0;0
0-86-0;Baseline;math_bench_test.go/BenchmarkMathIntLittleEndian;2.86;0;0
0-86-0;Baseline;math_bench_test.go/BenchmarkMathUintBigEndian;4.77;0;0
0-86-0;Baseline;math_bench_test.go/BenchmarkMathUintLittleEndian;2.86;0;0
0-87-0;Baseline;math_bench_test.go/BenchmarkMathFloatBigEndian;11.5;0;0
0-87-0;Baseline;math_bench_test.go/BenchmarkMathFloatLittleEndian;9.12;0;0
0-87-0;Baseline;math_bench_test.go/BenchmarkMathIntBigEndian;4.77;0;0
0-87-0;Baseline;math_bench_test.go/BenchmarkMathIntLittleEndian;2.86;0;0
0-87-0;Baseline;math_bench_test.go/BenchmarkMathUintBigEndian;4.77;0;0
0-87-0;Baseline;math_bench_test.go/BenchmarkMathUintLittleEndian;2.86;0;0
0-88-0;Baseline;math_bench_test.go/BenchmarkMathFloatBigEndian;11.4;0;0
0-88-0;Baseline;math_bench_test.go/BenchmarkMathFloatLittleEndian;9.07;0;0
0-88-0;Baseline;math_bench_test.go/BenchmarkMathIntBigEndian;4.77;0;0
0-88-0;Baseline;math_bench_test.go/BenchmarkMathIntLittleEndian;2.86;0;0
0-88-0;Baseline;math_bench_test.go/BenchmarkMathUintBigEndian;4.77;0;0
0-88-0;Baseline;math_bench_test.go/BenchmarkMathUintLittleEndian;2.86;0;0
0-89-0;Baseline;math_bench_test.go/BenchmarkMathFloatBigEndian;11.5;0;0
0-89-0;Baseline;math_bench_test.go/BenchmarkMathFloatLittleEndian;9.08;0;0
0-89-0;Baseline;math_bench_test.go/BenchmarkMathIntBigEndian;4.77;0;0
0-89-0;Baseline;math_bench_test.go/BenchmarkMathIntLittleEndian;2.86;0;0
0-89-0;Baseline;math_bench_test.go/BenchmarkMathUintBigEndian;4.77;0;0
0-89-0;Baseline;math_bench_test.go/BenchmarkMathUintLittleEndian;2.86;0;0
0-90-0;Baseline;math_bench_test.go/BenchmarkMathFloatBigEndian;11.1;0;0
0-90-0;Baseline;math_bench_test.go/BenchmarkMathFloatLittleEndian;9.13;0;0
0-90-0;Baseline;math_bench_test.go/BenchmarkMathIntBigEndian;4.77;0;0
0-90-0;Baseline;math_bench_test.go/BenchmarkMathIntLittleEndian;2.86;0;0
0-90-0;Baseline;math_bench_test.go/BenchmarkMathUintBigEndian;4.77;0;0
0-90-0;Baseline;math_bench_test.go/BenchmarkMathUintLittleEndian;2.86;0;0
0-91-0;Baseline;math_bench_test.go/BenchmarkMathFloatBigEndian;11.4;0;0
0-91-0;Baseline;math_bench_test.go/BenchmarkMathFloatLittleEndian;9.13;0;0
0-91-0;Baseline;math_bench_test.go/BenchmarkMathIntBigEndian;4.77;0;0
0-91-0;Baseline;math_bench_test.go/BenchmarkMathIntLittleEndian;2.86;0;0
0-91-0;Baseline;math_bench_test.go/BenchmarkMathUintBigEndian;4.77;0;0
0-91-0;Baseline;math_bench_test.go/BenchmarkMathUintLittleEndian;2.86;0;0
0-92-0;Baseline;math_bench_test.go/BenchmarkMathFloatBigEndian;11.5;0;0
0-92-0;Baseline;math_bench_test.go/BenchmarkMathFloatLittleEndian;9.08;0;0
0-92-0;Baseline;math_bench_test.go/BenchmarkMathIntBigEndian;4.77;0;0
0-92-0;Baseline;math_bench_test.go/BenchmarkMathIntLittleEndian;2.86;0;0
0-92-0;Baseline;math_bench_test.go/BenchmarkMathUintBigEndian;4.77;0;0
0-92-0;Baseline;math_bench_test.go/BenchmarkMathUintLittleEndian;2.86;0;0
0-93-0;Baseline;math_bench_test.go/BenchmarkMathFloatBigEndian;11.5;0;0
0-93-0;Baseline;math_bench_test.go/BenchmarkMathFloatLittleEndian;9.13;0;0
0-93-0;Baseline;math_bench_test.go/BenchmarkMathIntBigEndian;4.77;0;0
0-93-0;Baseline;math_bench_test.go/BenchmarkMathIntLittleEndian;2.86;0;0
0-93-0;Baseline;math_bench_test.go/BenchmarkMathUintBigEndian;4.77;0;0
0-93-0;Baseline;math_bench_test.go/BenchmarkMathUintLittleEndian;2.86;0;0
0-94-0;Baseline;math_bench_test.go/BenchmarkMathFloatBigEndian;11.1;0;0
0-94-0;Baseline;math_bench_test.go/BenchmarkMathFloatLittleEndian;9.13;0;0
0-94-0;Baseline;math_bench_test.go/BenchmarkMathIntBigEndian;4.77;0;0
0-94-0;Baseline;math_bench_test.go/BenchmarkMathIntLittleEndian;2.86;0;0
0-94-0;Baseline;math_bench_test.go/BenchmarkMathUintBigEndian;4.77;0;0
0-94-0;Baseline;math_bench_test.go/BenchmarkMathUintLittleEndian;2.86;0;0
0-95-0;Baseline;math_bench_test.go/BenchmarkMathFloatBigEndian;11.5;0;0
0-95-0;Baseline;math_bench_test.go/BenchmarkMathFloatLittleEndian;9.07;0;0
0-95-0;Baseline;math_bench_test.go/BenchmarkMathIntBigEndian;4.77;0;0
0-95-0;Baseline;math_bench_test.go/BenchmarkMathIntLittleEndian;2.86;0;0
0-95-0;Baseline;math_bench_test.go/BenchmarkMathUintBigEndian;4.77;0;0
0-95-0;Baseline;math_bench_test.go/BenchmarkMathUintLittleEndian;2.86;0;0
0-96-0;Baseline;math_bench_test.go/BenchmarkMathFloatBigEndian;11.5;0;0
0-96-0;Baseline;math_bench_test.go/BenchmarkMathFloatLittleEndian;9.07;0;0
0-96-0;Baseline;math_bench_test.go/BenchmarkMathIntBigEndian;4.77;0;0
0-96-0;Baseline;math_bench_test.go/BenchmarkMathIntLittleEndian;2.86;0;0
0-96-0;Baseline;math_bench_test.go/BenchmarkMathUintBigEndian;4.77;0;0
0-96-0;Baseline;math_bench_test.go/BenchmarkMathUintLittleEndian;2.86;0;0
0-97-0;Baseline;math_bench_test.go/BenchmarkMathFloatBigEndian;11.4;0;0
0-97-0;Baseline;math_bench_test.go/BenchmarkMathFloatLittleEndian;9.06;0;0
0-97-0;Baseline;math_bench_test.go/BenchmarkMathIntBigEndian;4.77;0;0
0-97-0;Baseline;math_bench_test.go/BenchmarkMathIntLittleEndian;2.86;0;0
0-97-0;Baseline;math_bench_test.go/BenchmarkMathUintBigEndian;4.77;0;0
0-97-0;Baseline;math_bench_test.go/BenchmarkMathUintLittleEndian;2.86;0;0
0-98-0;Baseline;math_bench_test.go/BenchmarkMathFloatBigEndian;11.5;0;0
0-98-0;Baseline;math_bench_test.go/BenchmarkMathFloatLittleEndian;9.07;0;0
0-98-0;Baseline;math_bench_test.go/BenchmarkMathIntBigEndian;4.77;0;0
0-98-0;Baseline;math_bench_test.go/BenchmarkMathIntLittleEndian;2.86;0;0
0-98-0;Baseline;math_bench_test.go/BenchmarkMathUintBigEndian;4.77;0;0
0-98-0;Baseline;math_bench_test.go/BenchmarkMathUintLittleEndian;2.86;0;0
0-99-0;Baseline;math_bench_test.go/BenchmarkMathFloatBigEndian;11.4;0;0
0-99-0;Baseline;math_bench_test.go/BenchmarkMathFloatLittleEndian;9.07;0;0
0-99-0;Baseline;math_bench_test.go/BenchmarkMathIntBigEndian;4.77;0;0
0-99-0;Baseline;math_bench_test.go/BenchmarkMathIntLittleEndian;2.86;0;0
0-99-0;Baseline;math_bench_test.go/BenchmarkMathUintBigEndian;4.77;0;0
0-99-0;Baseline;math_bench_test.go/BenchmarkMathUintLittleEndian;2.86;0;0
0-100-0;Baseline;math_bench_test.go/BenchmarkMathFloatBigEndian;11.4;0;0
0-100-0;Baseline;math_bench_test.go/BenchmarkMathFloatLittleEndian;9.13;0;0
0-100-0;Baseline;math_bench_test.go/BenchmarkMathIntBigEndian;4.77;0;0
0-100-0;Baseline;math_bench_test.go/BenchmarkMathIntLittleEndian;2.86;0;0
0-100-0;Baseline;math_bench_test.go/BenchmarkMathUintBigEndian;4.77;0;0
0-100-0;Baseline;math_bench_test.go/BenchmarkMathUintLittleEndian;2.86;0;0
0-101-0;Baseline;math_bench_test.go/BenchmarkMathFloatBigEndian;11.4;0;0
0-101-0;Baseline;math_bench_test.go/BenchmarkMathFloatLittleEndian;9.07;0;0
0-101-0;Baseline;math_bench_test.go/BenchmarkMathIntBigEndian;4.77;0;0
0-101-0;Baseline;math_bench_test.go/BenchmarkMathIntLittleEndian;2.86;0;0
0-101-0;Baseline;math_bench_test.go/BenchmarkMathUintBigEndian;4.77;0;0
0-101-0;Baseline;math_bench_test.go/BenchmarkMathUintLittleEndian;2.86;0;0
0-102-0;Baseline;math_bench_test.go/BenchmarkMathFloatBigEndian;11.4;0;0
0-102-0;Baseline;math_bench_test.go/BenchmarkMathFloatLittleEndian;9.13;0;0
0-102-0;Baseline;math_bench_test.go/BenchmarkMathIntBigEndian;4.77;0;0
0-102-0;Baseline;math_bench_test.go/BenchmarkMathIntLittleEndian;2.86;0;0
0-102-0;Baseline;math_bench_test.go/BenchmarkMathUintBigEndian;4.77;0;0
0-102-0;Baseline;math_bench_test.go/BenchmarkMathUintLittleEndian;2.86;0;0
0-103-0;Baseline;math_bench_test.go/BenchmarkMathFloatBigEndian;11.5;0;0
0-103-0;Baseline;math_bench_test.go/BenchmarkMathFloatLittleEndian;9.06;0;0
0-103-0;Baseline;math_bench_test.go/BenchmarkMathIntBigEndian;4.77;0;0
0-103-0;Baseline;math_bench_test.go/BenchmarkMathIntLittleEndian;2.86;0;0
0-103-0;Baseline;math_bench_test.go/BenchmarkMathUintBigEndian;4.77;0;0
0-103-0;Baseline;math_bench_test.go/BenchmarkMathUintLittleEndian;2.86;0;0
0-104-0;Baseline;math_bench_test.go/BenchmarkMathFloatBigEndian;11.4;0;0
0-104-0;Baseline;math_bench_test.go/BenchmarkMathFloatLittleEndian;9.07;0;0
0-104-0;Baseline;math_bench_test.go/BenchmarkMathIntBigEndian;4.77;0;0
0-104-0;Baseline;math_bench_test.go/BenchmarkMathIntLittleEndian;2.86;0;0
0-104-0;Baseline;math_bench_test.go/BenchmarkMathUintBigEndian;4.77;0;0
0-104-0;Baseline;math_bench_test.go/BenchmarkMathUintLittleEndian;2.86;0;0
0-105-0;Baseline;math_bench_test.go/BenchmarkMathFloatBigEndian;11.5;0;0
0-105-0;Baseline;math_bench_test.go/BenchmarkMathFloatLittleEndian;9.1;0;0
0-105-0;Baseline;math_bench_test.go/BenchmarkMathIntBigEndian;4.77;0;0
0-105-0;Baseline;math_bench_test.go/BenchmarkMathIntLittleEndian;2.86;0;0
0-105-0;Baseline;math_bench_test.go/BenchmarkMathUintBigEndian;4.77;0;0
0-105-0;Baseline;math_bench_test.go/BenchmarkMathUintLittleEndian;2.86;0;0
0-106-0;Baseline;math_bench_test.go/BenchmarkMathFloatBigEndian;11.5;0;0
0-106-0;Baseline;math_bench_test.go/BenchmarkMathFloatLittleEndian;9.07;0;0
0-106-0;Baseline;math_bench_test.go/BenchmarkMathIntBigEndian;4.77;0;0
0-106-0;Baseline;math_bench_test.go/BenchmarkMathIntLittleEndian;2.86;0;0
0-106-0;Baseline;math_bench_test.go/BenchmarkMathUintBigEndian;4.77;0;0
0-106-0;Baseline;math_bench_test.go/BenchmarkMathUintLittleEndian;2.86;0;0
0-107-0;Baseline;math_bench_test.go/BenchmarkMathFloatBigEndian;11.4;0;0
0-107-0;Baseline;math_bench_test.go/BenchmarkMathFloatLittleEndian;9.07;0;0
0-107-0;Baseline;math_bench_test.go/BenchmarkMathIntBigEndian;4.77;0;0
0-107-0;Baseline;math_bench_test.go/BenchmarkMathIntLittleEndian;2.86;0;0
0-107-0;Baseline;math_bench_test.go/BenchmarkMathUintBigEndian;4.77;0;0
0-107-0;Baseline;math_bench_test.go/BenchmarkMathUintLittleEndian;2.86;0;0
0-108-0;Baseline;math_bench_test.go/BenchmarkMathFloatBigEndian;11.5;0;0
0-108-0;Baseline;math_bench_test.go/BenchmarkMathFloatLittleEndian;9.07;0;0
0-108-0;Baseline;math_bench_test.go/BenchmarkMathIntBigEndian;4.77;0;0
0-108-0;Baseline;math_bench_test.go/BenchmarkMathIntLittleEndian;2.86;0;0
0-108-0;Baseline;math_bench_test.go/BenchmarkMathUintBigEndian;4.77;0;0
0-108-0;Baseline;math_bench_test.go/BenchmarkMathUintLittleEndian;2.86;0;0
0-109-0;Baseline;math_bench_test.go/BenchmarkMathFloatBigEndian;11.4;0;0
0-109-0;Baseline;math_bench_test.go/BenchmarkMathFloatLittleEndian;9.07;0;0
0-109-0;Baseline;math_bench_test.go/BenchmarkMathIntBigEndian;4.77;0;0
0-109-0;Baseline;math_bench_test.go/BenchmarkMathIntLittleEndian;2.86;0;0
0-109-0;Baseline;math_bench_test.go/BenchmarkMathUintBigEndian;4.77;0;0
0-109-0;Baseline;math_bench_test.go/BenchmarkMathUintLittleEndian;2.86;0;0
0-110-0;Baseline;math_bench_test.go/BenchmarkMathFloatBigEndian;11;0;0
0-110-0;Baseline;math_bench_test.go/BenchmarkMathFloatLittleEndian;9.09;0;0
0-110-0;Baseline;math_bench_test.go/BenchmarkMathIntBigEndian;4.77;0;0
0-110-0;Baseline;math_bench_test.go/BenchmarkMathIntLittleEndian;2.86;0;0
0-110-0;Baseline;math_bench_test.go/BenchmarkMathUintBigEndian;4.77;0;0
0-110-0;Baseline;math_bench_test.go/BenchmarkMathUintLittleEndian;2.86;0;0
0-111-0;Baseline;math_bench_test.go/BenchmarkMathFloatBigEndian;11.4;0;0
0-111-0;Baseline;math_bench_test.go/BenchmarkMathFloatLittleEndian;9.06;0;0
0-111-0;Baseline;math_bench_test.go/BenchmarkMathIntBigEndian;4.77;0;0
0-111-0;Baseline;math_bench_test.go/BenchmarkMathIntLittleEndian;2.86;0;0
0-111-0;Baseline;math_bench_test.go/BenchmarkMathUintBigEndian;4.77;0;0
0-111-0;Baseline;math_bench_test.go/BenchmarkMathUintLittleEndian;2.86;0;0
0-112-0;Baseline;math_bench_test.go/BenchmarkMathFloatBigEndian;11.5;0;0
0-112-0;Baseline;math_bench_test.go/BenchmarkMathFloatLittleEndian;9.09;0;0
0-112-0;Baseline;math_bench_test.go/BenchmarkMathIntBigEndian;4.77;0;0
0-112-0;Baseline;math_bench_test.go/BenchmarkMathIntLittleEndian;2.86;0;0
0-112-0;Baseline;math_bench_test.go/BenchmarkMathUintBigEndian;4.77;0;0
0-112-0;Baseline;math_bench_test.go/BenchmarkMathUintLittleEndian;2.86;0;0
0-113-0;Baseline;math_bench_test.go/BenchmarkMathFloatBigEndian;11.4;0;0
0-113-0;Baseline;math_bench_test.go/BenchmarkMathFloatLittleEndian;9.14;0;0
0-113-0;Baseline;math_bench_test.go/BenchmarkMathIntBigEndian;4.77;0;0
0-113-0;Baseline;math_bench_test.go/BenchmarkMathIntLittleEndian;2.86;0;0
0-113-0;Baseline;math_bench_test.go/BenchmarkMathUintBigEndian;4.77;0;0
0-113-0;Baseline;math_bench_test.go/BenchmarkMathUintLittleEndian;2.86;0;0
0-114-0;Baseline;math_bench_test.go/BenchmarkMathFloatBigEndian;11.4;0;0
0-114-0;Baseline;math_bench_test.go/BenchmarkMathFloatLittleEndian;9.12;0;0
0-114-0;Baseline;math_bench_test.go/BenchmarkMathIntBigEndian;4.77;0;0
0-114-0;Baseline;math_bench_test.go/BenchmarkMathIntLittleEndian;2.86;0;0
0-114-0;Baseline;math_bench_test.go/BenchmarkMathUintBigEndian;4.77;0;0
0-114-0;Baseline;math_bench_test.go/BenchmarkMathUintLittleEndian;2.86;0;0
0-115-0;Baseline;math_bench_test.go/BenchmarkMathFloatBigEndian;11.4;0;0
0-115-0;Baseline;math_bench_test.go/BenchmarkMathFloatLittleEndian;9.06;0;0
0-115-0;Baseline;math_bench_test.go/BenchmarkMathIntBigEndian;4.77;0;0
0-115-0;Baseline;math_bench_test.go/BenchmarkMathIntLittleEndian;2.86;0;0
0-115-0;Baseline;math_bench_test.go/BenchmarkMathUintBigEndian;4.77;0;0
0-115-0;Baseline;math_bench_test.go/BenchmarkMathUintLittleEndian;2.86;0;0
0-116-0;Baseline;math_bench_test.go/BenchmarkMathFloatBigEndian;11.5;0;0
0-116-0;Baseline;math_bench_test.go/BenchmarkMathFloatLittleEndian;9.07;0;0
0-116-0;Baseline;math_bench_test.go/BenchmarkMathIntBigEndian;4.77;0;0
0-116-0;Baseline;math_bench_test.go/BenchmarkMathIntLittleEndian;2.86;0;0
0-116-0;Baseline;math_bench_test.go/BenchmarkMathUintBigEndian;4.77;0;0
0-116-0;Baseline;math_bench_test.go/BenchmarkMathUintLittleEndian;2.86;0;0
0-117-0;Baseline;math_bench_test.go/BenchmarkMathFloatBigEndian;11.4;0;0
0-117-0;Baseline;math_bench_test.go/BenchmarkMathFloatLittleEndian;9.07;0;0
0-117-0;Baseline;math_bench_test.go/BenchmarkMathIntBigEndian;4.77;0;0
0-117-0;Baseline;math_bench_test.go/BenchmarkMathIntLittleEndian;2.86;0;0
0-117-0;Baseline;math_bench_test.go/BenchmarkMathUintBigEndian;4.77;0;0
0-117-0;Baseline;math_bench_test.go/BenchmarkMathUintLittleEndian;2.86;0;0
0-118-0;Baseline;math_bench_test.go/BenchmarkMathFloatBigEndian;11.4;0;0
0-118-0;Baseline;math_bench_test.go/BenchmarkMathFloatLittleEndian;9.07;0;0
0-118-0;Baseline;math_bench_test.go/BenchmarkMathIntBigEndian;4.77;0;0
0-118-0;Baseline;math_bench_test.go/BenchmarkMathIntLittleEndian;2.86;0;0
0-118-0;Baseline;math_bench_test.go/BenchmarkMathUintBigEndian;4.77;0;0
0-118-0;Baseline;math_bench_test.go/BenchmarkMathUintLittleEndian;2.86;0;0
0-119-0;Baseline;math_bench_test.go/BenchmarkMathFloatBigEndian;11.4;0;0
0-119-0;Baseline;math_bench_test.go/BenchmarkMathFloatLittleEndian;9.06;0;0
0-119-0;Baseline;math_bench_test.go/BenchmarkMathIntBigEndian;4.77;0;0
0-119-0;Baseline;math_bench_test.go/BenchmarkMathIntLittleEndian;2.86;0;0
0-119-0;Baseline;math_bench_test.go/BenchmarkMathUintBigEndian;4.77;0;0
0-119-0;Baseline;math_bench_test.go/BenchmarkMathUintLittleEndian;2.86;0;0
0-120-0;Baseline;math_bench_test.go/BenchmarkMathFloatBigEndian;11.1;0;0
0-120-0;Baseline;math_bench_test.go/BenchmarkMathFloatLittleEndian;9.07;0;0
0-120-0;Baseline;math_bench_test.go/BenchmarkMathIntBigEndian;4.77;0;0
0-120-0;Baseline;math_bench_test.go/BenchmarkMathIntLittleEndian;2.86;0;0
0-120-0;Baseline;math_bench_test.go/BenchmarkMathUintBigEndian;4.77;0;0
0-120-0;Baseline;math_bench_test.go/BenchmarkMathUintLittleEndian;2.86;0;0
0-121-0;Baseline;math_bench_test.go/BenchmarkMathFloatBigEndian;11;0;0
0-121-0;Baseline;math_bench_test.go/BenchmarkMathFloatLittleEndian;9.07;0;0
0-121-0;Baseline;math_bench_test.go/BenchmarkMathIntBigEndian;4.77;0;0
0-121-0;Baseline;math_bench_test.go/BenchmarkMathIntLittleEndian;2.86;0;0
0-121-0;Baseline;math_bench_test.go/BenchmarkMathUintBigEndian;4.77;0;0
0-121-0;Baseline;math_bench_test.go/BenchmarkMathUintLittleEndian;2.86;0;0
0-122-0;Baseline;math_bench_test.go/BenchmarkMathFloatBigEndian;11.2;0;0
0-122-0;Baseline;math_bench_test.go/BenchmarkMathFloatLittleEndian;9.07;0;0
0-122-0;Baseline;math_bench_test.go/BenchmarkMathIntBigEndian;4.77;0;0
0-122-0;Baseline;math_bench_test.go/BenchmarkMathIntLittleEndian;2.86;0;0
0-122-0;Baseline;math_bench_test.go/BenchmarkMathUintBigEndian;4.77;0;0
0-122-0;Baseline;math_bench_test.go/BenchmarkMathUintLittleEndian;2.86;0;0
0-123-0;Baseline;math_bench_test.go/BenchmarkMathFloatBigEndian;11.4;0;0
0-123-0;Baseline;math_bench_test.go/BenchmarkMathFloatLittleEndian;9.07;0;0
0-123-0;Baseline;math_bench_test.go/BenchmarkMathIntBigEndian;4.77;0;0
0-123-0;Baseline;math_bench_test.go/BenchmarkMathIntLittleEndian;2.86;0;0
0-123-0;Baseline;math_bench_test.go/BenchmarkMathUintBigEndian;4.77;0;0
0-123-0;Baseline;math_bench_test.go/BenchmarkMathUintLittleEndian;2.86;0;0
0-124-0;Baseline;math_bench_test.go/BenchmarkMathFloatBigEndian;11.4;0;0
0-124-0;Baseline;math_bench_test.go/BenchmarkMathFloatLittleEndian;9.06;0;0
0-124-0;Baseline;math_bench_test.go/BenchmarkMathIntBigEndian;4.77;0;0
0-124-0;Baseline;math_bench_test.go/BenchmarkMathIntLittleEndian;2.86;0;0
0-124-0;Baseline;math_bench_test.go/BenchmarkMathUintBigEndian;4.77;0;0
0-124-0;Baseline;math_bench_test.go/BenchmarkMathUintLittleEndian;2.86;0;0
0-125-0;Baseline;math_bench_test.go/BenchmarkMathFloatBigEndian;11.1;0;0
0-125-0;Baseline;math_bench_test.go/BenchmarkMathFloatLittleEndian;9.12;0;0
0-125-0;Baseline;math_bench_test.go/BenchmarkMathIntBigEndian;4.77;0;0
0-125-0;Baseline;math_bench_test.go/BenchmarkMathIntLittleEndian;2.86;0;0
0-125-0;Baseline;math_bench_test.go/BenchmarkMathUintBigEndian;4.77;0;0
0-125-0;Baseline;math_bench_test.go/BenchmarkMathUintLittleEndian;2.86;0;0
0-126-0;Baseline;math_bench_test.go/BenchmarkMathFloatBigEndian;11.4;0;0
0-126-0;Baseline;math_bench_test.go/BenchmarkMathFloatLittleEndian;9.07;0;0
0-126-0;Baseline;math_bench_test.go/BenchmarkMathIntBigEndian;4.77;0;0
0-126-0;Baseline;math_bench_test.go/BenchmarkMathIntLittleEndian;2.86;0;0
0-126-0;Baseline;math_bench_test.go/BenchmarkMathUintBigEndian;4.77;0;0
0-126-0;Baseline;math_bench_test.go/BenchmarkMathUintLittleEndian;2.86;0;0
0-127-0;Baseline;math_bench_test.go/BenchmarkMathFloatBigEndian;11.5;0;0
0-127-0;Baseline;math_bench_test.go/BenchmarkMathFloatLittleEndian;9.13;0;0
0-127-0;Baseline;math_bench_test.go/BenchmarkMathIntBigEndian;4.77;0;0
0-127-0;Baseline;math_bench_test.go/BenchmarkMathIntLittleEndian;2.86;0;0
0-127-0;Baseline;math_bench_test.go/BenchmarkMathUintBigEndian;4.77;0;0
0-127-0;Baseline;math_bench_test.go/BenchmarkMathUintLittleEndian;2.86;0;0
0-128-0;Baseline;math_bench_test.go/BenchmarkMathFloatBigEndian;11;0;0
0-128-0;Baseline;math_bench_test.go/BenchmarkMathFloatLittleEndian;9.06;0;0
0-128-0;Baseline;math_bench_test.go/BenchmarkMathIntBigEndian;4.77;0;0
0-128-0;Baseline;math_bench_test.go/BenchmarkMathIntLittleEndian;2.86;0;0
0-128-0;Baseline;math_bench_test.go/BenchmarkMathUintBigEndian;4.77;0;0
0-128-0;Baseline;math_bench_test.go/BenchmarkMathUintLittleEndian;2.86;0;0
0-129-0;Baseline;math_bench_test.go/BenchmarkMathFloatBigEndian;11.4;0;0
0-129-0;Baseline;math_bench_test.go/BenchmarkMathFloatLittleEndian;9.07;0;0
0-129-0;Baseline;math_bench_test.go/BenchmarkMathIntBigEndian;4.77;0;0
0-129-0;Baseline;math_bench_test.go/BenchmarkMathIntLittleEndian;2.86;0;0
0-129-0;Baseline;math_bench_test.go/BenchmarkMathUintBigEndian;4.77;0;0
0-129-0;Baseline;math_bench_test.go/BenchmarkMathUintLittleEndian;2.86;0;0
0-130-0;Baseline;math_bench_test.go/BenchmarkMathFloatBigEndian;11;0;0
0-130-0;Baseline;math_bench_test.go/BenchmarkMathFloatLittleEndian;9.14;0;0
0-130-0;Baseline;math_bench_test.go/BenchmarkMathIntBigEndian;4.77;0;0
0-130-0;Baseline;math_bench_test.go/BenchmarkMathIntLittleEndian;2.86;0;0
0-130-0;Baseline;math_bench_test.go/BenchmarkMathUintBigEndian;4.77;0;0
0-130-0;Baseline;math_bench_test.go/BenchmarkMathUintLittleEndian;2.86;0;0
0-131-0;Baseline;math_bench_test.go/BenchmarkMathFloatBigEndian;11.4;0;0
0-131-0;Baseline;math_bench_test.go/BenchmarkMathFloatLittleEndian;9.08;0;0
0-131-0;Baseline;math_bench_test.go/BenchmarkMathIntBigEndian;4.77;0;0
0-131-0;Baseline;math_bench_test.go/BenchmarkMathIntLittleEndian;2.86;0;0
0-131-0;Baseline;math_bench_test.go/BenchmarkMathUintBigEndian;4.77;0;0
0-131-0;Baseline;math_bench_test.go/BenchmarkMathUintLittleEndian;2.86;0;0
0-132-0;Baseline;math_bench_test.go/BenchmarkMathFloatBigEndian;11.1;0;0
0-132-0;Baseline;math_bench_test.go/BenchmarkMathFloatLittleEndian;9.07;0;0
0-132-0;Baseline;math_bench_test.go/BenchmarkMathIntBigEndian;4.77;0;0
0-132-0;Baseline;math_bench_test.go/BenchmarkMathIntLittleEndian;2.86;0;0
0-132-0;Baseline;math_bench_test.go/BenchmarkMathUintBigEndian;4.77;0;0
0-132-0;Baseline;math_bench_test.go/BenchmarkMathUintLittleEndian;2.86;0;0
0-133-0;Baseline;math_bench_test.go/BenchmarkMathFloatBigEndian;11.5;0;0
0-133-0;Baseline;math_bench_test.go/BenchmarkMathFloatLittleEndian;9.06;0;0
0-133-0;Baseline;math_bench_test.go/BenchmarkMathIntBigEndian;4.77;0;0
0-133-0;Baseline;math_bench_test.go/BenchmarkMathIntLittleEndian;2.86;0;0
0-133-0;Baseline;math_bench_test.go/BenchmarkMathUintBigEndian;4.77;0;0
0-133-0;Baseline;math_bench_test.go/BenchmarkMathUintLittleEndian;2.86;0;0
0-134-0;Baseline;math_bench_test.go/BenchmarkMathFloatBigEndian;11.4;0;0
0-134-0;Baseline;math_bench_test.go/BenchmarkMathFloatLittleEndian;9.07;0;0
0-134-0;Baseline;math_bench_test.go/BenchmarkMathIntBigEndian;4.77;0;0
0-134-0;Baseline;math_bench_test.go/BenchmarkMathIntLittleEndian;2.86;0;0
0-134-0;Baseline;math_bench_test.go/BenchmarkMathUintBigEndian;4.77;0;0
0-134-0;Baseline;math_bench_test.go/BenchmarkMathUintLittleEndian;2.86;0;0
0-135-0;Baseline;math_bench_test.go/BenchmarkMathFloatBigEndian;11.4;0;0
0-135-0;Baseline;math_bench_test.go/BenchmarkMathFloatLittleEndian;9.07;0;0
0-135-0;Baseline;math_bench_test.go/BenchmarkMathIntBigEndian;4.77;0;0
0-135-0;Baseline;math_bench_test.go/BenchmarkMathIntLittleEndian;2.86;0;0
0-135-0;Baseline;math_bench_test.go/BenchmarkMathUintBigEndian;4.77;0;0
0-135-0;Baseline;math_bench_test.go/BenchmarkMathUintLittleEndian;2.86;0;0
0-136-0;Baseline;math_bench_test.go/BenchmarkMathFloatBigEndian;11.4;0;0
0-136-0;Baseline;math_bench_test.go/BenchmarkMathFloatLittleEndian;9.07;0;0
0-136-0;Baseline;math_bench_test.go/BenchmarkMathIntBigEndian;4.77;0;0
0-136-0;Baseline;math_bench_test.go/BenchmarkMathIntLittleEndian;2.86;0;0
0-136-0;Baseline;math_bench_test.go/BenchmarkMathUintBigEndian;4.77;0;0
0-136-0;Baseline;math_bench_test.go/BenchmarkMathUintLittleEndian;2.86;0;0
0-137-0;Baseline;math_bench_test.go/BenchmarkMathFloatBigEndian;11.5;0;0
0-137-0;Baseline;math_bench_test.go/BenchmarkMathFloatLittleEndian;9.06;0;0
0-137-0;Baseline;math_bench_test.go/BenchmarkMathIntBigEndian;4.77;0;0
0-137-0;Baseline;math_bench_test.go/BenchmarkMathIntLittleEndian;2.86;0;0
0-137-0;Baseline;math_bench_test.go/BenchmarkMathUintBigEndian;4.77;0;0
0-137-0;Baseline;math_bench_test.go/BenchmarkMathUintLittleEndian;2.86;0;0
0-138-0;Baseline;math_bench_test.go/BenchmarkMathFloatBigEndian;11.5;0;0
0-138-0;Baseline;math_bench_test.go/BenchmarkMathFloatLittleEndian;9.07;0;0
0-138-0;Baseline;math_bench_test.go/BenchmarkMathIntBigEndian;4.77;0;0
0-138-0;Baseline;math_bench_test.go/BenchmarkMathIntLittleEndian;2.86;0;0
0-138-0;Baseline;math_bench_test.go/BenchmarkMathUintBigEndian;4.77;0;0
0-138-0;Baseline;math_bench_test.go/BenchmarkMathUintLittleEndian;2.86;0;0
0-139-0;Baseline;math_bench_test.go/BenchmarkMathFloatBigEndian;11.3;0;0
0-139-0;Baseline;math_bench_test.go/BenchmarkMathFloatLittleEndian;9.09;0;0
0-139-0;Baseline;math_bench_test.go/BenchmarkMathIntBigEndian;4.77;0;0
0-139-0;Baseline;math_bench_test.go/BenchmarkMathIntLittleEndian;2.86;0;0
0-139-0;Baseline;math_bench_test.go/BenchmarkMathUintBigEndian;4.77;0;0
0-139-0;Baseline;math_bench_test.go/BenchmarkMathUintLittleEndian;2.86;0;0
0-140-0;Baseline;math_bench_test.go/BenchmarkMathFloatBigEndian;11.4;0;0
0-140-0;Baseline;math_bench_test.go/BenchmarkMathFloatLittleEndian;9.07;0;0
0-140-0;Baseline;math_bench_test.go/BenchmarkMathIntBigEndian;4.77;0;0
0-140-0;Baseline;math_bench_test.go/BenchmarkMathIntLittleEndian;2.86;0;0
0-140-0;Baseline;math_bench_test.go/BenchmarkMathUintBigEndian;4.77;0;0
0-140-0;Baseline;math_bench_test.go/BenchmarkMathUintLittleEndian;2.86;0;0
0-141-0;Baseline;math_bench_test.go/BenchmarkMathFloatBigEndian;11.4;0;0
0-141-0;Baseline;math_bench_test.go/BenchmarkMathFloatLittleEndian;9.12;0;0
0-141-0;Baseline;math_bench_test.go/BenchmarkMathIntBigEndian;4.77;0;0
0-141-0;Baseline;math_bench_test.go/BenchmarkMathIntLittleEndian;2.86;0;0
0-141-0;Baseline;math_bench_test.go/BenchmarkMathUintBigEndian;4.77;0;0
0-141-0;Baseline;math_bench_test.go/BenchmarkMathUintLittleEndian;2.86;0;0
0-142-0;Baseline;math_bench_test.go/BenchmarkMathFloatBigEndian;11.5;0;0
0-142-0;Baseline;math_bench_test.go/BenchmarkMathFloatLittleEndian;9.12;0;0
0-142-0;Baseline;math_bench_test.go/BenchmarkMathIntBigEndian;4.77;0;0
0-142-0;Baseline;math_bench_test.go/BenchmarkMathIntLittleEndian;2.86;0;0
0-142-0;Baseline;math_bench_test.go/BenchmarkMathUintBigEndian;4.77;0;0
0-142-0;Baseline;math_bench_test.go/BenchmarkMathUintLittleEndian;2.86;0;0
0-143-0;Baseline;math_bench_test.go/BenchmarkMathFloatBigEndian;11.4;0;0
0-143-0;Baseline;math_bench_test.go/BenchmarkMathFloatLittleEndian;9.14;0;0
0-143-0;Baseline;math_bench_test.go/BenchmarkMathIntBigEndian;4.77;0;0
0-143-0;Baseline;math_bench_test.go/BenchmarkMathIntLittleEndian;2.86;0;0
0-143-0;Baseline;math_bench_test.go/BenchmarkMathUintBigEndian;4.77;0;0
0-143-0;Baseline;math_bench_test.go/BenchmarkMathUintLittleEndian;2.86;0;0
0-144-0;Baseline;math_bench_test.go/BenchmarkMathFloatBigEndian;11.5;0;0
0-144-0;Baseline;math_bench_test.go/BenchmarkMathFloatLittleEndian;9.07;0;0
0-144-0;Baseline;math_bench_test.go/BenchmarkMathIntBigEndian;4.77;0;0
0-144-0;Baseline;math_bench_test.go/BenchmarkMathIntLittleEndian;2.86;0;0
0-144-0;Baseline;math_bench_test.go/BenchmarkMathUintBigEndian;4.77;0;0
0-144-0;Baseline;math_bench_test.go/BenchmarkMathUintLittleEndian;2.86;0;0
0-145-0;Baseline;math_bench_test.go/BenchmarkMathFloatBigEndian;11.4;0;0
0-145-0;Baseline;math_bench_test.go/BenchmarkMathFloatLittleEndian;9.13;0;0
0-145-0;Baseline;math_bench_test.go/BenchmarkMathIntBigEndian;4.77;0;0
0-145-0;Baseline;math_bench_test.go/BenchmarkMathIntLittleEndian;2.86;0;0
0-145-0;Baseline;math_bench_test.go/BenchmarkMathUintBigEndian;4.77;0;0
0-145-0;Baseline;math_bench_test.go/BenchmarkMathUintLittleEndian;2.86;0;0
0-146-0;Baseline;math_bench_test.go/BenchmarkMathFloatBigEndian;11.5;0;0
0-146-0;Baseline;math_bench_test.go/BenchmarkMathFloatLittleEndian;9.12;0;0
0-146-0;Baseline;math_bench_test.go/BenchmarkMathIntBigEndian;4.77;0;0
0-146-0;Baseline;math_bench_test.go/BenchmarkMathIntLittleEndian;2.86;0;0
0-146-0;Baseline;math_bench_test.go/BenchmarkMathUintBigEndian;4.77;0;0
0-146-0;Baseline;math_bench_test.go/BenchmarkMathUintLittleEndian;2.86;0;0
0-147-0;Baseline;math_bench_test.go/BenchmarkMathFloatBigEndian;11.4;0;0
0-147-0;Baseline;math_bench_test.go/BenchmarkMathFloatLittleEndian;9.07;0;0
0-147-0;Baseline;math_bench_test.go/BenchmarkMathIntBigEndian;4.77;0;0
0-147-0;Baseline;math_bench_test.go/BenchmarkMathIntLittleEndian;2.86;0;0
0-147-0;Baseline;math_bench_test.go/BenchmarkMathUintBigEndian;4.77;0;0
0-147-0;Baseline;math_bench_test.go/BenchmarkMathUintLittleEndian;2.86;0;0
0-148-0;Baseline;math_bench_test.go/BenchmarkMathFloatBigEndian;11;0;0
0-148-0;Baseline;math_bench_test.go/BenchmarkMathFloatLittleEndian;9.07;0;0
0-148-0;Baseline;math_bench_test.go/BenchmarkMathIntBigEndian;4.77;0;0
0-148-0;Baseline;math_bench_test.go/BenchmarkMathIntLittleEndian;2.86;0;0
0-148-0;Baseline;math_bench_test.go/BenchmarkMathUintBigEndian;4.77;0;0
0-148-0;Baseline;math_bench_test.go/BenchmarkMathUintLittleEndian;2.86;0;0
0-149-0;Baseline;math_bench_test.go/BenchmarkMathFloatBigEndian;11.5;0;0
0-149-0;Baseline;math_bench_test.go/BenchmarkMathFloatLittleEndian;9.07;0;0
0-149-0;Baseline;math_bench_test.go/BenchmarkMathIntBigEndian;4.77;0;0
0-149-0;Baseline;math_bench_test.go/BenchmarkMathIntLittleEndian;2.86;0;0
0-149-0;Baseline;math_bench_test.go/BenchmarkMathUintBigEndian;4.77;0;0
0-149-0;Baseline;math_bench_test.go/BenchmarkMathUintLittleEndian;2.86;0;0
0-150-0;Baseline;math_bench_test.go/BenchmarkMathFloatBigEndian;11.4;0;0
0-150-0;Baseline;math_bench_test.go/BenchmarkMathFloatLittleEndian;9.07;0;0
0-150-0;Baseline;math_bench_test.go/BenchmarkMathIntBigEndian;4.77;0;0
0-150-0;Baseline;math_bench_test.go/BenchmarkMathIntLittleEndian;2.86;0;0
0-150-0;Baseline;math_bench_test.go/BenchmarkMathUintBigEndian;4.77;0;0
0-150-0;Baseline;math_bench_test.go/BenchmarkMathUintLittleEndian;2.86;0;0
0-151-0;Baseline;math_bench_test.go/BenchmarkMathFloatBigEndian;11.4;0;0
0-151-0;Baseline;math_bench_test.go/BenchmarkMathFloatLittleEndian;9.07;0;0
0-151-0;Baseline;math_bench_test.go/BenchmarkMathIntBigEndian;4.77;0;0
0-151-0;Baseline;math_bench_test.go/BenchmarkMathIntLittleEndian;2.86;0;0
0-151-0;Baseline;math_bench_test.go/BenchmarkMathUintBigEndian;4.77;0;0
0-151-0;Baseline;math_bench_test.go/BenchmarkMathUintLittleEndian;2.86;0;0
0-152-0;Baseline;math_bench_test.go/BenchmarkMathFloatBigEndian;11.4;0;0
0-152-0;Baseline;math_bench_test.go/BenchmarkMathFloatLittleEndian;9.07;0;0
0-152-0;Baseline;math_bench_test.go/BenchmarkMathIntBigEndian;4.77;0;0
0-152-0;Baseline;math_bench_test.go/BenchmarkMathIntLittleEndian;2.86;0;0
0-152-0;Baseline;math_bench_test.go/BenchmarkMathUintBigEndian;4.77;0;0
0-152-0;Baseline;math_bench_test.go/BenchmarkMathUintLittleEndian;2.86;0;0
0-153-0;Baseline;math_bench_test.go/BenchmarkMathFloatBigEndian;11.2;0;0
0-153-0;Baseline;math_bench_test.go/BenchmarkMathFloatLittleEndian;9.13;0;0
0-153-0;Baseline;math_bench_test.go/BenchmarkMathIntBigEndian;4.77;0;0
0-153-0;Baseline;math_bench_test.go/BenchmarkMathIntLittleEndian;2.86;0;0
0-153-0;Baseline;math_bench_test.go/BenchmarkMathUintBigEndian;4.77;0;0
0-153-0;Baseline;math_bench_test.go/BenchmarkMathUintLittleEndian;2.86;0;0
0-154-0;Baseline;math_bench_test.go/BenchmarkMathFloatBigEndian;11.5;0;0
0-154-0;Baseline;math_bench_test.go/BenchmarkMathFloatLittleEndian;9.11;0;0
0-154-0;Baseline;math_bench_test.go/BenchmarkMathIntBigEndian;4.77;0;0
0-154-0;Baseline;math_bench_test.go/BenchmarkMathIntLittleEndian;2.86;0;0
0-154-0;Baseline;math_bench_test.go/BenchmarkMathUintBigEndian;4.77;0;0
0-154-0;Baseline;math_bench_test.go/BenchmarkMathUintLittleEndian;2.86;0;0
0-155-0;Baseline;math_bench_test.go/BenchmarkMathFloatBigEndian;11.1;0;0
0-155-0;Baseline;math_bench_test.go/BenchmarkMathFloatLittleEndian;9.13;0;0
0-155-0;Baseline;math_bench_test.go/BenchmarkMathIntBigEndian;4.77;0;0
0-155-0;Baseline;math_bench_test.go/BenchmarkMathIntLittleEndian;2.86;0;0
0-155-0;Baseline;math_bench_test.go/BenchmarkMathUintBigEndian;4.77;0;0
0-155-0;Baseline;math_bench_test.go/BenchmarkMathUintLittleEndian;2.86;0;0
0-156-0;Baseline;math_bench_test.go/BenchmarkMathFloatBigEndian;11;0;0
0-156-0;Baseline;math_bench_test.go/BenchmarkMathFloatLittleEndian;9.13;0;0
0-156-0;Baseline;math_bench_test.go/BenchmarkMathIntBigEndian;4.77;0;0
0-156-0;Baseline;math_bench_test.go/BenchmarkMathIntLittleEndian;2.86;0;0
0-156-0;Baseline;math_bench_test.go/BenchmarkMathUintBigEndian;4.77;0;0
0-156-0;Baseline;math_bench_test.go/BenchmarkMathUintLittleEndian;2.86;0;0
0-157-0;Baseline;math_bench_test.go/BenchmarkMathFloatBigEndian;11.4;0;0
0-157-0;Baseline;math_bench_test.go/BenchmarkMathFloatLittleEndian;9.1;0;0
0-157-0;Baseline;math_bench_test.go/BenchmarkMathIntBigEndian;4.77;0;0
0-157-0;Baseline;math_bench_test.go/BenchmarkMathIntLittleEndian;2.86;0;0
0-157-0;Baseline;math_bench_test.go/BenchmarkMathUintBigEndian;4.77;0;0
0-157-0;Baseline;math_bench_test.go/BenchmarkMathUintLittleEndian;2.86;0;0
0-158-0;Baseline;math_bench_test.go/BenchmarkMathFloatBigEndian;11.5;0;0
0-158-0;Baseline;math_bench_test.go/BenchmarkMathFloatLittleEndian;9.11;0;0
0-158-0;Baseline;math_bench_test.go/BenchmarkMathIntBigEndian;4.77;0;0
0-158-0;Baseline;math_bench_test.go/BenchmarkMathIntLittleEndian;2.86;0;0
0-158-0;Baseline;math_bench_test.go/BenchmarkMathUintBigEndian;4.77;0;0
0-158-0;Baseline;math_bench_test.go/BenchmarkMathUintLittleEndian;2.86;0;0
0-159-0;Baseline;math_bench_test.go/BenchmarkMathFloatBigEndian;11;0;0
0-159-0;Baseline;math_bench_test.go/BenchmarkMathFloatLittleEndian;9.06;0;0
0-159-0;Baseline;math_bench_test.go/BenchmarkMathIntBigEndian;4.77;0;0
0-159-0;Baseline;math_bench_test.go/BenchmarkMathIntLittleEndian;2.86;0;0
0-159-0;Baseline;math_bench_test.go/BenchmarkMathUintBigEndian;4.77;0;0
0-159-0;Baseline;math_bench_test.go/BenchmarkMathUintLittleEndian;2.86;0;0
0-160-0;Baseline;math_bench_test.go/BenchmarkMathFloatBigEndian;11;0;0
0-160-0;Baseline;math_bench_test.go/BenchmarkMathFloatLittleEndian;9.09;0;0
0-160-0;Baseline;math_bench_test.go/BenchmarkMathIntBigEndian;4.77;0;0
0-160-0;Baseline;math_bench_test.go/BenchmarkMathIntLittleEndian;2.86;0;0
0-160-0;Baseline;math_bench_test.go/BenchmarkMathUintBigEndian;4.77;0;0
0-160-0;Baseline;math_bench_test.go/BenchmarkMathUintLittleEndian;2.86;0;0
0-161-0;Baseline;math_bench_test.go/BenchmarkMathFloatBigEndian;11.5;0;0
0-161-0;Baseline;math_bench_test.go/BenchmarkMathFloatLittleEndian;9.07;0;0
0-161-0;Baseline;math_bench_test.go/BenchmarkMathIntBigEndian;4.77;0;0
0-161-0;Baseline;math_bench_test.go/BenchmarkMathIntLittleEndian;2.86;0;0
0-161-0;Baseline;math_bench_test.go/BenchmarkMathUintBigEndian;4.77;0;0
0-161-0;Baseline;math_bench_test.go/BenchmarkMathUintLittleEndian;2.86;0;0
0-162-0;Baseline;math_bench_test.go/BenchmarkMathFloatBigEndian;11.5;0;0
0-162-0;Baseline;math_bench_test.go/BenchmarkMathFloatLittleEndian;9.07;0;0
0-162-0;Baseline;math_bench_test.go/BenchmarkMathIntBigEndian;4.77;0;0
0-162-0;Baseline;math_bench_test.go/BenchmarkMathIntLittleEndian;2.86;0;0
0-162-0;Baseline;math_bench_test.go/BenchmarkMathUintBigEndian;4.77;0;0
0-162-0;Baseline;math_bench_test.go/BenchmarkMathUintLittleEndian;2.86;0;0
0-163-0;Baseline;math_bench_test.go/BenchmarkMathFloatBigEndian;11.5;0;0
0-163-0;Baseline;math_bench_test.go/BenchmarkMathFloatLittleEndian;9.07;0;0
0-163-0;Baseline;math_bench_test.go/BenchmarkMathIntBigEndian;4.77;0;0
0-163-0;Baseline;math_bench_test.go/BenchmarkMathIntLittleEndian;2.86;0;0
0-163-0;Baseline;math_bench_test.go/BenchmarkMathUintBigEndian;4.77;0;0
0-163-0;Baseline;math_bench_test.go/BenchmarkMathUintLittleEndian;2.86;0;0
0-164-0;Baseline;math_bench_test.go/BenchmarkMathFloatBigEndian;11.5;0;0
0-164-0;Baseline;math_bench_test.go/BenchmarkMathFloatLittleEndian;9.07;0;0
0-164-0;Baseline;math_bench_test.go/BenchmarkMathIntBigEndian;4.77;0;0
0-164-0;Baseline;math_bench_test.go/BenchmarkMathIntLittleEndian;2.86;0;0
0-164-0;Baseline;math_bench_test.go/BenchmarkMathUintBigEndian;4.77;0;0
0-164-0;Baseline;math_bench_test.go/BenchmarkMathUintLittleEndian;2.86;0;0
0-165-0;Baseline;math_bench_test.go/BenchmarkMathFloatBigEndian;11.4;0;0
0-165-0;Baseline;math_bench_test.go/BenchmarkMathFloatLittleEndian;9.06;0;0
0-165-0;Baseline;math_bench_test.go/BenchmarkMathIntBigEndian;4.77;0;0
0-165-0;Baseline;math_bench_test.go/BenchmarkMathIntLittleEndian;2.86;0;0
0-165-0;Baseline;math_bench_test.go/BenchmarkMathUintBigEndian;4.77;0;0
0-165-0;Baseline;math_bench_test.go/BenchmarkMathUintLittleEndian;2.86;0;0
0-166-0;Baseline;math_bench_test.go/BenchmarkMathFloatBigEndian;11.3;0;0
0-166-0;Baseline;math_bench_test.go/BenchmarkMathFloatLittleEndian;9.13;0;0
0-166-0;Baseline;math_bench_test.go/BenchmarkMathIntBigEndian;4.77;0;0
0-166-0;Baseline;math_bench_test.go/BenchmarkMathIntLittleEndian;2.86;0;0
0-166-0;Baseline;math_bench_test.go/BenchmarkMathUintBigEndian;4.77;0;0
0-166-0;Baseline;math_bench_test.go/BenchmarkMathUintLittleEndian;2.86;0;0
0-167-0;Baseline;math_bench_test.go/BenchmarkMathFloatBigEndian;11.4;0;0
0-167-0;Baseline;math_bench_test.go/BenchmarkMathFloatLittleEndian;9.1;0;0
0-167-0;Baseline;math_bench_test.go/BenchmarkMathIntBigEndian;4.77;0;0
0-167-0;Baseline;math_bench_test.go/BenchmarkMathIntLittleEndian;2.86;0;0
0-167-0;Baseline;math_bench_test.go/BenchmarkMathUintBigEndian;4.77;0;0
0-167-0;Baseline;math_bench_test.go/BenchmarkMathUintLittleEndian;2.86;0;0
0-168-0;Baseline;math_bench_test.go/BenchmarkMathFloatBigEndian;11.4;0;0
0-168-0;Baseline;math_bench_test.go/BenchmarkMathFloatLittleEndian;9.12;0;0
0-168-0;Baseline;math_bench_test.go/BenchmarkMathIntBigEndian;4.77;0;0
0-168-0;Baseline;math_bench_test.go/BenchmarkMathIntLittleEndian;2.86;0;0
0-168-0;Baseline;math_bench_test.go/BenchmarkMathUintBigEndian;4.77;0;0
0-168-0;Baseline;math_bench_test.go/BenchmarkMathUintLittleEndian;2.86;0;0
0-169-0;Baseline;math_bench_test.go/BenchmarkMathFloatBigEndian;11.5;0;0
0-169-0;Baseline;math_bench_test.go/BenchmarkMathFloatLittleEndian;9.09;0;0
0-169-0;Baseline;math_bench_test.go/BenchmarkMathIntBigEndian;4.77;0;0
0-169-0;Baseline;math_bench_test.go/BenchmarkMathIntLittleEndian;2.86;0;0
0-169-0;Baseline;math_bench_test.go/BenchmarkMathUintBigEndian;4.77;0;0
0-169-0;Baseline;math_bench_test.go/BenchmarkMathUintLittleEndian;2.86;0;0
0-170-0;Baseline;math_bench_test.go/BenchmarkMathFloatBigEndian;11;0;0
0-170-0;Baseline;math_bench_test.go/BenchmarkMathFloatLittleEndian;9.08;0;0
0-170-0;Baseline;math_bench_test.go/BenchmarkMathIntBigEndian;4.77;0;0
0-170-0;Baseline;math_bench_test.go/BenchmarkMathIntLittleEndian;2.86;0;0
0-170-0;Baseline;math_bench_test.go/BenchmarkMathUintBigEndian;4.77;0;0
0-170-0;Baseline;math_bench_test.go/BenchmarkMathUintLittleEndian;2.86;0;0
0-171-0;Baseline;math_bench_test.go/BenchmarkMathFloatBigEndian;11.5;0;0
0-171-0;Baseline;math_bench_test.go/BenchmarkMathFloatLittleEndian;9.13;0;0
0-171-0;Baseline;math_bench_test.go/BenchmarkMathIntBigEndian;4.77;0;0
0-171-0;Baseline;math_bench_test.go/BenchmarkMathIntLittleEndian;2.86;0;0
0-171-0;Baseline;math_bench_test.go/BenchmarkMathUintBigEndian;4.77;0;0
0-171-0;Baseline;math_bench_test.go/BenchmarkMathUintLittleEndian;2.86;0;0
0-172-0;Baseline;math_bench_test.go/BenchmarkMathFloatBigEndian;11.4;0;0
0-172-0;Baseline;math_bench_test.go/BenchmarkMathFloatLittleEndian;9.13;0;0
0-172-0;Baseline;math_bench_test.go/BenchmarkMathIntBigEndian;4.77;0;0
0-172-0;Baseline;math_bench_test.go/BenchmarkMathIntLittleEndian;2.86;0;0
0-172-0;Baseline;math_bench_test.go/BenchmarkMathUintBigEndian;4.77;0;0
0-172-0;Baseline;math_bench_test.go/BenchmarkMathUintLittleEndian;2.86;0;0
0-173-0;Baseline;math_bench_test.go/BenchmarkMathFloatBigEndian;11.4;0;0
0-173-0;Baseline;math_bench_test.go/BenchmarkMathFloatLittleEndian;9.12;0;0
0-173-0;Baseline;math_bench_test.go/BenchmarkMathIntBigEndian;4.77;0;0
0-173-0;Baseline;math_bench_test.go/BenchmarkMathIntLittleEndian;2.86;0;0
0-173-0;Baseline;math_bench_test.go/BenchmarkMathUintBigEndian;4.77;0;0
0-173-0;Baseline;math_bench_test.go/BenchmarkMathUintLittleEndian;2.86;0;0
0-174-0;Baseline;math_bench_test.go/BenchmarkMathFloatBigEndian;11.4;0;0
0-174-0;Baseline;math_bench_test.go/BenchmarkMathFloatLittleEndian;9.06;0;0
0-174-0;Baseline;math_bench_test.go/BenchmarkMathIntBigEndian;4.77;0;0
0-174-0;Baseline;math_bench_test.go/BenchmarkMathIntLittleEndian;2.86;0;0
0-174-0;Baseline;math_bench_test.go/BenchmarkMathUintBigEndian;4.77;0;0
0-174-0;Baseline;math_bench_test.go/BenchmarkMathUintLittleEndian;2.86;0;0
0-175-0;Baseline;math_bench_test.go/BenchmarkMathFloatBigEndian;11.4;0;0
0-175-0;Baseline;math_bench_test.go/BenchmarkMathFloatLittleEndian;9.07;0;0
0-175-0;Baseline;math_bench_test.go/BenchmarkMathIntBigEndian;4.77;0;0
0-175-0;Baseline;math_bench_test.go/BenchmarkMathIntLittleEndian;2.86;0;0
0-175-0;Baseline;math_bench_test.go/BenchmarkMathUintBigEndian;4.77;0;0
0-175-0;Baseline;math_bench_test.go/BenchmarkMathUintLittleEndian;2.86;0;0
0-176-0;Baseline;math_bench_test.go/BenchmarkMathFloatBigEndian;11.4;0;0
0-176-0;Baseline;math_bench_test.go/BenchmarkMathFloatLittleEndian;9.07;0;0
0-176-0;Baseline;math_bench_test.go/BenchmarkMathIntBigEndian;4.77;0;0
0-176-0;Baseline;math_bench_test.go/BenchmarkMathIntLittleEndian;2.86;0;0
0-176-0;Baseline;math_bench_test.go/BenchmarkMathUintBigEndian;4.77;0;0
0-176-0;Baseline;math_bench_test.go/BenchmarkMathUintLittleEndian;2.86;0;0
0-177-0;Baseline;math_bench_test.go/BenchmarkMathFloatBigEndian;11.5;0;0
0-177-0;Baseline;math_bench_test.go/BenchmarkMathFloatLittleEndian;9.13;0;0
0-177-0;Baseline;math_bench_test.go/BenchmarkMathIntBigEndian;4.77;0;0
0-177-0;Baseline;math_bench_test.go/BenchmarkMathIntLittleEndian;2.86;0;0
0-177-0;Baseline;math_bench_test.go/BenchmarkMathUintBigEndian;4.77;0;0
0-177-0;Baseline;math_bench_test.go/BenchmarkMathUintLittleEndian;2.86;0;0
0-178-0;Baseline;math_bench_test.go/BenchmarkMathFloatBigEndian;11.5;0;0
0-178-0;Baseline;math_bench_test.go/BenchmarkMathFloatLittleEndian;9.13;0;0
0-178-0;Baseline;math_bench_test.go/BenchmarkMathIntBigEndian;4.77;0;0
0-178-0;Baseline;math_bench_test.go/BenchmarkMathIntLittleEndian;2.86;0;0
0-178-0;Baseline;math_bench_test.go/BenchmarkMathUintBigEndian;4.77;0;0
0-178-0;Baseline;math_bench_test.go/BenchmarkMathUintLittleEndian;2.86;0;0
0-179-0;Baseline;math_bench_test.go/BenchmarkMathFloatBigEndian;11.1;0;0
0-179-0;Baseline;math_bench_test.go/BenchmarkMathFloatLittleEndian;9.13;0;0
0-179-0;Baseline;math_bench_test.go/BenchmarkMathIntBigEndian;4.77;0;0
0-179-0;Baseline;math_bench_test.go/BenchmarkMathIntLittleEndian;2.86;0;0
0-179-0;Baseline;math_bench_test.go/BenchmarkMathUintBigEndian;4.77;0;0
0-179-0;Baseline;math_bench_test.go/BenchmarkMathUintLittleEndian;2.86;0;0
0-180-0;Baseline;math_bench_test.go/BenchmarkMathFloatBigEndian;11.1;0;0
0-180-0;Baseline;math_bench_test.go/BenchmarkMathFloatLittleEndian;9.13;0;0
0-180-0;Baseline;math_bench_test.go/BenchmarkMathIntBigEndian;4.77;0;0
0-180-0;Baseline;math_bench_test.go/BenchmarkMathIntLittleEndian;2.86;0;0
0-180-0;Baseline;math_bench_test.go/BenchmarkMathUintBigEndian;4.77;0;0
0-180-0;Baseline;math_bench_test.go/BenchmarkMathUintLittleEndian;2.86;0;0
0-181-0;Baseline;math_bench_test.go/BenchmarkMathFloatBigEndian;11.4;0;0
0-181-0;Baseline;math_bench_test.go/BenchmarkMathFloatLittleEndian;9.13;0;0
0-181-0;Baseline;math_bench_test.go/BenchmarkMathIntBigEndian;4.77;0;0
0-181-0;Baseline;math_bench_test.go/BenchmarkMathIntLittleEndian;2.86;0;0
0-181-0;Baseline;math_bench_test.go/BenchmarkMathUintBigEndian;4.77;0;0
0-181-0;Baseline;math_bench_test.go/BenchmarkMathUintLittleEndian;2.86;0;0
0-182-0;Baseline;math_bench_test.go/BenchmarkMathFloatBigEndian;11.1;0;0
0-182-0;Baseline;math_bench_test.go/BenchmarkMathFloatLittleEndian;9.07;0;0
0-182-0;Baseline;math_bench_test.go/BenchmarkMathIntBigEndian;4.77;0;0
0-182-0;Baseline;math_bench_test.go/BenchmarkMathIntLittleEndian;2.86;0;0
0-182-0;Baseline;math_bench_test.go/BenchmarkMathUintBigEndian;4.77;0;0
0-182-0;Baseline;math_bench_test.go/BenchmarkMathUintLittleEndian;2.86;0;0
0-183-0;Baseline;math_bench_test.go/BenchmarkMathFloatBigEndian;11.4;0;0
0-183-0;Baseline;math_bench_test.go/BenchmarkMathFloatLittleEndian;9.13;0;0
0-183-0;Baseline;math_bench_test.go/BenchmarkMathIntBigEndian;4.77;0;0
0-183-0;Baseline;math_bench_test.go/BenchmarkMathIntLittleEndian;2.86;0;0
0-183-0;Baseline;math_bench_test.go/BenchmarkMathUintBigEndian;4.77;0;0
0-183-0;Baseline;math_bench_test.go/BenchmarkMathUintLittleEndian;2.86;0;0
0-184-0;Baseline;math_bench_test.go/BenchmarkMathFloatBigEndian;11.1;0;0
0-184-0;Baseline;math_bench_test.go/BenchmarkMathFloatLittleEndian;9.13;0;0
0-184-0;Baseline;math_bench_test.go/BenchmarkMathIntBigEndian;4.77;0;0
0-184-0;Baseline;math_bench_test.go/BenchmarkMathIntLittleEndian;2.86;0;0
0-184-0;Baseline;math_bench_test.go/BenchmarkMathUintBigEndian;4.77;0;0
0-184-0;Baseline;math_bench_test.go/BenchmarkMathUintLittleEndian;2.86;0;0
0-185-0;Baseline;math_bench_test.go/BenchmarkMathFloatBigEndian;11.4;0;0
0-185-0;Baseline;math_bench_test.go/BenchmarkMathFloatLittleEndian;9.07;0;0
0-185-0;Baseline;math_bench_test.go/BenchmarkMathIntBigEndian;4.77;0;0
0-185-0;Baseline;math_bench_test.go/BenchmarkMathIntLittleEndian;2.86;0;0
0-185-0;Baseline;math_bench_test.go/BenchmarkMathUintBigEndian;4.77;0;0
0-185-0;Baseline;math_bench_test.go/BenchmarkMathUintLittleEndian;2.86;0;0
0-186-0;Baseline;math_bench_test.go/BenchmarkMathFloatBigEndian;11.4;0;0
0-186-0;Baseline;math_bench_test.go/BenchmarkMathFloatLittleEndian;9.07;0;0
0-186-0;Baseline;math_bench_test.go/BenchmarkMathIntBigEndian;4.77;0;0
0-186-0;Baseline;math_bench_test.go/BenchmarkMathIntLittleEndian;2.86;0;0
0-186-0;Baseline;math_bench_test.go/BenchmarkMathUintBigEndian;4.77;0;0
0-186-0;Baseline;math_bench_test.go/BenchmarkMathUintLittleEndian;2.86;0;0
0-187-0;Baseline;math_bench_test.go/BenchmarkMathFloatBigEndian;11.4;0;0
0-187-0;Baseline;math_bench_test.go/BenchmarkMathFloatLittleEndian;9.06;0;0
0-187-0;Baseline;math_bench_test.go/BenchmarkMathIntBigEndian;4.77;0;0
0-187-0;Baseline;math_bench_test.go/BenchmarkMathIntLittleEndian;2.86;0;0
0-187-0;Baseline;math_bench_test.go/BenchmarkMathUintBigEndian;4.77;0;0
0-187-0;Baseline;math_bench_test.go/BenchmarkMathUintLittleEndian;2.86;0;0
0-188-0;Baseline;math_bench_test.go/BenchmarkMathFloatBigEndian;11.4;0;0
0-188-0;Baseline;math_bench_test.go/BenchmarkMathFloatLittleEndian;9.07;0;0
0-188-0;Baseline;math_bench_test.go/BenchmarkMathIntBigEndian;4.77;0;0
0-188-0;Baseline;math_bench_test.go/BenchmarkMathIntLittleEndian;2.86;0;0
0-188-0;Baseline;math_bench_test.go/BenchmarkMathUintBigEndian;4.77;0;0
0-188-0;Baseline;math_bench_test.go/BenchmarkMathUintLittleEndian;2.86;0;0
0-189-0;Baseline;math_bench_test.go/BenchmarkMathFloatBigEndian;11.4;0;0
0-189-0;Baseline;math_bench_test.go/BenchmarkMathFloatLittleEndian;9.07;0;0
0-189-0;Baseline;math_bench_test.go/BenchmarkMathIntBigEndian;4.77;0;0
0-189-0;Baseline;math_bench_test.go/BenchmarkMathIntLittleEndian;2.86;0;0
0-189-0;Baseline;math_bench_test.go/BenchmarkMathUintBigEndian;4.77;0;0
0-189-0;Baseline;math_bench_test.go/BenchmarkMathUintLittleEndian;2.86;0;0
0-190-0;Baseline;math_bench_test.go/BenchmarkMathFloatBigEndian;11.4;0;0
0-190-0;Baseline;math_bench_test.go/BenchmarkMathFloatLittleEndian;9.06;0;0
0-190-0;Baseline;math_bench_test.go/BenchmarkMathIntBigEndian;4.77;0;0
0-190-0;Baseline;math_bench_test.go/BenchmarkMathIntLittleEndian;2.86;0;0
0-190-0;Baseline;math_bench_test.go/BenchmarkMathUintBigEndian;4.77;0;0
0-190-0;Baseline;math_bench_test.go/BenchmarkMathUintLittleEndian;2.86;0;0
0-191-0;Baseline;math_bench_test.go/BenchmarkMathFloatBigEndian;11.1;0;0
0-191-0;Baseline;math_bench_test.go/BenchmarkMathFloatLittleEndian;9.09;0;0
0-191-0;Baseline;math_bench_test.go/BenchmarkMathIntBigEndian;4.77;0;0
0-191-0;Baseline;math_bench_test.go/BenchmarkMathIntLittleEndian;2.86;0;0
0-191-0;Baseline;math_bench_test.go/BenchmarkMathUintBigEndian;4.77;0;0
0-191-0;Baseline;math_bench_test.go/BenchmarkMathUintLittleEndian;2.86;0;0
0-192-0;Baseline;math_bench_test.go/BenchmarkMathFloatBigEndian;11.4;0;0
0-192-0;Baseline;math_bench_test.go/BenchmarkMathFloatLittleEndian;9.07;0;0
0-192-0;Baseline;math_bench_test.go/BenchmarkMathIntBigEndian;4.77;0;0
0-192-0;Baseline;math_bench_test.go/BenchmarkMathIntLittleEndian;2.86;0;0
0-192-0;Baseline;math_bench_test.go/BenchmarkMathUintBigEndian;4.77;0;0
0-192-0;Baseline;math_bench_test.go/BenchmarkMathUintLittleEndian;2.86;0;0
0-193-0;Baseline;math_bench_test.go/BenchmarkMathFloatBigEndian;11.5;0;0
0-193-0;Baseline;math_bench_test.go/BenchmarkMathFloatLittleEndian;9.07;0;0
0-193-0;Baseline;math_bench_test.go/BenchmarkMathIntBigEndian;4.77;0;0
0-193-0;Baseline;math_bench_test.go/BenchmarkMathIntLittleEndian;2.86;0;0
0-193-0;Baseline;math_bench_test.go/BenchmarkMathUintBigEndian;4.77;0;0
0-193-0;Baseline;math_bench_test.go/BenchmarkMathUintLittleEndian;2.86;0;0
0-194-0;Baseline;math_bench_test.go/BenchmarkMathFloatBigEndian;11.5;0;0
0-194-0;Baseline;math_bench_test.go/BenchmarkMathFloatLittleEndian;9.07;0;0
0-194-0;Baseline;math_bench_test.go/BenchmarkMathIntBigEndian;4.77;0;0
0-194-0;Baseline;math_bench_test.go/BenchmarkMathIntLittleEndian;2.86;0;0
0-194-0;Baseline;math_bench_test.go/BenchmarkMathUintBigEndian;4.77;0;0
0-194-0;Baseline;math_bench_test.go/BenchmarkMathUintLittleEndian;2.86;0;0
0-195-0;Baseline;math_bench_test.go/BenchmarkMathFloatBigEndian;11.5;0;0
0-195-0;Baseline;math_bench_test.go/BenchmarkMathFloatLittleEndian;9.07;0;0
0-195-0;Baseline;math_bench_test.go/BenchmarkMathIntBigEndian;4.77;0;0
0-195-0;Baseline;math_bench_test.go/BenchmarkMathIntLittleEndian;2.86;0;0
0-195-0;Baseline;math_bench_test.go/BenchmarkMathUintBigEndian;4.77;0;0
0-195-0;Baseline;math_bench_test.go/BenchmarkMathUintLittleEndian;2.86;0;0
0-196-0;Baseline;math_bench_test.go/BenchmarkMathFloatBigEndian;11.4;0;0
0-196-0;Baseline;math_bench_test.go/BenchmarkMathFloatLittleEndian;9.13;0;0
0-196-0;Baseline;math_bench_test.go/BenchmarkMathIntBigEndian;4.77;0;0
0-196-0;Baseline;math_bench_test.go/BenchmarkMathIntLittleEndian;2.86;0;0
0-196-0;Baseline;math_bench_test.go/BenchmarkMathUintBigEndian;4.77;0;0
0-196-0;Baseline;math_bench_test.go/BenchmarkMathUintLittleEndian;2.86;0;0
0-197-0;Baseline;math_bench_test.go/BenchmarkMathFloatBigEndian;11.5;0;0
0-197-0;Baseline;math_bench_test.go/BenchmarkMathFloatLittleEndian;9.13;0;0
0-197-0;Baseline;math_bench_test.go/BenchmarkMathIntBigEndian;4.77;0;0
0-197-0;Baseline;math_bench_test.go/BenchmarkMathIntLittleEndian;2.86;0;0
0-197-0;Baseline;math_bench_test.go/BenchmarkMathUintBigEndian;4.77;0;0
0-197-0;Baseline;math_bench_test.go/BenchmarkMathUintLittleEndian;2.86;0;0
0-198-0;Baseline;math_bench_test.go/BenchmarkMathFloatBigEndian;11.4;0;0
0-198-0;Baseline;math_bench_test.go/BenchmarkMathFloatLittleEndian;9.13;0;0
0-198-0;Baseline;math_bench_test.go/BenchmarkMathIntBigEndian;4.77;0;0
0-198-0;Baseline;math_bench_test.go/BenchmarkMathIntLittleEndian;2.86;0;0
0-198-0;Baseline;math_bench_test.go/BenchmarkMathUintBigEndian;4.77;0;0
0-198-0;Baseline;math_bench_test.go/BenchmarkMathUintLittleEndian;2.86;0;0
0-199-0;Baseline;math_bench_test.go/BenchmarkMathFloatBigEndian;11.4;0;0
0-199-0;Baseline;math_bench_test.go/BenchmarkMathFloatLittleEndian;9.07;0;0
0-199-0;Baseline;math_bench_test.go/BenchmarkMathIntBigEndian;4.77;0;0
0-199-0;Baseline;math_bench_test.go/BenchmarkMathIntLittleEndian;2.86;0;0
0-199-0;Baseline;math_bench_test.go/BenchmarkMathUintBigEndian;4.77;0;0
0-199-0;Baseline;math_bench_test.go/BenchmarkMathUintLittleEndian;2.86;0;0
0-200-0;Baseline;math_bench_test.go/BenchmarkMathFloatBigEndian;11.4;0;0
0-200-0;Baseline;math_bench_test.go/BenchmarkMathFloatLittleEndian;9.12;0;0
0-200-0;Baseline;math_bench_test.go/BenchmarkMathIntBigEndian;4.77;0;0
0-200-0;Baseline;math_bench_test.go/BenchmarkMathIntLittleEndian;2.86;0;0
0-200-0;Baseline;math_bench_test.go/BenchmarkMathUintBigEndian;4.77;0;0
0-200-0;Baseline;math_bench_test.go/BenchmarkMathUintLittleEndian;2.86;0;0
0-201-0;Baseline;math_bench_test.go/BenchmarkMathFloatBigEndian;11.5;0;0
0-201-0;Baseline;math_bench_test.go/BenchmarkMathFloatLittleEndian;9.08;0;0
0-201-0;Baseline;math_bench_test.go/BenchmarkMathIntBigEndian;4.77;0;0
0-201-0;Baseline;math_bench_test.go/BenchmarkMathIntLittleEndian;2.86;0;0
0-201-0;Baseline;math_bench_test.go/BenchmarkMathUintBigEndian;4.77;0;0
0-201-0;Baseline;math_bench_test.go/BenchmarkMathUintLittleEndian;2.86;0;0
0-202-0;Baseline;math_bench_test.go/BenchmarkMathFloatBigEndian;11.4;0;0
0-202-0;Baseline;math_bench_test.go/BenchmarkMathFloatLittleEndian;9.07;0;0
0-202-0;Baseline;math_bench_test.go/BenchmarkMathIntBigEndian;4.77;0;0
0-202-0;Baseline;math_bench_test.go/BenchmarkMathIntLittleEndian;2.86;0;0
0-202-0;Baseline;math_bench_test.go/BenchmarkMathUintBigEndian;4.77;0;0
0-202-0;Baseline;math_bench_test.go/BenchmarkMathUintLittleEndian;2.86;0;0
0-203-0;Baseline;math_bench_test.go/BenchmarkMathFloatBigEndian;11.4;0;0
0-203-0;Baseline;math_bench_test.go/BenchmarkMathFloatLittleEndian;9.07;0;0
0-203-0;Baseline;math_bench_test.go/BenchmarkMathIntBigEndian;4.77;0;0
0-203-0;Baseline;math_bench_test.go/BenchmarkMathIntLittleEndian;2.86;0;0
0-203-0;Baseline;math_bench_test.go/BenchmarkMathUintBigEndian;4.77;0;0
0-203-0;Baseline;math_bench_test.go/BenchmarkMathUintLittleEndian;2.86;0;0
0-204-0;Baseline;math_bench_test.go/BenchmarkMathFloatBigEndian;11.5;0;0
0-204-0;Baseline;math_bench_test.go/BenchmarkMathFloatLittleEndian;9.07;0;0
0-204-0;Baseline;math_bench_test.go/BenchmarkMathIntBigEndian;4.77;0;0
0-204-0;Baseline;math_bench_test.go/BenchmarkMathIntLittleEndian;2.86;0;0
0-204-0;Baseline;math_bench_test.go/BenchmarkMathUintBigEndian;4.77;0;0
0-204-0;Baseline;math_bench_test.go/BenchmarkMathUintLittleEndian;2.86;0;0
0-205-0;Baseline;math_bench_test.go/BenchmarkMathFloatBigEndian;11.4;0;0
0-205-0;Baseline;math_bench_test.go/BenchmarkMathFloatLittleEndian;9.09;0;0
0-205-0;Baseline;math_bench_test.go/BenchmarkMathIntBigEndian;4.77;0;0
0-205-0;Baseline;math_bench_test.go/BenchmarkMathIntLittleEndian;2.86;0;0
0-205-0;Baseline;math_bench_test.go/BenchmarkMathUintBigEndian;4.77;0;0
0-205-0;Baseline;math_bench_test.go/BenchmarkMathUintLittleEndian;2.86;0;0
0-206-0;Baseline;math_bench_test.go/BenchmarkMathFloatBigEndian;11.5;0;0
0-206-0;Baseline;math_bench_test.go/BenchmarkMathFloatLittleEndian;9.08;0;0
0-206-0;Baseline;math_bench_test.go/BenchmarkMathIntBigEndian;4.77;0;0
0-206-0;Baseline;math_bench_test.go/BenchmarkMathIntLittleEndian;2.86;0;0
0-206-0;Baseline;math_bench_test.go/BenchmarkMathUintBigEndian;4.77;0;0
0-206-0;Baseline;math_bench_test.go/BenchmarkMathUintLittleEndian;2.86;0;0
0-207-0;Baseline;math_bench_test.go/BenchmarkMathFloatBigEndian;11.5;0;0
0-207-0;Baseline;math_bench_test.go/BenchmarkMathFloatLittleEndian;9.08;0;0
0-207-0;Baseline;math_bench_test.go/BenchmarkMathIntBigEndian;4.77;0;0
0-207-0;Baseline;math_bench_test.go/BenchmarkMathIntLittleEndian;2.86;0;0
0-207-0;Baseline;math_bench_test.go/BenchmarkMathUintBigEndian;4.77;0;0
0-207-0;Baseline;math_bench_test.go/BenchmarkMathUintLittleEndian;2.86;0;0
0-208-0;Baseline;math_bench_test.go/BenchmarkMathFloatBigEndian;11.4;0;0
0-208-0;Baseline;math_bench_test.go/BenchmarkMathFloatLittleEndian;9.07;0;0
0-208-0;Baseline;math_bench_test.go/BenchmarkMathIntBigEndian;4.77;0;0
0-208-0;Baseline;math_bench_test.go/BenchmarkMathIntLittleEndian;2.86;0;0
0-208-0;Baseline;math_bench_test.go/BenchmarkMathUintBigEndian;4.77;0;0
0-208-0;Baseline;math_bench_test.go/BenchmarkMathUintLittleEndian;2.86;0;0
0-209-0;Baseline;math_bench_test.go/BenchmarkMathFloatBigEndian;11.5;0;0
0-209-0;Baseline;math_bench_test.go/BenchmarkMathFloatLittleEndian;9.13;0;0
0-209-0;Baseline;math_bench_test.go/BenchmarkMathIntBigEndian;4.77;0;0
0-209-0;Baseline;math_bench_test.go/BenchmarkMathIntLittleEndian;2.86;0;0
0-209-0;Baseline;math_bench_test.go/BenchmarkMathUintBigEndian;4.77;0;0
0-209-0;Baseline;math_bench_test.go/BenchmarkMathUintLittleEndian;2.86;0;0
0-210-0;Baseline;math_bench_test.go/BenchmarkMathFloatBigEndian;11.3;0;0
0-210-0;Baseline;math_bench_test.go/BenchmarkMathFloatLittleEndian;9.06;0;0
0-210-0;Baseline;math_bench_test.go/BenchmarkMathIntBigEndian;4.77;0;0
0-210-0;Baseline;math_bench_test.go/BenchmarkMathIntLittleEndian;2.86;0;0
0-210-0;Baseline;math_bench_test.go/BenchmarkMathUintBigEndian;4.77;0;0
0-210-0;Baseline;math_bench_test.go/BenchmarkMathUintLittleEndian;2.86;0;0
0-211-0;Baseline;math_bench_test.go/BenchmarkMathFloatBigEndian;11.4;0;0
0-211-0;Baseline;math_bench_test.go/BenchmarkMathFloatLittleEndian;9.07;0;0
0-211-0;Baseline;math_bench_test.go/BenchmarkMathIntBigEndian;4.77;0;0
0-211-0;Baseline;math_bench_test.go/BenchmarkMathIntLittleEndian;2.86;0;0
0-211-0;Baseline;math_bench_test.go/BenchmarkMathUintBigEndian;4.77;0;0
0-211-0;Baseline;math_bench_test.go/BenchmarkMathUintLittleEndian;2.86;0;0
0-212-0;Baseline;math_bench_test.go/BenchmarkMathFloatBigEndian;11.4;0;0
0-212-0;Baseline;math_bench_test.go/BenchmarkMathFloatLittleEndian;9.06;0;0
0-212-0;Baseline;math_bench_test.go/BenchmarkMathIntBigEndian;4.77;0;0
0-212-0;Baseline;math_bench_test.go/BenchmarkMathIntLittleEndian;2.86;0;0
0-212-0;Baseline;math_bench_test.go/BenchmarkMathUintBigEndian;4.77;0;0
0-212-0;Baseline;math_bench_test.go/BenchmarkMathUintLittleEndian;2.86;0;0
0-213-0;Baseline;math_bench_test.go/BenchmarkMathFloatBigEndian;11.5;0;0
0-213-0;Baseline;math_bench_test.go/BenchmarkMathFloatLittleEndian;9.07;0;0
0-213-0;Baseline;math_bench_test.go/BenchmarkMathIntBigEndian;4.77;0;0
0-213-0;Baseline;math_bench_test.go/BenchmarkMathIntLittleEndian;2.86;0;0
0-213-0;Baseline;math_bench_test.go/BenchmarkMathUintBigEndian;4.77;0;0
0-213-0;Baseline;math_bench_test.go/BenchmarkMathUintLittleEndian;2.86;0;0
0-214-0;Baseline;math_bench_test.go/BenchmarkMathFloatBigEndian;11.4;0;0
0-214-0;Baseline;math_bench_test.go/BenchmarkMathFloatLittleEndian;9.08;0;0
0-214-0;Baseline;math_bench_test.go/BenchmarkMathIntBigEndian;4.77;0;0
0-214-0;Baseline;math_bench_test.go/BenchmarkMathIntLittleEndian;2.86;0;0
0-214-0;Baseline;math_bench_test.go/BenchmarkMathUintBigEndian;4.77;0;0
0-214-0;Baseline;math_bench_test.go/BenchmarkMathUintLittleEndian;2.86;0;0
0-215-0;Baseline;math_bench_test.go/BenchmarkMathFloatBigEndian;11.1;0;0
0-215-0;Baseline;math_bench_test.go/BenchmarkMathFloatLittleEndian;9.13;0;0
0-215-0;Baseline;math_bench_test.go/BenchmarkMathIntBigEndian;4.77;0;0
0-215-0;Baseline;math_bench_test.go/BenchmarkMathIntLittleEndian;2.86;0;0
0-215-0;Baseline;math_bench_test.go/BenchmarkMathUintBigEndian;4.77;0;0
0-215-0;Baseline;math_bench_test.go/BenchmarkMathUintLittleEndian;2.86;0;0
0-216-0;Baseline;math_bench_test.go/BenchmarkMathFloatBigEndian;11.5;0;0
0-216-0;Baseline;math_bench_test.go/BenchmarkMathFloatLittleEndian;9.09;0;0
0-216-0;Baseline;math_bench_test.go/BenchmarkMathIntBigEndian;4.77;0;0
0-216-0;Baseline;math_bench_test.go/BenchmarkMathIntLittleEndian;2.86;0;0
0-216-0;Baseline;math_bench_test.go/BenchmarkMathUintBigEndian;4.77;0;0
0-216-0;Baseline;math_bench_test.go/BenchmarkMathUintLittleEndian;2.86;0;0
0-217-0;Baseline;math_bench_test.go/BenchmarkMathFloatBigEndian;11.4;0;0
0-217-0;Baseline;math_bench_test.go/BenchmarkMathFloatLittleEndian;9.13;0;0
0-217-0;Baseline;math_bench_test.go/BenchmarkMathIntBigEndian;4.77;0;0
0-217-0;Baseline;math_bench_test.go/BenchmarkMathIntLittleEndian;2.86;0;0
0-217-0;Baseline;math_bench_test.go/BenchmarkMathUintBigEndian;4.77;0;0
0-217-0;Baseline;math_bench_test.go/BenchmarkMathUintLittleEndian;2.86;0;0
0-218-0;Baseline;math_bench_test.go/BenchmarkMathFloatBigEndian;11.4;0;0
0-218-0;Baseline;math_bench_test.go/BenchmarkMathFloatLittleEndian;9.07;0;0
0-218-0;Baseline;math_bench_test.go/BenchmarkMathIntBigEndian;4.77;0;0
0-218-0;Baseline;math_bench_test.go/BenchmarkMathIntLittleEndian;2.86;0;0
0-218-0;Baseline;math_bench_test.go/BenchmarkMathUintBigEndian;4.77;0;0
0-218-0;Baseline;math_bench_test.go/BenchmarkMathUintLittleEndian;2.86;0;0
0-219-0;Baseline;math_bench_test.go/BenchmarkMathFloatBigEndian;11.5;0;0
0-219-0;Baseline;math_bench_test.go/BenchmarkMathFloatLittleEndian;9.13;0;0
0-219-0;Baseline;math_bench_test.go/BenchmarkMathIntBigEndian;4.77;0;0
0-219-0;Baseline;math_bench_test.go/BenchmarkMathIntLittleEndian;2.86;0;0
0-219-0;Baseline;math_bench_test.go/BenchmarkMathUintBigEndian;4.77;0;0
0-219-0;Baseline;math_bench_test.go/BenchmarkMathUintLittleEndian;2.86;0;0
0-220-0;Baseline;math_bench_test.go/BenchmarkMathFloatBigEndian;11.5;0;0
0-220-0;Baseline;math_bench_test.go/BenchmarkMathFloatLittleEndian;9.06;0;0
0-220-0;Baseline;math_bench_test.go/BenchmarkMathIntBigEndian;4.77;0;0
0-220-0;Baseline;math_bench_test.go/BenchmarkMathIntLittleEndian;2.86;0;0
0-220-0;Baseline;math_bench_test.go/BenchmarkMathUintBigEndian;4.77;0;0
0-220-0;Baseline;math_bench_test.go/BenchmarkMathUintLittleEndian;2.86;0;0
0-221-0;Baseline;math_bench_test.go/BenchmarkMathFloatBigEndian;11.4;0;0
0-221-0;Baseline;math_bench_test.go/BenchmarkMathFloatLittleEndian;9.06;0;0
0-221-0;Baseline;math_bench_test.go/BenchmarkMathIntBigEndian;4.77;0;0
0-221-0;Baseline;math_bench_test.go/BenchmarkMathIntLittleEndian;2.86;0;0
0-221-0;Baseline;math_bench_test.go/BenchmarkMathUintBigEndian;4.77;0;0
0-221-0;Baseline;math_bench_test.go/BenchmarkMathUintLittleEndian;2.86;0;0
0-222-0;Baseline;math_bench_test.go/BenchmarkMathFloatBigEndian;11.4;0;0
0-222-0;Baseline;math_bench_test.go/BenchmarkMathFloatLittleEndian;9.09;0;0
0-222-0;Baseline;math_bench_test.go/BenchmarkMathIntBigEndian;4.77;0;0
