0-0-0;Baseline;rpc_test.go/BenchmarkHandlerUncompressed;14174;504;13
0-0-0;Baseline;rpc_test.go/BenchmarkHandlerCompressed;29369;543;18
0-0-0;Baseline;main_test.go/BenchmarkTBinaryHTTP;153814;40067;130
0-0-0;Baseline;main_test.go/BenchmarkTCompactHTTP;153686;39805;131
0-0-0;Baseline;main_test.go/BenchmarkTBinaryRaw;75554;1519;45
0-0-0;Baseline;main_test.go/BenchmarkTCompactRaw;75457;1183;42
0-0-0;Baseline;main_test.go/BenchmarkConcurrentHttp;39943;40717;303
0-0-0;Baseline;main_test.go/BenchmarkConcurrentRaw;18091;1842;215
0-1-0;Baseline;main_test.go/BenchmarkTBinaryHTTP;152922;40068;130
0-1-0;Baseline;main_test.go/BenchmarkTCompactHTTP;153961;39804;131
0-1-0;Baseline;main_test.go/BenchmarkTBinaryRaw;75285;1519;45
0-1-0;Baseline;main_test.go/BenchmarkTCompactRaw;75392;1183;42
0-1-0;Baseline;main_test.go/BenchmarkConcurrentHttp;39904;40712;303
0-1-0;Baseline;main_test.go/BenchmarkConcurrentRaw;18083;1842;215
0-1-0;Baseline;rpc_test.go/BenchmarkHandlerUncompressed;14133;504;13
0-1-0;Baseline;rpc_test.go/BenchmarkHandlerCompressed;29466;544;18
0-2-0;Baseline;main_test.go/BenchmarkTBinaryHTTP;154762;40071;130
0-2-0;Baseline;main_test.go/BenchmarkTCompactHTTP;153164;39803;131
0-2-0;Baseline;main_test.go/BenchmarkTBinaryRaw;74988;1519;45
0-2-0;Baseline;main_test.go/BenchmarkTCompactRaw;74938;1183;42
0-2-0;Baseline;main_test.go/BenchmarkConcurrentHttp;40121;40718;303
0-2-0;Baseline;main_test.go/BenchmarkConcurrentRaw;18147;1842;215
0-2-0;Baseline;rpc_test.go/BenchmarkHandlerUncompressed;14081;504;13
0-2-0;Baseline;rpc_test.go/BenchmarkHandlerCompressed;29474;543;18
0-3-0;Baseline;main_test.go/BenchmarkTBinaryHTTP;153421;40069;130
0-3-0;Baseline;main_test.go/BenchmarkTCompactHTTP;153004;39802;131
0-3-0;Baseline;main_test.go/BenchmarkTBinaryRaw;75015;1519;45
0-3-0;Baseline;main_test.go/BenchmarkTCompactRaw;75252;1183;42
0-3-0;Baseline;main_test.go/BenchmarkConcurrentHttp;40130;40715;303
0-3-0;Baseline;main_test.go/BenchmarkConcurrentRaw;18121;1842;215
0-3-0;Baseline;rpc_test.go/BenchmarkHandlerUncompressed;14114;504;13
0-3-0;Baseline;rpc_test.go/BenchmarkHandlerCompressed;29371;543;18
0-4-0;Baseline;rpc_test.go/BenchmarkHandlerUncompressed;14330;504;13
0-4-0;Baseline;rpc_test.go/BenchmarkHandlerCompressed;29272;543;18
0-4-0;Baseline;main_test.go/BenchmarkTBinaryHTTP;153737;40067;130
0-4-0;Baseline;main_test.go/BenchmarkTCompactHTTP;152654;39805;131
0-4-0;Baseline;main_test.go/BenchmarkTBinaryRaw;75467;1519;45
0-4-0;Baseline;main_test.go/BenchmarkTCompactRaw;75344;1183;42
0-4-0;Baseline;main_test.go/BenchmarkConcurrentHttp;39878;40717;303
0-4-0;Baseline;main_test.go/BenchmarkConcurrentRaw;18032;1842;215
0-5-0;Baseline;main_test.go/BenchmarkTBinaryHTTP;153403;40067;130
0-5-0;Baseline;main_test.go/BenchmarkTCompactHTTP;153010;39804;131
0-5-0;Baseline;main_test.go/BenchmarkTBinaryRaw;75661;1519;45
0-5-0;Baseline;main_test.go/BenchmarkTCompactRaw;74972;1183;42
0-5-0;Baseline;main_test.go/BenchmarkConcurrentHttp;39958;40717;303
0-5-0;Baseline;main_test.go/BenchmarkConcurrentRaw;18190;1842;215
0-5-0;Baseline;rpc_test.go/BenchmarkHandlerUncompressed;14178;504;13
0-5-0;Baseline;rpc_test.go/BenchmarkHandlerCompressed;29400;543;18
0-6-0;Baseline;main_test.go/BenchmarkTBinaryHTTP;153974;40067;130
0-6-0;Baseline;main_test.go/BenchmarkTCompactHTTP;153966;39805;131
0-6-0;Baseline;main_test.go/BenchmarkTBinaryRaw;75253;1519;45
0-6-0;Baseline;main_test.go/BenchmarkTCompactRaw;75389;1183;42
0-6-0;Baseline;main_test.go/BenchmarkConcurrentHttp;40049;40719;303
0-6-0;Baseline;main_test.go/BenchmarkConcurrentRaw;18110;1842;215
0-6-0;Baseline;rpc_test.go/BenchmarkHandlerUncompressed;14144;504;13
0-6-0;Baseline;rpc_test.go/BenchmarkHandlerCompressed;29277;543;18
0-7-0;Baseline;main_test.go/BenchmarkTBinaryHTTP;153472;40063;130
0-7-0;Baseline;main_test.go/BenchmarkTCompactHTTP;152413;39802;131
0-7-0;Baseline;main_test.go/BenchmarkTBinaryRaw;75000;1519;45
0-7-0;Baseline;main_test.go/BenchmarkTCompactRaw;75130;1183;42
0-7-0;Baseline;main_test.go/BenchmarkConcurrentHttp;40214;40717;303
0-7-0;Baseline;main_test.go/BenchmarkConcurrentRaw;18031;1842;215
0-7-0;Baseline;rpc_test.go/BenchmarkHandlerUncompressed;14216;504;13
0-7-0;Baseline;rpc_test.go/BenchmarkHandlerCompressed;29331;543;18
0-8-0;Baseline;rpc_test.go/BenchmarkHandlerUncompressed;14093;504;13
0-8-0;Baseline;rpc_test.go/BenchmarkHandlerCompressed;29443;543;18
0-8-0;Baseline;main_test.go/BenchmarkTBinaryHTTP;154112;40065;130
0-8-0;Baseline;main_test.go/BenchmarkTCompactHTTP;154028;39804;131
0-8-0;Baseline;main_test.go/BenchmarkTBinaryRaw;75190;1519;45
0-8-0;Baseline;main_test.go/BenchmarkTCompactRaw;75120;1183;42
0-8-0;Baseline;main_test.go/BenchmarkConcurrentHttp;40087;40717;303
0-8-0;Baseline;main_test.go/BenchmarkConcurrentRaw;18117;1842;215
0-9-0;Baseline;main_test.go/BenchmarkTBinaryHTTP;152251;40064;130
0-9-0;Baseline;main_test.go/BenchmarkTCompactHTTP;153159;39802;131
0-9-0;Baseline;main_test.go/BenchmarkTBinaryRaw;74605;1519;45
0-9-0;Baseline;main_test.go/BenchmarkTCompactRaw;75333;1183;42
0-9-0;Baseline;main_test.go/BenchmarkConcurrentHttp;40062;40717;303
0-9-0;Baseline;main_test.go/BenchmarkConcurrentRaw;18393;1842;215
0-9-0;Baseline;rpc_test.go/BenchmarkHandlerUncompressed;14215;504;13
0-9-0;Baseline;rpc_test.go/BenchmarkHandlerCompressed;29311;543;18
0-10-0;Baseline;main_test.go/BenchmarkTBinaryHTTP;152697;40066;130
0-10-0;Baseline;main_test.go/BenchmarkTCompactHTTP;152684;39803;131
0-10-0;Baseline;main_test.go/BenchmarkTBinaryRaw;75283;1519;45
0-10-0;Baseline;main_test.go/BenchmarkTCompactRaw;75030;1183;42
0-10-0;Baseline;main_test.go/BenchmarkConcurrentHttp;40160;40718;303
0-10-0;Baseline;main_test.go/BenchmarkConcurrentRaw;18097;1842;215
0-10-0;Baseline;rpc_test.go/BenchmarkHandlerUncompressed;14091;504;13
0-10-0;Baseline;rpc_test.go/BenchmarkHandlerCompressed;29450;544;18
0-11-0;Baseline;main_test.go/BenchmarkTBinaryHTTP;153395;40066;130
0-11-0;Baseline;main_test.go/BenchmarkTCompactHTTP;152842;39804;131
0-11-0;Baseline;main_test.go/BenchmarkTBinaryRaw;75501;1519;45
0-11-0;Baseline;main_test.go/BenchmarkTCompactRaw;74518;1183;42
0-11-0;Baseline;main_test.go/BenchmarkConcurrentHttp;39926;40716;303
0-11-0;Baseline;main_test.go/BenchmarkConcurrentRaw;18046;1842;215
0-11-0;Baseline;rpc_test.go/BenchmarkHandlerUncompressed;14096;504;13
0-11-0;Baseline;rpc_test.go/BenchmarkHandlerCompressed;29225;543;18
0-12-0;Baseline;rpc_test.go/BenchmarkHandlerUncompressed;14056;504;13
0-12-0;Baseline;rpc_test.go/BenchmarkHandlerCompressed;29308;543;18
0-12-0;Baseline;main_test.go/BenchmarkTBinaryHTTP;153640;40070;130
0-12-0;Baseline;main_test.go/BenchmarkTCompactHTTP;153331;39805;131
0-12-0;Baseline;main_test.go/BenchmarkTBinaryRaw;75903;1519;45
0-12-0;Baseline;main_test.go/BenchmarkTCompactRaw;75572;1183;42
0-12-0;Baseline;main_test.go/BenchmarkConcurrentHttp;40019;40717;303
0-12-0;Baseline;main_test.go/BenchmarkConcurrentRaw;18057;1842;215
0-13-0;Baseline;main_test.go/BenchmarkTBinaryHTTP;153691;40064;130
0-13-0;Baseline;main_test.go/BenchmarkTCompactHTTP;153449;39804;131
0-13-0;Baseline;main_test.go/BenchmarkTBinaryRaw;75323;1519;45
0-13-0;Baseline;main_test.go/BenchmarkTCompactRaw;75788;1183;42
0-13-0;Baseline;main_test.go/BenchmarkConcurrentHttp;40002;40716;303
0-13-0;Baseline;main_test.go/BenchmarkConcurrentRaw;18077;1842;215
0-13-0;Baseline;rpc_test.go/BenchmarkHandlerUncompressed;14201;504;13
0-13-0;Baseline;rpc_test.go/BenchmarkHandlerCompressed;29313;543;18
0-14-0;Baseline;main_test.go/BenchmarkTBinaryHTTP;153257;40067;130
0-14-0;Baseline;main_test.go/BenchmarkTCompactHTTP;153598;39802;131
0-14-0;Baseline;main_test.go/BenchmarkTBinaryRaw;75412;1519;45
0-14-0;Baseline;main_test.go/BenchmarkTCompactRaw;74909;1183;42
0-14-0;Baseline;main_test.go/BenchmarkConcurrentHttp;39993;40718;303
0-14-0;Baseline;main_test.go/BenchmarkConcurrentRaw;18138;1842;215
0-14-0;Baseline;rpc_test.go/BenchmarkHandlerUncompressed;14058;504;13
0-14-0;Baseline;rpc_test.go/BenchmarkHandlerCompressed;29307;543;18
0-15-0;Baseline;rpc_test.go/BenchmarkHandlerUncompressed;14166;504;13
0-15-0;Baseline;rpc_test.go/BenchmarkHandlerCompressed;29275;543;18
0-15-0;Baseline;main_test.go/BenchmarkTBinaryHTTP;153182;40067;130
0-15-0;Baseline;main_test.go/BenchmarkTCompactHTTP;153262;39802;131
0-15-0;Baseline;main_test.go/BenchmarkTBinaryRaw;75033;1519;45
0-15-0;Baseline;main_test.go/BenchmarkTCompactRaw;75045;1183;42
0-15-0;Baseline;main_test.go/BenchmarkConcurrentHttp;39995;40718;303
0-15-0;Baseline;main_test.go/BenchmarkConcurrentRaw;18152;1842;215
0-16-0;Baseline;main_test.go/BenchmarkTBinaryHTTP;152842;40067;130
0-16-0;Baseline;main_test.go/BenchmarkTCompactHTTP;153522;39805;131
0-16-0;Baseline;main_test.go/BenchmarkTBinaryRaw;75430;1519;45
0-16-0;Baseline;main_test.go/BenchmarkTCompactRaw;75247;1183;42
0-16-0;Baseline;main_test.go/BenchmarkConcurrentHttp;40223;40720;303
0-16-0;Baseline;main_test.go/BenchmarkConcurrentRaw;18087;1842;215
0-16-0;Baseline;rpc_test.go/BenchmarkHandlerUncompressed;14216;504;13
0-16-0;Baseline;rpc_test.go/BenchmarkHandlerCompressed;29260;543;18
0-17-0;Baseline;main_test.go/BenchmarkTBinaryHTTP;153183;40072;130
0-17-0;Baseline;main_test.go/BenchmarkTCompactHTTP;152409;39800;131
0-17-0;Baseline;main_test.go/BenchmarkTBinaryRaw;75664;1519;45
0-17-0;Baseline;main_test.go/BenchmarkTCompactRaw;75125;1183;42
0-17-0;Baseline;main_test.go/BenchmarkConcurrentHttp;39889;40716;303
0-17-0;Baseline;main_test.go/BenchmarkConcurrentRaw;18094;1842;215
0-17-0;Baseline;rpc_test.go/BenchmarkHandlerUncompressed;14100;504;13
0-17-0;Baseline;rpc_test.go/BenchmarkHandlerCompressed;29398;543;18
0-18-0;Baseline;main_test.go/BenchmarkTBinaryHTTP;153567;40067;130
0-18-0;Baseline;main_test.go/BenchmarkTCompactHTTP;153661;39804;131
0-18-0;Baseline;main_test.go/BenchmarkTBinaryRaw;75598;1519;45
0-18-0;Baseline;main_test.go/BenchmarkTCompactRaw;74704;1183;42
0-18-0;Baseline;main_test.go/BenchmarkConcurrentHttp;39975;40718;303
0-18-0;Baseline;main_test.go/BenchmarkConcurrentRaw;18108;1842;215
0-18-0;Baseline;rpc_test.go/BenchmarkHandlerUncompressed;14124;504;13
0-18-0;Baseline;rpc_test.go/BenchmarkHandlerCompressed;29316;543;18
0-19-0;Baseline;main_test.go/BenchmarkTBinaryHTTP;152888;40068;130
0-19-0;Baseline;main_test.go/BenchmarkTCompactHTTP;152852;39804;131
0-19-0;Baseline;main_test.go/BenchmarkTBinaryRaw;75067;1519;45
0-19-0;Baseline;main_test.go/BenchmarkTCompactRaw;74738;1183;42
0-19-0;Baseline;main_test.go/BenchmarkConcurrentHttp;40026;40718;303
0-19-0;Baseline;main_test.go/BenchmarkConcurrentRaw;18082;1842;215
0-19-0;Baseline;rpc_test.go/BenchmarkHandlerUncompressed;14167;504;13
0-19-0;Baseline;rpc_test.go/BenchmarkHandlerCompressed;29268;543;18
0-20-0;Baseline;main_test.go/BenchmarkTBinaryHTTP;153749;40068;130
0-20-0;Baseline;main_test.go/BenchmarkTCompactHTTP;152956;39804;131
0-20-0;Baseline;main_test.go/BenchmarkTBinaryRaw;75183;1519;45
0-20-0;Baseline;main_test.go/BenchmarkTCompactRaw;75257;1183;42
0-20-0;Baseline;main_test.go/BenchmarkConcurrentHttp;40003;40717;303
0-20-0;Baseline;main_test.go/BenchmarkConcurrentRaw;18101;1842;215
0-20-0;Baseline;rpc_test.go/BenchmarkHandlerUncompressed;14185;504;13
0-20-0;Baseline;rpc_test.go/BenchmarkHandlerCompressed;29302;543;18
0-21-0;Baseline;main_test.go/BenchmarkTBinaryHTTP;153412;40067;130
0-21-0;Baseline;main_test.go/BenchmarkTCompactHTTP;153124;39805;131
0-21-0;Baseline;main_test.go/BenchmarkTBinaryRaw;75198;1519;45
0-21-0;Baseline;main_test.go/BenchmarkTCompactRaw;75667;1183;42
0-21-0;Baseline;main_test.go/BenchmarkConcurrentHttp;39941;40717;303
0-21-0;Baseline;main_test.go/BenchmarkConcurrentRaw;18149;1842;215
0-21-0;Baseline;rpc_test.go/BenchmarkHandlerUncompressed;14102;504;13
0-21-0;Baseline;rpc_test.go/BenchmarkHandlerCompressed;29409;543;18
0-22-0;Baseline;rpc_test.go/BenchmarkHandlerUncompressed;14268;504;13
0-22-0;Baseline;rpc_test.go/BenchmarkHandlerCompressed;29353;544;18
0-22-0;Baseline;main_test.go/BenchmarkTBinaryHTTP;154057;40067;130
0-22-0;Baseline;main_test.go/BenchmarkTCompactHTTP;153045;39804;131
0-22-0;Baseline;main_test.go/BenchmarkTBinaryRaw;75983;1519;45
0-22-0;Baseline;main_test.go/BenchmarkTCompactRaw;74893;1183;42
0-22-0;Baseline;main_test.go/BenchmarkConcurrentHttp;39868;40719;303
0-22-0;Baseline;main_test.go/BenchmarkConcurrentRaw;18120;1842;215
0-23-0;Baseline;main_test.go/BenchmarkTBinaryHTTP;153560;40069;130
0-23-0;Baseline;main_test.go/BenchmarkTCompactHTTP;152689;39804;131
0-23-0;Baseline;main_test.go/BenchmarkTBinaryRaw;75183;1519;45
0-23-0;Baseline;main_test.go/BenchmarkTCompactRaw;74683;1183;42
0-23-0;Baseline;main_test.go/BenchmarkConcurrentHttp;39919;40719;303
0-23-0;Baseline;main_test.go/BenchmarkConcurrentRaw;18131;1842;215
0-23-0;Baseline;rpc_test.go/BenchmarkHandlerUncompressed;14252;504;13
0-23-0;Baseline;rpc_test.go/BenchmarkHandlerCompressed;29268;543;18
0-24-0;Baseline;main_test.go/BenchmarkTBinaryHTTP;152936;40066;130
0-24-0;Baseline;main_test.go/BenchmarkTCompactHTTP;153263;39804;131
0-24-0;Baseline;main_test.go/BenchmarkTBinaryRaw;75513;1519;45
0-24-0;Baseline;main_test.go/BenchmarkTCompactRaw;75194;1183;42
0-24-0;Baseline;main_test.go/BenchmarkConcurrentHttp;39992;40716;303
0-24-0;Baseline;main_test.go/BenchmarkConcurrentRaw;18077;1842;215
0-24-0;Baseline;rpc_test.go/BenchmarkHandlerUncompressed;14208;504;13
0-24-0;Baseline;rpc_test.go/BenchmarkHandlerCompressed;29347;543;18
0-25-0;Baseline;main_test.go/BenchmarkTBinaryHTTP;153883;40066;130
0-25-0;Baseline;main_test.go/BenchmarkTCompactHTTP;153242;39804;131
0-25-0;Baseline;main_test.go/BenchmarkTBinaryRaw;75333;1519;45
0-25-0;Baseline;main_test.go/BenchmarkTCompactRaw;74911;1183;42
0-25-0;Baseline;main_test.go/BenchmarkConcurrentHttp;39998;40718;303
0-25-0;Baseline;main_test.go/BenchmarkConcurrentRaw;18130;1842;215
0-25-0;Baseline;rpc_test.go/BenchmarkHandlerUncompressed;14070;504;13
0-25-0;Baseline;rpc_test.go/BenchmarkHandlerCompressed;29284;543;18
0-26-0;Baseline;rpc_test.go/BenchmarkHandlerUncompressed;14243;504;13
0-26-0;Baseline;rpc_test.go/BenchmarkHandlerCompressed;29261;543;18
0-26-0;Baseline;main_test.go/BenchmarkTBinaryHTTP;153984;40067;130
0-26-0;Baseline;main_test.go/BenchmarkTCompactHTTP;153546;39803;131
0-26-0;Baseline;main_test.go/BenchmarkTBinaryRaw;75194;1519;45
0-26-0;Baseline;main_test.go/BenchmarkTCompactRaw;75000;1183;42
0-26-0;Baseline;main_test.go/BenchmarkConcurrentHttp;39940;40719;303
0-26-0;Baseline;main_test.go/BenchmarkConcurrentRaw;18063;1842;215
0-27-0;Baseline;main_test.go/BenchmarkTBinaryHTTP;153233;40064;130
0-27-0;Baseline;main_test.go/BenchmarkTCompactHTTP;152549;39805;131
0-27-0;Baseline;main_test.go/BenchmarkTBinaryRaw;76691;1519;45
0-27-0;Baseline;main_test.go/BenchmarkTCompactRaw;75356;1183;42
0-27-0;Baseline;main_test.go/BenchmarkConcurrentHttp;40064;40717;303
0-27-0;Baseline;main_test.go/BenchmarkConcurrentRaw;18041;1842;215
0-27-0;Baseline;rpc_test.go/BenchmarkHandlerUncompressed;14213;504;13
0-27-0;Baseline;rpc_test.go/BenchmarkHandlerCompressed;29309;543;18
0-28-0;Baseline;rpc_test.go/BenchmarkHandlerUncompressed;14252;504;13
0-28-0;Baseline;rpc_test.go/BenchmarkHandlerCompressed;29331;543;18
0-28-0;Baseline;main_test.go/BenchmarkTBinaryHTTP;153150;40066;130
0-28-0;Baseline;main_test.go/BenchmarkTCompactHTTP;154022;39805;131
0-28-0;Baseline;main_test.go/BenchmarkTBinaryRaw;75278;1519;45
0-28-0;Baseline;main_test.go/BenchmarkTCompactRaw;75328;1183;42
0-28-0;Baseline;main_test.go/BenchmarkConcurrentHttp;40310;40717;303
0-28-0;Baseline;main_test.go/BenchmarkConcurrentRaw;18231;1842;215
0-29-0;Baseline;main_test.go/BenchmarkTBinaryHTTP;153477;40070;130
0-29-0;Baseline;main_test.go/BenchmarkTCompactHTTP;153406;39805;131
0-29-0;Baseline;main_test.go/BenchmarkTBinaryRaw;75526;1519;45
0-29-0;Baseline;main_test.go/BenchmarkTCompactRaw;75452;1183;42
0-29-0;Baseline;main_test.go/BenchmarkConcurrentHttp;40218;40721;303
0-29-0;Baseline;main_test.go/BenchmarkConcurrentRaw;18137;1842;215
0-29-0;Baseline;rpc_test.go/BenchmarkHandlerUncompressed;14066;504;13
0-29-0;Baseline;rpc_test.go/BenchmarkHandlerCompressed;29337;544;18
0-30-0;Baseline;main_test.go/BenchmarkTBinaryHTTP;154418;40068;130
0-30-0;Baseline;main_test.go/BenchmarkTCompactHTTP;154603;39803;131
0-30-0;Baseline;main_test.go/BenchmarkTBinaryRaw;75764;1519;45
0-30-0;Baseline;main_test.go/BenchmarkTCompactRaw;74735;1183;42
0-30-0;Baseline;main_test.go/BenchmarkConcurrentHttp;40093;40716;303
0-30-0;Baseline;main_test.go/BenchmarkConcurrentRaw;18180;1842;215
0-30-0;Baseline;rpc_test.go/BenchmarkHandlerUncompressed;14089;504;13
0-30-0;Baseline;rpc_test.go/BenchmarkHandlerCompressed;29378;543;18
0-31-0;Baseline;main_test.go/BenchmarkTBinaryHTTP;154271;40064;130
0-31-0;Baseline;main_test.go/BenchmarkTCompactHTTP;152856;39803;131
0-31-0;Baseline;main_test.go/BenchmarkTBinaryRaw;75575;1519;45
0-31-0;Baseline;main_test.go/BenchmarkTCompactRaw;74955;1183;42
0-31-0;Baseline;main_test.go/BenchmarkConcurrentHttp;40092;40717;303
0-31-0;Baseline;main_test.go/BenchmarkConcurrentRaw;18185;1842;215
0-31-0;Baseline;rpc_test.go/BenchmarkHandlerUncompressed;14274;504;13
0-31-0;Baseline;rpc_test.go/BenchmarkHandlerCompressed;29316;544;18
0-32-0;Baseline;main_test.go/BenchmarkTBinaryHTTP;153550;40065;130
0-32-0;Baseline;main_test.go/BenchmarkTCompactHTTP;152621;39804;131
0-32-0;Baseline;main_test.go/BenchmarkTBinaryRaw;75768;1519;45
0-32-0;Baseline;main_test.go/BenchmarkTCompactRaw;75233;1183;42
0-32-0;Baseline;main_test.go/BenchmarkConcurrentHttp;40082;40713;303
0-32-0;Baseline;main_test.go/BenchmarkConcurrentRaw;18079;1842;215
0-32-0;Baseline;rpc_test.go/BenchmarkHandlerUncompressed;14116;504;13
0-32-0;Baseline;rpc_test.go/BenchmarkHandlerCompressed;29296;543;18
0-33-0;Baseline;rpc_test.go/BenchmarkHandlerUncompressed;14175;504;13
0-33-0;Baseline;rpc_test.go/BenchmarkHandlerCompressed;29267;543;18
0-33-0;Baseline;main_test.go/BenchmarkTBinaryHTTP;152982;40067;130
0-33-0;Baseline;main_test.go/BenchmarkTCompactHTTP;152890;39805;131
0-33-0;Baseline;main_test.go/BenchmarkTBinaryRaw;75780;1519;45
0-33-0;Baseline;main_test.go/BenchmarkTCompactRaw;75222;1183;42
0-33-0;Baseline;main_test.go/BenchmarkConcurrentHttp;40007;40718;303
0-33-0;Baseline;main_test.go/BenchmarkConcurrentRaw;18320;1842;215
0-34-0;Baseline;main_test.go/BenchmarkTBinaryHTTP;152870;40063;130
0-34-0;Baseline;main_test.go/BenchmarkTCompactHTTP;154130;39804;131
0-34-0;Baseline;main_test.go/BenchmarkTBinaryRaw;75292;1519;45
0-34-0;Baseline;main_test.go/BenchmarkTCompactRaw;74930;1183;42
0-34-0;Baseline;main_test.go/BenchmarkConcurrentHttp;39966;40716;303
0-34-0;Baseline;main_test.go/BenchmarkConcurrentRaw;18165;1842;215
0-34-0;Baseline;rpc_test.go/BenchmarkHandlerUncompressed;14366;504;13
0-34-0;Baseline;rpc_test.go/BenchmarkHandlerCompressed;29298;543;18
0-35-0;Baseline;main_test.go/BenchmarkTBinaryHTTP;153179;40066;130
0-35-0;Baseline;main_test.go/BenchmarkTCompactHTTP;154733;39804;131
0-35-0;Baseline;main_test.go/BenchmarkTBinaryRaw;75664;1519;45
0-35-0;Baseline;main_test.go/BenchmarkTCompactRaw;74494;1183;42
0-35-0;Baseline;main_test.go/BenchmarkConcurrentHttp;40017;40716;303
0-35-0;Baseline;main_test.go/BenchmarkConcurrentRaw;18038;1842;215
0-35-0;Baseline;rpc_test.go/BenchmarkHandlerUncompressed;14099;504;13
0-35-0;Baseline;rpc_test.go/BenchmarkHandlerCompressed;29254;543;18
0-36-0;Baseline;main_test.go/BenchmarkTBinaryHTTP;153040;40067;130
0-36-0;Baseline;main_test.go/BenchmarkTCompactHTTP;153538;39803;131
0-36-0;Baseline;main_test.go/BenchmarkTBinaryRaw;75815;1519;45
0-36-0;Baseline;main_test.go/BenchmarkTCompactRaw;75296;1183;42
0-36-0;Baseline;main_test.go/BenchmarkConcurrentHttp;39994;40718;303
0-36-0;Baseline;main_test.go/BenchmarkConcurrentRaw;18104;1842;215
0-36-0;Baseline;rpc_test.go/BenchmarkHandlerUncompressed;14109;504;13
0-36-0;Baseline;rpc_test.go/BenchmarkHandlerCompressed;29454;543;18
0-37-0;Baseline;main_test.go/BenchmarkTBinaryHTTP;153151;40068;130
0-37-0;Baseline;main_test.go/BenchmarkTCompactHTTP;152896;39804;131
0-37-0;Baseline;main_test.go/BenchmarkTBinaryRaw;74971;1519;45
0-37-0;Baseline;main_test.go/BenchmarkTCompactRaw;75112;1183;42
0-37-0;Baseline;main_test.go/BenchmarkConcurrentHttp;40080;40718;303
0-37-0;Baseline;main_test.go/BenchmarkConcurrentRaw;18118;1842;215
0-37-0;Baseline;rpc_test.go/BenchmarkHandlerUncompressed;14097;504;13
0-37-0;Baseline;rpc_test.go/BenchmarkHandlerCompressed;29290;543;18
0-38-0;Baseline;rpc_test.go/BenchmarkHandlerUncompressed;14256;504;13
0-38-0;Baseline;rpc_test.go/BenchmarkHandlerCompressed;29349;543;18
0-38-0;Baseline;main_test.go/BenchmarkTBinaryHTTP;154627;40068;130
0-38-0;Baseline;main_test.go/BenchmarkTCompactHTTP;154724;39805;131
0-38-0;Baseline;main_test.go/BenchmarkTBinaryRaw;75630;1519;45
0-38-0;Baseline;main_test.go/BenchmarkTCompactRaw;74864;1183;42
0-38-0;Baseline;main_test.go/BenchmarkConcurrentHttp;39997;40719;303
0-38-0;Baseline;main_test.go/BenchmarkConcurrentRaw;18229;1842;215
0-39-0;Baseline;rpc_test.go/BenchmarkHandlerUncompressed;14107;504;13
0-39-0;Baseline;rpc_test.go/BenchmarkHandlerCompressed;29311;543;18
0-39-0;Baseline;main_test.go/BenchmarkTBinaryHTTP;153216;40068;130
0-39-0;Baseline;main_test.go/BenchmarkTCompactHTTP;153012;39806;131
0-39-0;Baseline;main_test.go/BenchmarkTBinaryRaw;75512;1519;45
0-39-0;Baseline;main_test.go/BenchmarkTCompactRaw;74875;1183;42
0-39-0;Baseline;main_test.go/BenchmarkConcurrentHttp;40115;40719;303
0-39-0;Baseline;main_test.go/BenchmarkConcurrentRaw;18141;1842;215
0-40-0;Baseline;main_test.go/BenchmarkTBinaryHTTP;153668;40070;130
0-40-0;Baseline;main_test.go/BenchmarkTCompactHTTP;153422;39801;131
0-40-0;Baseline;main_test.go/BenchmarkTBinaryRaw;75908;1519;45
0-40-0;Baseline;main_test.go/BenchmarkTCompactRaw;75742;1183;42
0-40-0;Baseline;main_test.go/BenchmarkConcurrentHttp;39861;40716;303
0-40-0;Baseline;main_test.go/BenchmarkConcurrentRaw;18097;1842;215
0-40-0;Baseline;rpc_test.go/BenchmarkHandlerUncompressed;14247;504;13
0-40-0;Baseline;rpc_test.go/BenchmarkHandlerCompressed;29269;543;18
0-41-0;Baseline;main_test.go/BenchmarkTBinaryHTTP;154048;40067;130
0-41-0;Baseline;main_test.go/BenchmarkTCompactHTTP;153791;39802;131
0-41-0;Baseline;main_test.go/BenchmarkTBinaryRaw;75592;1519;45
0-41-0;Baseline;main_test.go/BenchmarkTCompactRaw;74911;1183;42
0-41-0;Baseline;main_test.go/BenchmarkConcurrentHttp;40056;40718;303
0-41-0;Baseline;main_test.go/BenchmarkConcurrentRaw;18091;1842;215
0-41-0;Baseline;rpc_test.go/BenchmarkHandlerUncompressed;14105;504;13
0-41-0;Baseline;rpc_test.go/BenchmarkHandlerCompressed;29257;543;18
0-42-0;Baseline;main_test.go/BenchmarkTBinaryHTTP;153343;40068;130
0-42-0;Baseline;main_test.go/BenchmarkTCompactHTTP;152719;39805;131
0-42-0;Baseline;main_test.go/BenchmarkTBinaryRaw;75472;1519;45
0-42-0;Baseline;main_test.go/BenchmarkTCompactRaw;75079;1183;42
0-42-0;Baseline;main_test.go/BenchmarkConcurrentHttp;40068;40719;303
0-42-0;Baseline;main_test.go/BenchmarkConcurrentRaw;18095;1842;215
0-42-0;Baseline;rpc_test.go/BenchmarkHandlerUncompressed;14150;504;13
0-42-0;Baseline;rpc_test.go/BenchmarkHandlerCompressed;29291;543;18
0-43-0;Baseline;main_test.go/BenchmarkTBinaryHTTP;152983;40066;130
0-43-0;Baseline;main_test.go/BenchmarkTCompactHTTP;154009;39805;131
0-43-0;Baseline;main_test.go/BenchmarkTBinaryRaw;75148;1519;45
0-43-0;Baseline;main_test.go/BenchmarkTCompactRaw;74949;1183;42
0-43-0;Baseline;main_test.go/BenchmarkConcurrentHttp;39956;40719;303
0-43-0;Baseline;main_test.go/BenchmarkConcurrentRaw;18163;1842;215
0-43-0;Baseline;rpc_test.go/BenchmarkHandlerUncompressed;14069;504;13
0-43-0;Baseline;rpc_test.go/BenchmarkHandlerCompressed;29416;543;18
0-44-0;Baseline;main_test.go/BenchmarkTBinaryHTTP;153201;40067;130
0-44-0;Baseline;main_test.go/BenchmarkTCompactHTTP;153000;39802;131
0-44-0;Baseline;main_test.go/BenchmarkTBinaryRaw;75543;1519;45
0-44-0;Baseline;main_test.go/BenchmarkTCompactRaw;75235;1183;42
0-44-0;Baseline;main_test.go/BenchmarkConcurrentHttp;40099;40720;303
0-44-0;Baseline;main_test.go/BenchmarkConcurrentRaw;18115;1842;215
0-44-0;Baseline;rpc_test.go/BenchmarkHandlerUncompressed;14285;504;13
0-44-0;Baseline;rpc_test.go/BenchmarkHandlerCompressed;29249;543;18
0-45-0;Baseline;main_test.go/BenchmarkTBinaryHTTP;153547;40068;130
0-45-0;Baseline;main_test.go/BenchmarkTCompactHTTP;154017;39806;131
0-45-0;Baseline;main_test.go/BenchmarkTBinaryRaw;76347;1519;45
0-45-0;Baseline;main_test.go/BenchmarkTCompactRaw;74723;1183;42
0-45-0;Baseline;main_test.go/BenchmarkConcurrentHttp;40213;40719;303
0-45-0;Baseline;main_test.go/BenchmarkConcurrentRaw;18144;1842;215
0-45-0;Baseline;rpc_test.go/BenchmarkHandlerUncompressed;14078;504;13
0-45-0;Baseline;rpc_test.go/BenchmarkHandlerCompressed;29274;543;18
0-46-0;Baseline;main_test.go/BenchmarkTBinaryHTTP;155194;40069;130
0-46-0;Baseline;main_test.go/BenchmarkTCompactHTTP;153584;39801;131
0-46-0;Baseline;main_test.go/BenchmarkTBinaryRaw;75171;1519;45
0-46-0;Baseline;main_test.go/BenchmarkTCompactRaw;75358;1183;42
0-46-0;Baseline;main_test.go/BenchmarkConcurrentHttp;39962;40716;303
0-46-0;Baseline;main_test.go/BenchmarkConcurrentRaw;18056;1842;215
0-46-0;Baseline;rpc_test.go/BenchmarkHandlerUncompressed;14247;504;13
0-46-0;Baseline;rpc_test.go/BenchmarkHandlerCompressed;29380;543;18
0-47-0;Baseline;main_test.go/BenchmarkTBinaryHTTP;153929;40065;130
0-47-0;Baseline;main_test.go/BenchmarkTCompactHTTP;154695;39806;131
0-47-0;Baseline;main_test.go/BenchmarkTBinaryRaw;75387;1519;45
0-47-0;Baseline;main_test.go/BenchmarkTCompactRaw;74917;1183;42
0-47-0;Baseline;main_test.go/BenchmarkConcurrentHttp;40149;40715;303
0-47-0;Baseline;main_test.go/BenchmarkConcurrentRaw;18142;1842;215
0-47-0;Baseline;rpc_test.go/BenchmarkHandlerUncompressed;14406;504;13
0-47-0;Baseline;rpc_test.go/BenchmarkHandlerCompressed;29373;543;18
0-48-0;Baseline;main_test.go/BenchmarkTBinaryHTTP;153422;40065;130
0-48-0;Baseline;main_test.go/BenchmarkTCompactHTTP;154050;39805;131
0-48-0;Baseline;main_test.go/BenchmarkTBinaryRaw;75317;1519;45
0-48-0;Baseline;main_test.go/BenchmarkTCompactRaw;75722;1183;42
0-48-0;Baseline;main_test.go/BenchmarkConcurrentHttp;40170;40717;303
0-48-0;Baseline;main_test.go/BenchmarkConcurrentRaw;18260;1842;215
0-48-0;Baseline;rpc_test.go/BenchmarkHandlerUncompressed;14183;504;13
0-48-0;Baseline;rpc_test.go/BenchmarkHandlerCompressed;29516;544;18
0-49-0;Baseline;main_test.go/BenchmarkTBinaryHTTP;152772;40065;130
0-49-0;Baseline;main_test.go/BenchmarkTCompactHTTP;153492;39801;131
0-49-0;Baseline;main_test.go/BenchmarkTBinaryRaw;76140;1519;45
0-49-0;Baseline;main_test.go/BenchmarkTCompactRaw;74971;1183;42
0-49-0;Baseline;main_test.go/BenchmarkConcurrentHttp;40035;40718;303
0-49-0;Baseline;main_test.go/BenchmarkConcurrentRaw;18223;1842;215
0-49-0;Baseline;rpc_test.go/BenchmarkHandlerUncompressed;14145;504;13
0-49-0;Baseline;rpc_test.go/BenchmarkHandlerCompressed;29297;543;18
0-50-0;Baseline;main_test.go/BenchmarkTBinaryHTTP;153758;40067;130
0-50-0;Baseline;main_test.go/BenchmarkTCompactHTTP;153097;39803;131
0-50-0;Baseline;main_test.go/BenchmarkTBinaryRaw;75062;1519;45
0-50-0;Baseline;main_test.go/BenchmarkTCompactRaw;74884;1183;42
0-50-0;Baseline;main_test.go/BenchmarkConcurrentHttp;39917;40718;303
0-50-0;Baseline;main_test.go/BenchmarkConcurrentRaw;18027;1842;215
0-50-0;Baseline;rpc_test.go/BenchmarkHandlerUncompressed;14137;504;13
0-50-0;Baseline;rpc_test.go/BenchmarkHandlerCompressed;29291;543;18
0-51-0;Baseline;main_test.go/BenchmarkTBinaryHTTP;152840;40065;130
0-51-0;Baseline;main_test.go/BenchmarkTCompactHTTP;154031;39802;131
0-51-0;Baseline;main_test.go/BenchmarkTBinaryRaw;75263;1519;45
0-51-0;Baseline;main_test.go/BenchmarkTCompactRaw;75518;1183;42
0-51-0;Baseline;main_test.go/BenchmarkConcurrentHttp;40063;40717;303
0-51-0;Baseline;main_test.go/BenchmarkConcurrentRaw;18093;1842;215
0-51-0;Baseline;rpc_test.go/BenchmarkHandlerUncompressed;14221;504;13
0-51-0;Baseline;rpc_test.go/BenchmarkHandlerCompressed;29262;543;18
0-52-0;Baseline;main_test.go/BenchmarkTBinaryHTTP;153561;40064;130
0-52-0;Baseline;main_test.go/BenchmarkTCompactHTTP;153662;39804;131
0-52-0;Baseline;main_test.go/BenchmarkTBinaryRaw;75078;1519;45
0-52-0;Baseline;main_test.go/BenchmarkTCompactRaw;74937;1183;42
0-52-0;Baseline;main_test.go/BenchmarkConcurrentHttp;39936;40718;303
0-52-0;Baseline;main_test.go/BenchmarkConcurrentRaw;18113;1842;215
0-52-0;Baseline;rpc_test.go/BenchmarkHandlerUncompressed;14109;504;13
0-52-0;Baseline;rpc_test.go/BenchmarkHandlerCompressed;29291;544;18
0-53-0;Baseline;rpc_test.go/BenchmarkHandlerUncompressed;14175;504;13
0-53-0;Baseline;rpc_test.go/BenchmarkHandlerCompressed;29567;543;18
0-53-0;Baseline;main_test.go/BenchmarkTBinaryHTTP;153169;40068;130
0-53-0;Baseline;main_test.go/BenchmarkTCompactHTTP;152965;39806;131
0-53-0;Baseline;main_test.go/BenchmarkTBinaryRaw;75161;1519;45
0-53-0;Baseline;main_test.go/BenchmarkTCompactRaw;75356;1183;42
0-53-0;Baseline;main_test.go/BenchmarkConcurrentHttp;40258;40718;303
0-53-0;Baseline;main_test.go/BenchmarkConcurrentRaw;18301;1842;215
0-54-0;Baseline;main_test.go/BenchmarkTBinaryHTTP;152584;40067;130
0-54-0;Baseline;main_test.go/BenchmarkTCompactHTTP;154486;39805;131
0-54-0;Baseline;main_test.go/BenchmarkTBinaryRaw;75255;1519;45
0-54-0;Baseline;main_test.go/BenchmarkTCompactRaw;75230;1183;42
0-54-0;Baseline;main_test.go/BenchmarkConcurrentHttp;39939;40718;303
0-54-0;Baseline;main_test.go/BenchmarkConcurrentRaw;18153;1842;215
0-54-0;Baseline;rpc_test.go/BenchmarkHandlerUncompressed;14126;504;13
0-54-0;Baseline;rpc_test.go/BenchmarkHandlerCompressed;29422;543;18
0-55-0;Baseline;main_test.go/BenchmarkTBinaryHTTP;154774;40068;130
0-55-0;Baseline;main_test.go/BenchmarkTCompactHTTP;153695;39804;131
0-55-0;Baseline;main_test.go/BenchmarkTBinaryRaw;75680;1519;45
0-55-0;Baseline;main_test.go/BenchmarkTCompactRaw;74338;1183;42
0-55-0;Baseline;main_test.go/BenchmarkConcurrentHttp;39935;40719;303
0-55-0;Baseline;main_test.go/BenchmarkConcurrentRaw;18118;1842;215
0-55-0;Baseline;rpc_test.go/BenchmarkHandlerUncompressed;14213;504;13
0-55-0;Baseline;rpc_test.go/BenchmarkHandlerCompressed;29366;543;18
0-56-0;Baseline;main_test.go/BenchmarkTBinaryHTTP;153774;40067;130
0-56-0;Baseline;main_test.go/BenchmarkTCompactHTTP;154233;39805;131
0-56-0;Baseline;main_test.go/BenchmarkTBinaryRaw;75163;1519;45
0-56-0;Baseline;main_test.go/BenchmarkTCompactRaw;75124;1183;42
0-56-0;Baseline;main_test.go/BenchmarkConcurrentHttp;40189;40719;303
0-56-0;Baseline;main_test.go/BenchmarkConcurrentRaw;18124;1842;215
0-56-0;Baseline;rpc_test.go/BenchmarkHandlerUncompressed;14390;504;13
0-56-0;Baseline;rpc_test.go/BenchmarkHandlerCompressed;29475;544;18
0-57-0;Baseline;main_test.go/BenchmarkTBinaryHTTP;153696;40068;130
0-57-0;Baseline;main_test.go/BenchmarkTCompactHTTP;153276;39805;131
0-57-0;Baseline;main_test.go/BenchmarkTBinaryRaw;75456;1519;45
0-57-0;Baseline;main_test.go/BenchmarkTCompactRaw;74858;1183;42
0-57-0;Baseline;main_test.go/BenchmarkConcurrentHttp;40196;40720;303
0-57-0;Baseline;main_test.go/BenchmarkConcurrentRaw;18094;1842;215
0-57-0;Baseline;rpc_test.go/BenchmarkHandlerUncompressed;14244;504;13
0-57-0;Baseline;rpc_test.go/BenchmarkHandlerCompressed;29268;543;18
0-58-0;Baseline;main_test.go/BenchmarkTBinaryHTTP;153569;40069;130
0-58-0;Baseline;main_test.go/BenchmarkTCompactHTTP;153034;39802;131
0-58-0;Baseline;main_test.go/BenchmarkTBinaryRaw;75289;1519;45
0-58-0;Baseline;main_test.go/BenchmarkTCompactRaw;75072;1183;42
0-58-0;Baseline;main_test.go/BenchmarkConcurrentHttp;40101;40718;303
0-58-0;Baseline;main_test.go/BenchmarkConcurrentRaw;18167;1842;215
0-58-0;Baseline;rpc_test.go/BenchmarkHandlerUncompressed;14179;504;13
0-58-0;Baseline;rpc_test.go/BenchmarkHandlerCompressed;29378;543;18
0-59-0;Baseline;main_test.go/BenchmarkTBinaryHTTP;153222;40068;130
0-59-0;Baseline;main_test.go/BenchmarkTCompactHTTP;155218;39804;131
0-59-0;Baseline;main_test.go/BenchmarkTBinaryRaw;75214;1519;45
0-59-0;Baseline;main_test.go/BenchmarkTCompactRaw;75114;1183;42
0-59-0;Baseline;main_test.go/BenchmarkConcurrentHttp;39971;40719;303
0-59-0;Baseline;main_test.go/BenchmarkConcurrentRaw;18084;1842;215
0-59-0;Baseline;rpc_test.go/BenchmarkHandlerUncompressed;14223;504;13
0-59-0;Baseline;rpc_test.go/BenchmarkHandlerCompressed;29287;543;18
0-60-0;Baseline;rpc_test.go/BenchmarkHandlerUncompressed;14282;504;13
0-60-0;Baseline;rpc_test.go/BenchmarkHandlerCompressed;29293;543;18
0-60-0;Baseline;main_test.go/BenchmarkTBinaryHTTP;153959;40066;130
0-60-0;Baseline;main_test.go/BenchmarkTCompactHTTP;154503;39805;131
0-60-0;Baseline;main_test.go/BenchmarkTBinaryRaw;75624;1519;45
0-60-0;Baseline;main_test.go/BenchmarkTCompactRaw;75336;1183;42
0-60-0;Baseline;main_test.go/BenchmarkConcurrentHttp;40106;40718;303
0-60-0;Baseline;main_test.go/BenchmarkConcurrentRaw;18136;1842;215
0-61-0;Baseline;main_test.go/BenchmarkTBinaryHTTP;153578;40065;130
0-61-0;Baseline;main_test.go/BenchmarkTCompactHTTP;153499;39803;131
0-61-0;Baseline;main_test.go/BenchmarkTBinaryRaw;75098;1519;45
0-61-0;Baseline;main_test.go/BenchmarkTCompactRaw;75471;1183;42
0-61-0;Baseline;main_test.go/BenchmarkConcurrentHttp;40044;40715;303
0-61-0;Baseline;main_test.go/BenchmarkConcurrentRaw;18085;1842;215
0-61-0;Baseline;rpc_test.go/BenchmarkHandlerUncompressed;14113;504;13
0-61-0;Baseline;rpc_test.go/BenchmarkHandlerCompressed;29368;543;18
0-62-0;Baseline;main_test.go/BenchmarkTBinaryHTTP;153020;40066;130
0-62-0;Baseline;main_test.go/BenchmarkTCompactHTTP;153341;39800;131
0-62-0;Baseline;main_test.go/BenchmarkTBinaryRaw;75366;1519;45
0-62-0;Baseline;main_test.go/BenchmarkTCompactRaw;75035;1183;42
0-62-0;Baseline;main_test.go/BenchmarkConcurrentHttp;39879;40715;303
0-62-0;Baseline;main_test.go/BenchmarkConcurrentRaw;18133;1842;215
0-62-0;Baseline;rpc_test.go/BenchmarkHandlerUncompressed;14304;504;13
0-62-0;Baseline;rpc_test.go/BenchmarkHandlerCompressed;29468;543;18
0-63-0;Baseline;main_test.go/BenchmarkTBinaryHTTP;153078;40066;130
0-63-0;Baseline;main_test.go/BenchmarkTCompactHTTP;153184;39804;131
0-63-0;Baseline;main_test.go/BenchmarkTBinaryRaw;75886;1519;45
0-63-0;Baseline;main_test.go/BenchmarkTCompactRaw;74938;1183;42
0-63-0;Baseline;main_test.go/BenchmarkConcurrentHttp;39931;40720;303
0-63-0;Baseline;main_test.go/BenchmarkConcurrentRaw;18079;1842;215
0-63-0;Baseline;rpc_test.go/BenchmarkHandlerUncompressed;14153;504;13
0-63-0;Baseline;rpc_test.go/BenchmarkHandlerCompressed;29339;543;18
0-64-0;Baseline;main_test.go/BenchmarkTBinaryHTTP;154113;40069;130
0-64-0;Baseline;main_test.go/BenchmarkTCompactHTTP;153750;39804;131
0-64-0;Baseline;main_test.go/BenchmarkTBinaryRaw;76654;1519;45
0-64-0;Baseline;main_test.go/BenchmarkTCompactRaw;74772;1183;42
0-64-0;Baseline;main_test.go/BenchmarkConcurrentHttp;40018;40719;303
0-64-0;Baseline;main_test.go/BenchmarkConcurrentRaw;18108;1842;215
0-64-0;Baseline;rpc_test.go/BenchmarkHandlerUncompressed;14243;504;13
0-64-0;Baseline;rpc_test.go/BenchmarkHandlerCompressed;29277;543;18
0-65-0;Baseline;main_test.go/BenchmarkTBinaryHTTP;153174;40066;130
0-65-0;Baseline;main_test.go/BenchmarkTCompactHTTP;154591;39806;131
0-65-0;Baseline;main_test.go/BenchmarkTBinaryRaw;75199;1519;45
0-65-0;Baseline;main_test.go/BenchmarkTCompactRaw;75194;1183;42
0-65-0;Baseline;main_test.go/BenchmarkConcurrentHttp;39926;40719;303
0-65-0;Baseline;main_test.go/BenchmarkConcurrentRaw;18112;1842;215
0-65-0;Baseline;rpc_test.go/BenchmarkHandlerUncompressed;14226;504;13
0-65-0;Baseline;rpc_test.go/BenchmarkHandlerCompressed;29375;543;18
0-66-0;Baseline;main_test.go/BenchmarkTBinaryHTTP;153153;40066;130
0-66-0;Baseline;main_test.go/BenchmarkTCompactHTTP;154135;39803;131
0-66-0;Baseline;main_test.go/BenchmarkTBinaryRaw;75613;1519;45
0-66-0;Baseline;main_test.go/BenchmarkTCompactRaw;75138;1183;42
0-66-0;Baseline;main_test.go/BenchmarkConcurrentHttp;39867;40713;303
0-66-0;Baseline;main_test.go/BenchmarkConcurrentRaw;18057;1842;215
0-66-0;Baseline;rpc_test.go/BenchmarkHandlerUncompressed;14152;504;13
0-66-0;Baseline;rpc_test.go/BenchmarkHandlerCompressed;29385;543;18
0-67-0;Baseline;rpc_test.go/BenchmarkHandlerUncompressed;14100;504;13
0-67-0;Baseline;rpc_test.go/BenchmarkHandlerCompressed;29402;543;18
0-67-0;Baseline;main_test.go/BenchmarkTBinaryHTTP;153726;40067;130
0-67-0;Baseline;main_test.go/BenchmarkTCompactHTTP;153249;39805;131
0-67-0;Baseline;main_test.go/BenchmarkTBinaryRaw;75472;1519;45
0-67-0;Baseline;main_test.go/BenchmarkTCompactRaw;74635;1183;42
0-67-0;Baseline;main_test.go/BenchmarkConcurrentHttp;39895;40719;303
0-67-0;Baseline;main_test.go/BenchmarkConcurrentRaw;18072;1842;215
0-68-0;Baseline;main_test.go/BenchmarkTBinaryHTTP;153634;40067;130
0-68-0;Baseline;main_test.go/BenchmarkTCompactHTTP;153229;39805;131
0-68-0;Baseline;main_test.go/BenchmarkTBinaryRaw;75682;1519;45
0-68-0;Baseline;main_test.go/BenchmarkTCompactRaw;75094;1183;42
0-68-0;Baseline;main_test.go/BenchmarkConcurrentHttp;39835;40716;303
0-68-0;Baseline;main_test.go/BenchmarkConcurrentRaw;18056;1842;215
0-68-0;Baseline;rpc_test.go/BenchmarkHandlerUncompressed;14093;504;13
0-68-0;Baseline;rpc_test.go/BenchmarkHandlerCompressed;29478;543;18
0-69-0;Baseline;rpc_test.go/BenchmarkHandlerUncompressed;14353;504;13
0-69-0;Baseline;rpc_test.go/BenchmarkHandlerCompressed;29347;544;18
0-69-0;Baseline;main_test.go/BenchmarkTBinaryHTTP;153343;40065;130
0-69-0;Baseline;main_test.go/BenchmarkTCompactHTTP;153656;39804;131
0-69-0;Baseline;main_test.go/BenchmarkTBinaryRaw;75489;1519;45
0-69-0;Baseline;main_test.go/BenchmarkTCompactRaw;75031;1183;42
0-69-0;Baseline;main_test.go/BenchmarkConcurrentHttp;39900;40717;303
0-69-0;Baseline;main_test.go/BenchmarkConcurrentRaw;18127;1842;215
0-70-0;Baseline;main_test.go/BenchmarkTBinaryHTTP;154380;40067;130
0-70-0;Baseline;main_test.go/BenchmarkTCompactHTTP;153941;39803;131
0-70-0;Baseline;main_test.go/BenchmarkTBinaryRaw;75071;1519;45
0-70-0;Baseline;main_test.go/BenchmarkTCompactRaw;74894;1183;42
0-70-0;Baseline;main_test.go/BenchmarkConcurrentHttp;40048;40717;303
0-70-0;Baseline;main_test.go/BenchmarkConcurrentRaw;18175;1842;215
0-70-0;Baseline;rpc_test.go/BenchmarkHandlerUncompressed;14146;504;13
0-70-0;Baseline;rpc_test.go/BenchmarkHandlerCompressed;29444;544;18
0-71-0;Baseline;rpc_test.go/BenchmarkHandlerUncompressed;14249;504;13
0-71-0;Baseline;rpc_test.go/BenchmarkHandlerCompressed;29469;543;18
0-71-0;Baseline;main_test.go/BenchmarkTBinaryHTTP;153150;40066;130
0-71-0;Baseline;main_test.go/BenchmarkTCompactHTTP;153177;39800;131
0-71-0;Baseline;main_test.go/BenchmarkTBinaryRaw;75638;1519;45
0-71-0;Baseline;main_test.go/BenchmarkTCompactRaw;75008;1183;42
0-71-0;Baseline;main_test.go/BenchmarkConcurrentHttp;40148;40718;303
0-71-0;Baseline;main_test.go/BenchmarkConcurrentRaw;18124;1842;215
0-72-0;Baseline;main_test.go/BenchmarkTBinaryHTTP;153851;40069;130
0-72-0;Baseline;main_test.go/BenchmarkTCompactHTTP;153759;39806;131
0-72-0;Baseline;main_test.go/BenchmarkTBinaryRaw;75710;1519;45
0-72-0;Baseline;main_test.go/BenchmarkTCompactRaw;75132;1183;42
0-72-0;Baseline;main_test.go/BenchmarkConcurrentHttp;40176;40720;303
0-72-0;Baseline;main_test.go/BenchmarkConcurrentRaw;17994;1842;215
0-72-0;Baseline;rpc_test.go/BenchmarkHandlerUncompressed;14209;504;13
0-72-0;Baseline;rpc_test.go/BenchmarkHandlerCompressed;29275;543;18
0-73-0;Baseline;main_test.go/BenchmarkTBinaryHTTP;153833;40068;130
0-73-0;Baseline;main_test.go/BenchmarkTCompactHTTP;153052;39803;131
0-73-0;Baseline;main_test.go/BenchmarkTBinaryRaw;75514;1519;45
0-73-0;Baseline;main_test.go/BenchmarkTCompactRaw;74758;1183;42
0-73-0;Baseline;main_test.go/BenchmarkConcurrentHttp;40116;40717;303
0-73-0;Baseline;main_test.go/BenchmarkConcurrentRaw;18056;1842;215
0-73-0;Baseline;rpc_test.go/BenchmarkHandlerUncompressed;14233;504;13
0-73-0;Baseline;rpc_test.go/BenchmarkHandlerCompressed;29249;543;18
0-74-0;Baseline;main_test.go/BenchmarkTBinaryHTTP;153474;40069;130
0-74-0;Baseline;main_test.go/BenchmarkTCompactHTTP;153662;39800;131
0-74-0;Baseline;main_test.go/BenchmarkTBinaryRaw;75573;1519;45
0-74-0;Baseline;main_test.go/BenchmarkTCompactRaw;75403;1183;42
0-74-0;Baseline;main_test.go/BenchmarkConcurrentHttp;40022;40719;303
0-74-0;Baseline;main_test.go/BenchmarkConcurrentRaw;18190;1842;215
0-74-0;Baseline;rpc_test.go/BenchmarkHandlerUncompressed;14244;504;13
0-74-0;Baseline;rpc_test.go/BenchmarkHandlerCompressed;29503;543;18
0-75-0;Baseline;main_test.go/BenchmarkTBinaryHTTP;155530;40066;130
0-75-0;Baseline;main_test.go/BenchmarkTCompactHTTP;154831;39800;131
0-75-0;Baseline;main_test.go/BenchmarkTBinaryRaw;75348;1519;45
0-75-0;Baseline;main_test.go/BenchmarkTCompactRaw;75171;1183;42
0-75-0;Baseline;main_test.go/BenchmarkConcurrentHttp;39864;40719;303
0-75-0;Baseline;main_test.go/BenchmarkConcurrentRaw;18063;1842;215
0-75-0;Baseline;rpc_test.go/BenchmarkHandlerUncompressed;14278;504;13
0-75-0;Baseline;rpc_test.go/BenchmarkHandlerCompressed;29497;543;18
0-76-0;Baseline;main_test.go/BenchmarkTBinaryHTTP;152898;40067;130
0-76-0;Baseline;main_test.go/BenchmarkTCompactHTTP;154293;39804;131
0-76-0;Baseline;main_test.go/BenchmarkTBinaryRaw;74980;1519;45
0-76-0;Baseline;main_test.go/BenchmarkTCompactRaw;74927;1183;42
0-76-0;Baseline;main_test.go/BenchmarkConcurrentHttp;40268;40716;303
0-76-0;Baseline;main_test.go/BenchmarkConcurrentRaw;18201;1842;215
0-76-0;Baseline;rpc_test.go/BenchmarkHandlerUncompressed;14196;504;13
0-76-0;Baseline;rpc_test.go/BenchmarkHandlerCompressed;29421;544;18
0-77-0;Baseline;main_test.go/BenchmarkTBinaryHTTP;153612;40069;130
0-77-0;Baseline;main_test.go/BenchmarkTCompactHTTP;154762;39803;131
0-77-0;Baseline;main_test.go/BenchmarkTBinaryRaw;75333;1519;45
0-77-0;Baseline;main_test.go/BenchmarkTCompactRaw;75159;1183;42
0-77-0;Baseline;main_test.go/BenchmarkConcurrentHttp;39995;40717;303
0-77-0;Baseline;main_test.go/BenchmarkConcurrentRaw;18126;1842;215
0-77-0;Baseline;rpc_test.go/BenchmarkHandlerUncompressed;14085;504;13
0-77-0;Baseline;rpc_test.go/BenchmarkHandlerCompressed;29323;543;18
0-78-0;Baseline;main_test.go/BenchmarkTBinaryHTTP;153408;40067;130
0-78-0;Baseline;main_test.go/BenchmarkTCompactHTTP;154021;39802;131
0-78-0;Baseline;main_test.go/BenchmarkTBinaryRaw;74752;1519;45
0-78-0;Baseline;main_test.go/BenchmarkTCompactRaw;74523;1183;42
0-78-0;Baseline;main_test.go/BenchmarkConcurrentHttp;39870;40716;303
0-78-0;Baseline;main_test.go/BenchmarkConcurrentRaw;18063;1842;215
0-78-0;Baseline;rpc_test.go/BenchmarkHandlerUncompressed;14221;504;13
0-78-0;Baseline;rpc_test.go/BenchmarkHandlerCompressed;29238;543;18
0-79-0;Baseline;main_test.go/BenchmarkTBinaryHTTP;154447;40063;130
0-79-0;Baseline;main_test.go/BenchmarkTCompactHTTP;153191;39804;131
0-79-0;Baseline;main_test.go/BenchmarkTBinaryRaw;75113;1519;45
0-79-0;Baseline;main_test.go/BenchmarkTCompactRaw;74853;1183;42
0-79-0;Baseline;main_test.go/BenchmarkConcurrentHttp;40091;40720;303
0-79-0;Baseline;main_test.go/BenchmarkConcurrentRaw;18159;1842;215
0-79-0;Baseline;rpc_test.go/BenchmarkHandlerUncompressed;14194;504;13
0-79-0;Baseline;rpc_test.go/BenchmarkHandlerCompressed;29399;543;18
0-80-0;Baseline;main_test.go/BenchmarkTBinaryHTTP;153334;40066;130
0-80-0;Baseline;main_test.go/BenchmarkTCompactHTTP;154520;39801;131
0-80-0;Baseline;main_test.go/BenchmarkTBinaryRaw;75378;1519;45
0-80-0;Baseline;main_test.go/BenchmarkTCompactRaw;75106;1183;42
0-80-0;Baseline;main_test.go/BenchmarkConcurrentHttp;40107;40715;303
0-80-0;Baseline;main_test.go/BenchmarkConcurrentRaw;18069;1842;215
0-80-0;Baseline;rpc_test.go/BenchmarkHandlerUncompressed;14089;504;13
0-80-0;Baseline;rpc_test.go/BenchmarkHandlerCompressed;29234;543;18
0-81-0;Baseline;main_test.go/BenchmarkTBinaryHTTP;153813;40069;130
0-81-0;Baseline;main_test.go/BenchmarkTCompactHTTP;153720;39802;131
0-81-0;Baseline;main_test.go/BenchmarkTBinaryRaw;75357;1519;45
0-81-0;Baseline;main_test.go/BenchmarkTCompactRaw;74620;1183;42
0-81-0;Baseline;main_test.go/BenchmarkConcurrentHttp;40187;40718;303
0-81-0;Baseline;main_test.go/BenchmarkConcurrentRaw;18212;1842;215
0-81-0;Baseline;rpc_test.go/BenchmarkHandlerUncompressed;14327;504;13
0-81-0;Baseline;rpc_test.go/BenchmarkHandlerCompressed;29454;543;18
0-82-0;Baseline;main_test.go/BenchmarkTBinaryHTTP;153138;40067;130
0-82-0;Baseline;main_test.go/BenchmarkTCompactHTTP;153834;39801;131
0-82-0;Baseline;main_test.go/BenchmarkTBinaryRaw;75444;1519;45
0-82-0;Baseline;main_test.go/BenchmarkTCompactRaw;74831;1183;42
0-82-0;Baseline;main_test.go/BenchmarkConcurrentHttp;40060;40719;303
0-82-0;Baseline;main_test.go/BenchmarkConcurrentRaw;18150;1842;215
0-82-0;Baseline;rpc_test.go/BenchmarkHandlerUncompressed;14130;504;13
0-82-0;Baseline;rpc_test.go/BenchmarkHandlerCompressed;29369;543;18
0-83-0;Baseline;main_test.go/BenchmarkTBinaryHTTP;152864;40067;130
0-83-0;Baseline;main_test.go/BenchmarkTCompactHTTP;154065;39805;131
0-83-0;Baseline;main_test.go/BenchmarkTBinaryRaw;75473;1519;45
0-83-0;Baseline;main_test.go/BenchmarkTCompactRaw;75641;1183;42
0-83-0;Baseline;main_test.go/BenchmarkConcurrentHttp;39878;40718;303
0-83-0;Baseline;main_test.go/BenchmarkConcurrentRaw;18139;1842;215
0-83-0;Baseline;rpc_test.go/BenchmarkHandlerUncompressed;14295;504;13
0-83-0;Baseline;rpc_test.go/BenchmarkHandlerCompressed;29343;543;18
0-84-0;Baseline;main_test.go/BenchmarkTBinaryHTTP;152778;40069;130
0-84-0;Baseline;main_test.go/BenchmarkTCompactHTTP;153053;39804;131
0-84-0;Baseline;main_test.go/BenchmarkTBinaryRaw;75722;1519;45
0-84-0;Baseline;main_test.go/BenchmarkTCompactRaw;75529;1183;42
0-84-0;Baseline;main_test.go/BenchmarkConcurrentHttp;39891;40715;303
0-84-0;Baseline;main_test.go/BenchmarkConcurrentRaw;18120;1842;215
0-84-0;Baseline;rpc_test.go/BenchmarkHandlerUncompressed;14213;504;13
0-84-0;Baseline;rpc_test.go/BenchmarkHandlerCompressed;29339;543;18
0-85-0;Baseline;main_test.go/BenchmarkTBinaryHTTP;154074;40066;130
0-85-0;Baseline;main_test.go/BenchmarkTCompactHTTP;153533;39803;131
0-85-0;Baseline;main_test.go/BenchmarkTBinaryRaw;75015;1519;45
0-85-0;Baseline;main_test.go/BenchmarkTCompactRaw;75378;1183;42
0-85-0;Baseline;main_test.go/BenchmarkConcurrentHttp;40109;40716;303
0-85-0;Baseline;main_test.go/BenchmarkConcurrentRaw;18090;1842;215
0-85-0;Baseline;rpc_test.go/BenchmarkHandlerUncompressed;14154;504;13
0-85-0;Baseline;rpc_test.go/BenchmarkHandlerCompressed;29378;544;18
0-86-0;Baseline;main_test.go/BenchmarkTBinaryHTTP;152529;40068;130
0-86-0;Baseline;main_test.go/BenchmarkTCompactHTTP;153163;39803;131
0-86-0;Baseline;main_test.go/BenchmarkTBinaryRaw;75593;1519;45
0-86-0;Baseline;main_test.go/BenchmarkTCompactRaw;74653;1183;42
0-86-0;Baseline;main_test.go/BenchmarkConcurrentHttp;39971;40719;303
0-86-0;Baseline;main_test.go/BenchmarkConcurrentRaw;18060;1842;215
0-86-0;Baseline;rpc_test.go/BenchmarkHandlerUncompressed;14070;504;13
0-86-0;Baseline;rpc_test.go/BenchmarkHandlerCompressed;29307;544;18
0-87-0;Baseline;rpc_test.go/BenchmarkHandlerUncompressed;14179;504;13
0-87-0;Baseline;rpc_test.go/BenchmarkHandlerCompressed;29451;543;18
0-87-0;Baseline;main_test.go/BenchmarkTBinaryHTTP;153724;40067;130
0-87-0;Baseline;main_test.go/BenchmarkTCompactHTTP;153814;39804;131
0-87-0;Baseline;main_test.go/BenchmarkTBinaryRaw;75357;1519;45
0-87-0;Baseline;main_test.go/BenchmarkTCompactRaw;75027;1183;42
0-87-0;Baseline;main_test.go/BenchmarkConcurrentHttp;39961;40717;303
0-87-0;Baseline;main_test.go/BenchmarkConcurrentRaw;18188;1842;215
0-88-0;Baseline;main_test.go/BenchmarkTBinaryHTTP;153340;40066;130
0-88-0;Baseline;main_test.go/BenchmarkTCompactHTTP;153355;39803;131
0-88-0;Baseline;main_test.go/BenchmarkTBinaryRaw;75489;1519;45
0-88-0;Baseline;main_test.go/BenchmarkTCompactRaw;74820;1183;42
0-88-0;Baseline;main_test.go/BenchmarkConcurrentHttp;39980;40717;303
0-88-0;Baseline;main_test.go/BenchmarkConcurrentRaw;18132;1842;215
0-88-0;Baseline;rpc_test.go/BenchmarkHandlerUncompressed;14228;504;13
0-88-0;Baseline;rpc_test.go/BenchmarkHandlerCompressed;29359;544;18
0-89-0;Baseline;main_test.go/BenchmarkTBinaryHTTP;152681;40067;130
0-89-0;Baseline;main_test.go/BenchmarkTCompactHTTP;153038;39806;131
0-89-0;Baseline;main_test.go/BenchmarkTBinaryRaw;75077;1519;45
0-89-0;Baseline;main_test.go/BenchmarkTCompactRaw;74715;1183;42
0-89-0;Baseline;main_test.go/BenchmarkConcurrentHttp;40035;40711;303
0-89-0;Baseline;main_test.go/BenchmarkConcurrentRaw;18019;1842;215
0-89-0;Baseline;rpc_test.go/BenchmarkHandlerUncompressed;14108;504;13
0-89-0;Baseline;rpc_test.go/BenchmarkHandlerCompressed;29281;543;18
0-90-0;Baseline;main_test.go/BenchmarkTBinaryHTTP;153184;40067;130
0-90-0;Baseline;main_test.go/BenchmarkTCompactHTTP;153743;39803;131
0-90-0;Baseline;main_test.go/BenchmarkTBinaryRaw;76726;1519;45
0-90-0;Baseline;main_test.go/BenchmarkTCompactRaw;75027;1183;42
0-90-0;Baseline;main_test.go/BenchmarkConcurrentHttp;40083;40719;303
0-90-0;Baseline;main_test.go/BenchmarkConcurrentRaw;18134;1842;215
0-90-0;Baseline;rpc_test.go/BenchmarkHandlerUncompressed;14281;504;13
0-90-0;Baseline;rpc_test.go/BenchmarkHandlerCompressed;29393;543;18
0-91-0;Baseline;main_test.go/BenchmarkTBinaryHTTP;153406;40067;130
0-91-0;Baseline;main_test.go/BenchmarkTCompactHTTP;154518;39803;131
0-91-0;Baseline;main_test.go/BenchmarkTBinaryRaw;75325;1519;45
0-91-0;Baseline;main_test.go/BenchmarkTCompactRaw;75447;1183;42
0-91-0;Baseline;main_test.go/BenchmarkConcurrentHttp;39948;40717;303
0-91-0;Baseline;main_test.go/BenchmarkConcurrentRaw;18128;1842;215
0-91-0;Baseline;rpc_test.go/BenchmarkHandlerUncompressed;14280;504;13
0-91-0;Baseline;rpc_test.go/BenchmarkHandlerCompressed;29305;543;18
0-92-0;Baseline;main_test.go/BenchmarkTBinaryHTTP;153691;40063;130
0-92-0;Baseline;main_test.go/BenchmarkTCompactHTTP;153969;39808;131
0-92-0;Baseline;main_test.go/BenchmarkTBinaryRaw;75407;1519;45
0-92-0;Baseline;main_test.go/BenchmarkTCompactRaw;75407;1183;42
0-92-0;Baseline;main_test.go/BenchmarkConcurrentHttp;39938;40716;303
0-92-0;Baseline;main_test.go/BenchmarkConcurrentRaw;18090;1842;215
0-92-0;Baseline;rpc_test.go/BenchmarkHandlerUncompressed;14276;504;13
0-92-0;Baseline;rpc_test.go/BenchmarkHandlerCompressed;29248;544;18
0-93-0;Baseline;rpc_test.go/BenchmarkHandlerUncompressed;14145;504;13
0-93-0;Baseline;rpc_test.go/BenchmarkHandlerCompressed;29400;543;18
0-93-0;Baseline;main_test.go/BenchmarkTBinaryHTTP;154335;40068;130
0-93-0;Baseline;main_test.go/BenchmarkTCompactHTTP;154445;39804;131
0-93-0;Baseline;main_test.go/BenchmarkTBinaryRaw;75152;1519;45
0-93-0;Baseline;main_test.go/BenchmarkTCompactRaw;74746;1183;42
0-93-0;Baseline;main_test.go/BenchmarkConcurrentHttp;40559;40720;303
0-93-0;Baseline;main_test.go/BenchmarkConcurrentRaw;18108;1843;215
0-94-0;Baseline;main_test.go/BenchmarkTBinaryHTTP;154030;40066;130
0-94-0;Baseline;main_test.go/BenchmarkTCompactHTTP;153511;39807;131
0-94-0;Baseline;main_test.go/BenchmarkTBinaryRaw;75524;1519;45
0-94-0;Baseline;main_test.go/BenchmarkTCompactRaw;74978;1183;42
0-94-0;Baseline;main_test.go/BenchmarkConcurrentHttp;40012;40717;303
0-94-0;Baseline;main_test.go/BenchmarkConcurrentRaw;18156;1842;215
0-94-0;Baseline;rpc_test.go/BenchmarkHandlerUncompressed;14088;504;13
0-94-0;Baseline;rpc_test.go/BenchmarkHandlerCompressed;29319;543;18
0-95-0;Baseline;main_test.go/BenchmarkTBinaryHTTP;153433;40067;130
0-95-0;Baseline;main_test.go/BenchmarkTCompactHTTP;154089;39801;131
0-95-0;Baseline;main_test.go/BenchmarkTBinaryRaw;75852;1519;45
0-95-0;Baseline;main_test.go/BenchmarkTCompactRaw;74882;1183;42
0-95-0;Baseline;main_test.go/BenchmarkConcurrentHttp;40025;40717;303
0-95-0;Baseline;main_test.go/BenchmarkConcurrentRaw;18110;1842;215
0-95-0;Baseline;rpc_test.go/BenchmarkHandlerUncompressed;14210;504;13
0-95-0;Baseline;rpc_test.go/BenchmarkHandlerCompressed;29340;543;18
0-96-0;Baseline;main_test.go/BenchmarkTBinaryHTTP;153337;40066;130
0-96-0;Baseline;main_test.go/BenchmarkTCompactHTTP;153012;39807;131
0-96-0;Baseline;main_test.go/BenchmarkTBinaryRaw;75486;1519;45
0-96-0;Baseline;main_test.go/BenchmarkTCompactRaw;74484;1183;42
0-96-0;Baseline;main_test.go/BenchmarkConcurrentHttp;40054;40719;303
0-96-0;Baseline;main_test.go/BenchmarkConcurrentRaw;18077;1843;215
0-96-0;Baseline;rpc_test.go/BenchmarkHandlerUncompressed;14232;504;13
0-96-0;Baseline;rpc_test.go/BenchmarkHandlerCompressed;29292;543;18
0-97-0;Baseline;rpc_test.go/BenchmarkHandlerUncompressed;14132;504;13
0-97-0;Baseline;rpc_test.go/BenchmarkHandlerCompressed;29452;544;18
0-97-0;Baseline;main_test.go/BenchmarkTBinaryHTTP;154207;40066;130
0-97-0;Baseline;main_test.go/BenchmarkTCompactHTTP;153571;39803;131
0-97-0;Baseline;main_test.go/BenchmarkTBinaryRaw;75045;1519;45
0-97-0;Baseline;main_test.go/BenchmarkTCompactRaw;75334;1183;42
0-97-0;Baseline;main_test.go/BenchmarkConcurrentHttp;40180;40717;303
0-97-0;Baseline;main_test.go/BenchmarkConcurrentRaw;18115;1842;215
0-98-0;Baseline;main_test.go/BenchmarkTBinaryHTTP;154523;40070;130
0-98-0;Baseline;main_test.go/BenchmarkTCompactHTTP;152959;39802;131
0-98-0;Baseline;main_test.go/BenchmarkTBinaryRaw;75214;1519;45
0-98-0;Baseline;main_test.go/BenchmarkTCompactRaw;75173;1183;42
0-98-0;Baseline;main_test.go/BenchmarkConcurrentHttp;40225;40721;303
0-98-0;Baseline;main_test.go/BenchmarkConcurrentRaw;18060;1842;215
0-98-0;Baseline;rpc_test.go/BenchmarkHandlerUncompressed;14234;504;13
0-98-0;Baseline;rpc_test.go/BenchmarkHandlerCompressed;29288;543;18
0-99-0;Baseline;main_test.go/BenchmarkTBinaryHTTP;153490;40067;130
0-99-0;Baseline;main_test.go/BenchmarkTCompactHTTP;153788;39804;131
0-99-0;Baseline;main_test.go/BenchmarkTBinaryRaw;75147;1519;45
0-99-0;Baseline;main_test.go/BenchmarkTCompactRaw;74889;1183;42
0-99-0;Baseline;main_test.go/BenchmarkConcurrentHttp;39918;40715;303
0-99-0;Baseline;main_test.go/BenchmarkConcurrentRaw;18101;1842;215
0-99-0;Baseline;rpc_test.go/BenchmarkHandlerUncompressed;14193;504;13
0-99-0;Baseline;rpc_test.go/BenchmarkHandlerCompressed;29302;543;18
0-100-0;Baseline;rpc_test.go/BenchmarkHandlerUncompressed;14103;504;13
0-100-0;Baseline;rpc_test.go/BenchmarkHandlerCompressed;29320;543;18
0-100-0;Baseline;main_test.go/BenchmarkTBinaryHTTP;153311;40066;130
0-100-0;Baseline;main_test.go/BenchmarkTCompactHTTP;153338;39803;131
0-100-0;Baseline;main_test.go/BenchmarkTBinaryRaw;75222;1519;45
0-100-0;Baseline;main_test.go/BenchmarkTCompactRaw;75132;1183;42
0-100-0;Baseline;main_test.go/BenchmarkConcurrentHttp;40181;40718;303
0-100-0;Baseline;main_test.go/BenchmarkConcurrentRaw;18152;1842;215
0-101-0;Baseline;main_test.go/BenchmarkTBinaryHTTP;153491;40068;130
0-101-0;Baseline;main_test.go/BenchmarkTCompactHTTP;153175;39802;131
0-101-0;Baseline;main_test.go/BenchmarkTBinaryRaw;75512;1519;45
0-101-0;Baseline;main_test.go/BenchmarkTCompactRaw;74681;1183;42
0-101-0;Baseline;main_test.go/BenchmarkConcurrentHttp;40257;40720;303
0-101-0;Baseline;main_test.go/BenchmarkConcurrentRaw;18204;1842;215
0-101-0;Baseline;rpc_test.go/BenchmarkHandlerUncompressed;14058;504;13
0-101-0;Baseline;rpc_test.go/BenchmarkHandlerCompressed;29267;543;18
0-102-0;Baseline;main_test.go/BenchmarkTBinaryHTTP;153518;40067;130
0-102-0;Baseline;main_test.go/BenchmarkTCompactHTTP;154820;39805;131
0-102-0;Baseline;main_test.go/BenchmarkTBinaryRaw;75364;1519;45
0-102-0;Baseline;main_test.go/BenchmarkTCompactRaw;75223;1183;42
0-102-0;Baseline;main_test.go/BenchmarkConcurrentHttp;40041;40717;303
0-102-0;Baseline;main_test.go/BenchmarkConcurrentRaw;18234;1842;215
0-102-0;Baseline;rpc_test.go/BenchmarkHandlerUncompressed;14380;504;13
0-102-0;Baseline;rpc_test.go/BenchmarkHandlerCompressed;29316;543;18
0-103-0;Baseline;main_test.go/BenchmarkTBinaryHTTP;154108;40067;130
0-103-0;Baseline;main_test.go/BenchmarkTCompactHTTP;153916;39803;131
0-103-0;Baseline;main_test.go/BenchmarkTBinaryRaw;75700;1519;45
0-103-0;Baseline;main_test.go/BenchmarkTCompactRaw;74691;1183;42
0-103-0;Baseline;main_test.go/BenchmarkConcurrentHttp;40003;40718;303
0-103-0;Baseline;main_test.go/BenchmarkConcurrentRaw;18163;1842;215
0-103-0;Baseline;rpc_test.go/BenchmarkHandlerUncompressed;14131;504;13
0-103-0;Baseline;rpc_test.go/BenchmarkHandlerCompressed;29247;543;18
0-104-0;Baseline;main_test.go/BenchmarkTBinaryHTTP;153302;40070;130
0-104-0;Baseline;main_test.go/BenchmarkTCompactHTTP;153615;39804;131
0-104-0;Baseline;main_test.go/BenchmarkTBinaryRaw;75335;1519;45
0-104-0;Baseline;main_test.go/BenchmarkTCompactRaw;75185;1183;42
0-104-0;Baseline;main_test.go/BenchmarkConcurrentHttp;40132;40720;303
0-104-0;Baseline;main_test.go/BenchmarkConcurrentRaw;18109;1842;215
0-104-0;Baseline;rpc_test.go/BenchmarkHandlerUncompressed;14113;504;13
0-104-0;Baseline;rpc_test.go/BenchmarkHandlerCompressed;29309;543;18
0-105-0;Baseline;main_test.go/BenchmarkTBinaryHTTP;153558;40069;130
0-105-0;Baseline;main_test.go/BenchmarkTCompactHTTP;155073;39805;131
0-105-0;Baseline;main_test.go/BenchmarkTBinaryRaw;75799;1519;45
0-105-0;Baseline;main_test.go/BenchmarkTCompactRaw;75213;1183;42
0-105-0;Baseline;main_test.go/BenchmarkConcurrentHttp;40079;40716;303
0-105-0;Baseline;main_test.go/BenchmarkConcurrentRaw;18056;1842;215
0-105-0;Baseline;rpc_test.go/BenchmarkHandlerUncompressed;14207;504;13
0-105-0;Baseline;rpc_test.go/BenchmarkHandlerCompressed;29451;544;18
0-106-0;Baseline;main_test.go/BenchmarkTBinaryHTTP;153384;40066;130
0-106-0;Baseline;main_test.go/BenchmarkTCompactHTTP;153954;39804;131
0-106-0;Baseline;main_test.go/BenchmarkTBinaryRaw;76024;1519;45
0-106-0;Baseline;main_test.go/BenchmarkTCompactRaw;74981;1183;42
0-106-0;Baseline;main_test.go/BenchmarkConcurrentHttp;40041;40717;303
0-106-0;Baseline;main_test.go/BenchmarkConcurrentRaw;18130;1842;215
0-106-0;Baseline;rpc_test.go/BenchmarkHandlerUncompressed;14102;504;13
0-106-0;Baseline;rpc_test.go/BenchmarkHandlerCompressed;29279;543;18
0-107-0;Baseline;main_test.go/BenchmarkTBinaryHTTP;152735;40066;130
0-107-0;Baseline;main_test.go/BenchmarkTCompactHTTP;153569;39806;131
0-107-0;Baseline;main_test.go/BenchmarkTBinaryRaw;75862;1519;45
0-107-0;Baseline;main_test.go/BenchmarkTCompactRaw;75412;1183;42
0-107-0;Baseline;main_test.go/BenchmarkConcurrentHttp;39993;40719;303
0-107-0;Baseline;main_test.go/BenchmarkConcurrentRaw;18183;1842;215
0-107-0;Baseline;rpc_test.go/BenchmarkHandlerUncompressed;14271;504;13
0-107-0;Baseline;rpc_test.go/BenchmarkHandlerCompressed;29491;543;18
0-108-0;Baseline;main_test.go/BenchmarkTBinaryHTTP;153673;40069;130
0-108-0;Baseline;main_test.go/BenchmarkTCompactHTTP;153618;39803;131
0-108-0;Baseline;main_test.go/BenchmarkTBinaryRaw;75423;1519;45
0-108-0;Baseline;main_test.go/BenchmarkTCompactRaw;74853;1183;42
0-108-0;Baseline;main_test.go/BenchmarkConcurrentHttp;40152;40719;303
0-108-0;Baseline;main_test.go/BenchmarkConcurrentRaw;18091;1842;215
0-108-0;Baseline;rpc_test.go/BenchmarkHandlerUncompressed;14089;504;13
0-108-0;Baseline;rpc_test.go/BenchmarkHandlerCompressed;29301;543;18
0-109-0;Baseline;main_test.go/BenchmarkTBinaryHTTP;154176;40065;130
0-109-0;Baseline;main_test.go/BenchmarkTCompactHTTP;153730;39803;131
0-109-0;Baseline;main_test.go/BenchmarkTBinaryRaw;74877;1519;45
0-109-0;Baseline;main_test.go/BenchmarkTCompactRaw;74764;1183;42
0-109-0;Baseline;main_test.go/BenchmarkConcurrentHttp;39934;40717;303
0-109-0;Baseline;main_test.go/BenchmarkConcurrentRaw;18126;1842;215
0-109-0;Baseline;rpc_test.go/BenchmarkHandlerUncompressed;14102;504;13
0-109-0;Baseline;rpc_test.go/BenchmarkHandlerCompressed;29432;543;18
0-110-0;Baseline;main_test.go/BenchmarkTBinaryHTTP;153454;40067;130
0-110-0;Baseline;main_test.go/BenchmarkTCompactHTTP;153679;39800;131
0-110-0;Baseline;main_test.go/BenchmarkTBinaryRaw;75476;1519;45
0-110-0;Baseline;main_test.go/BenchmarkTCompactRaw;75120;1183;42
0-110-0;Baseline;main_test.go/BenchmarkConcurrentHttp;39957;40718;303
0-110-0;Baseline;main_test.go/BenchmarkConcurrentRaw;18150;1842;215
0-110-0;Baseline;rpc_test.go/BenchmarkHandlerUncompressed;14115;504;13
0-110-0;Baseline;rpc_test.go/BenchmarkHandlerCompressed;29323;543;18
0-111-0;Baseline;main_test.go/BenchmarkTBinaryHTTP;153104;40064;130
0-111-0;Baseline;main_test.go/BenchmarkTCompactHTTP;153235;39805;131
0-111-0;Baseline;main_test.go/BenchmarkTBinaryRaw;75093;1519;45
0-111-0;Baseline;main_test.go/BenchmarkTCompactRaw;75050;1183;42
0-111-0;Baseline;main_test.go/BenchmarkConcurrentHttp;39902;40717;303
0-111-0;Baseline;main_test.go/BenchmarkConcurrentRaw;18088;1842;215
0-111-0;Baseline;rpc_test.go/BenchmarkHandlerUncompressed;14170;504;13
0-111-0;Baseline;rpc_test.go/BenchmarkHandlerCompressed;29312;543;18
0-112-0;Baseline;main_test.go/BenchmarkTBinaryHTTP;153111;40066;130
0-112-0;Baseline;main_test.go/BenchmarkTCompactHTTP;153354;39805;131
0-112-0;Baseline;main_test.go/BenchmarkTBinaryRaw;75611;1519;45
0-112-0;Baseline;main_test.go/BenchmarkTCompactRaw;75096;1183;42
0-112-0;Baseline;main_test.go/BenchmarkConcurrentHttp;40034;40719;303
0-112-0;Baseline;main_test.go/BenchmarkConcurrentRaw;18073;1842;215
0-112-0;Baseline;rpc_test.go/BenchmarkHandlerUncompressed;14238;504;13
0-112-0;Baseline;rpc_test.go/BenchmarkHandlerCompressed;29299;543;18
0-113-0;Baseline;main_test.go/BenchmarkTBinaryHTTP;153295;40070;130
0-113-0;Baseline;main_test.go/BenchmarkTCompactHTTP;153437;39804;131
0-113-0;Baseline;main_test.go/BenchmarkTBinaryRaw;75084;1519;45
0-113-0;Baseline;main_test.go/BenchmarkTCompactRaw;74937;1183;42
0-113-0;Baseline;main_test.go/BenchmarkConcurrentHttp;39826;40716;303
0-113-0;Baseline;main_test.go/BenchmarkConcurrentRaw;18066;1842;215
0-113-0;Baseline;rpc_test.go/BenchmarkHandlerUncompressed;14226;504;13
0-113-0;Baseline;rpc_test.go/BenchmarkHandlerCompressed;29349;543;18
0-114-0;Baseline;main_test.go/BenchmarkTBinaryHTTP;152972;40064;130
0-114-0;Baseline;main_test.go/BenchmarkTCompactHTTP;153491;39806;131
0-114-0;Baseline;main_test.go/BenchmarkTBinaryRaw;75253;1519;45
0-114-0;Baseline;main_test.go/BenchmarkTCompactRaw;75059;1183;42
0-114-0;Baseline;main_test.go/BenchmarkConcurrentHttp;40093;40719;303
0-114-0;Baseline;main_test.go/BenchmarkConcurrentRaw;18105;1842;215
0-114-0;Baseline;rpc_test.go/BenchmarkHandlerUncompressed;14072;504;13
0-114-0;Baseline;rpc_test.go/BenchmarkHandlerCompressed;29259;543;18
0-115-0;Baseline;main_test.go/BenchmarkTBinaryHTTP;153449;40067;130
0-115-0;Baseline;main_test.go/BenchmarkTCompactHTTP;154084;39805;131
0-115-0;Baseline;main_test.go/BenchmarkTBinaryRaw;74916;1519;45
0-115-0;Baseline;main_test.go/BenchmarkTCompactRaw;74744;1183;42
0-115-0;Baseline;main_test.go/BenchmarkConcurrentHttp;39921;40717;303
0-115-0;Baseline;main_test.go/BenchmarkConcurrentRaw;18106;1842;215
0-115-0;Baseline;rpc_test.go/BenchmarkHandlerUncompressed;14214;504;13
0-115-0;Baseline;rpc_test.go/BenchmarkHandlerCompressed;29375;544;18
0-116-0;Baseline;main_test.go/BenchmarkTBinaryHTTP;154031;40066;130
0-116-0;Baseline;main_test.go/BenchmarkTCompactHTTP;153987;39799;131
0-116-0;Baseline;main_test.go/BenchmarkTBinaryRaw;75425;1519;45
0-116-0;Baseline;main_test.go/BenchmarkTCompactRaw;75028;1183;42
0-116-0;Baseline;main_test.go/BenchmarkConcurrentHttp;40100;40719;303
0-116-0;Baseline;main_test.go/BenchmarkConcurrentRaw;18184;1842;215
0-116-0;Baseline;rpc_test.go/BenchmarkHandlerUncompressed;14139;504;13
0-116-0;Baseline;rpc_test.go/BenchmarkHandlerCompressed;29453;543;18
0-117-0;Baseline;main_test.go/BenchmarkTBinaryHTTP;153384;40067;130
0-117-0;Baseline;main_test.go/BenchmarkTCompactHTTP;153419;39805;131
0-117-0;Baseline;main_test.go/BenchmarkTBinaryRaw;75009;1519;45
0-117-0;Baseline;main_test.go/BenchmarkTCompactRaw;75086;1183;42
0-117-0;Baseline;main_test.go/BenchmarkConcurrentHttp;40279;40718;303
0-117-0;Baseline;main_test.go/BenchmarkConcurrentRaw;18140;1842;215
0-117-0;Baseline;rpc_test.go/BenchmarkHandlerUncompressed;14098;504;13
0-117-0;Baseline;rpc_test.go/BenchmarkHandlerCompressed;29284;544;18
0-118-0;Baseline;main_test.go/BenchmarkTBinaryHTTP;154240;40066;130
0-118-0;Baseline;main_test.go/BenchmarkTCompactHTTP;153203;39803;131
0-118-0;Baseline;main_test.go/BenchmarkTBinaryRaw;75723;1519;45
0-118-0;Baseline;main_test.go/BenchmarkTCompactRaw;75469;1183;42
0-118-0;Baseline;main_test.go/BenchmarkConcurrentHttp;39996;40717;303
0-118-0;Baseline;main_test.go/BenchmarkConcurrentRaw;18146;1842;215
0-118-0;Baseline;rpc_test.go/BenchmarkHandlerUncompressed;14100;504;13
0-118-0;Baseline;rpc_test.go/BenchmarkHandlerCompressed;29550;543;18
0-119-0;Baseline;rpc_test.go/BenchmarkHandlerUncompressed;14133;504;13
0-119-0;Baseline;rpc_test.go/BenchmarkHandlerCompressed;29259;543;18
0-119-0;Baseline;main_test.go/BenchmarkTBinaryHTTP;153811;40064;130
0-119-0;Baseline;main_test.go/BenchmarkTCompactHTTP;155823;39801;131
0-119-0;Baseline;main_test.go/BenchmarkTBinaryRaw;75111;1519;45
0-119-0;Baseline;main_test.go/BenchmarkTCompactRaw;74765;1183;42
0-119-0;Baseline;main_test.go/BenchmarkConcurrentHttp;40061;40718;303
0-119-0;Baseline;main_test.go/BenchmarkConcurrentRaw;18149;1842;215
0-120-0;Baseline;main_test.go/BenchmarkTBinaryHTTP;153669;40068;130
0-120-0;Baseline;main_test.go/BenchmarkTCompactHTTP;153595;39807;131
0-120-0;Baseline;main_test.go/BenchmarkTBinaryRaw;75281;1519;45
0-120-0;Baseline;main_test.go/BenchmarkTCompactRaw;75522;1183;42
0-120-0;Baseline;main_test.go/BenchmarkConcurrentHttp;39928;40717;303
0-120-0;Baseline;main_test.go/BenchmarkConcurrentRaw;18059;1842;215
0-120-0;Baseline;rpc_test.go/BenchmarkHandlerUncompressed;14340;504;13
0-120-0;Baseline;rpc_test.go/BenchmarkHandlerCompressed;29507;543;18
0-121-0;Baseline;main_test.go/BenchmarkTBinaryHTTP;153700;40068;130
0-121-0;Baseline;main_test.go/BenchmarkTCompactHTTP;153890;39803;131
0-121-0;Baseline;main_test.go/BenchmarkTBinaryRaw;75481;1519;45
0-121-0;Baseline;main_test.go/BenchmarkTCompactRaw;75342;1183;42
0-121-0;Baseline;main_test.go/BenchmarkConcurrentHttp;39782;40713;303
0-121-0;Baseline;main_test.go/BenchmarkConcurrentRaw;18113;1842;215
0-121-0;Baseline;rpc_test.go/BenchmarkHandlerUncompressed;14210;504;13
0-121-0;Baseline;rpc_test.go/BenchmarkHandlerCompressed;29290;543;18
0-122-0;Baseline;main_test.go/BenchmarkTBinaryHTTP;153717;40067;130
0-122-0;Baseline;main_test.go/BenchmarkTCompactHTTP;153545;39803;131
0-122-0;Baseline;main_test.go/BenchmarkTBinaryRaw;75412;1519;45
0-122-0;Baseline;main_test.go/BenchmarkTCompactRaw;75239;1183;42
0-122-0;Baseline;main_test.go/BenchmarkConcurrentHttp;40028;40720;303
0-122-0;Baseline;main_test.go/BenchmarkConcurrentRaw;18071;1842;215
0-122-0;Baseline;rpc_test.go/BenchmarkHandlerUncompressed;14136;504;13
0-122-0;Baseline;rpc_test.go/BenchmarkHandlerCompressed;29249;543;18
0-123-0;Baseline;main_test.go/BenchmarkTBinaryHTTP;155926;40069;130
0-123-0;Baseline;main_test.go/BenchmarkTCompactHTTP;152970;39806;131
0-123-0;Baseline;main_test.go/BenchmarkTBinaryRaw;75093;1519;45
0-123-0;Baseline;main_test.go/BenchmarkTCompactRaw;75661;1183;42
0-123-0;Baseline;main_test.go/BenchmarkConcurrentHttp;39918;40717;303
0-123-0;Baseline;main_test.go/BenchmarkConcurrentRaw;18118;1842;215
0-123-0;Baseline;rpc_test.go/BenchmarkHandlerUncompressed;14292;504;13
0-123-0;Baseline;rpc_test.go/BenchmarkHandlerCompressed;29278;543;18
0-124-0;Baseline;main_test.go/BenchmarkTBinaryHTTP;153659;40066;130
0-124-0;Baseline;main_test.go/BenchmarkTCompactHTTP;154268;39804;131
0-124-0;Baseline;main_test.go/BenchmarkTBinaryRaw;75385;1519;45
0-124-0;Baseline;main_test.go/BenchmarkTCompactRaw;74828;1183;42
0-124-0;Baseline;main_test.go/BenchmarkConcurrentHttp;39842;40718;303
0-124-0;Baseline;main_test.go/BenchmarkConcurrentRaw;18128;1842;215
0-124-0;Baseline;rpc_test.go/BenchmarkHandlerUncompressed;14196;504;13
0-124-0;Baseline;rpc_test.go/BenchmarkHandlerCompressed;29312;543;18
0-125-0;Baseline;rpc_test.go/BenchmarkHandlerUncompressed;14119;504;13
0-125-0;Baseline;rpc_test.go/BenchmarkHandlerCompressed;29532;543;18
0-125-0;Baseline;main_test.go/BenchmarkTBinaryHTTP;153602;40066;130
0-125-0;Baseline;main_test.go/BenchmarkTCompactHTTP;153663;39804;131
0-125-0;Baseline;main_test.go/BenchmarkTBinaryRaw;74787;1519;45
0-125-0;Baseline;main_test.go/BenchmarkTCompactRaw;75609;1183;42
0-125-0;Baseline;main_test.go/BenchmarkConcurrentHttp;39890;40717;303
0-125-0;Baseline;main_test.go/BenchmarkConcurrentRaw;18171;1842;215
0-126-0;Baseline;main_test.go/BenchmarkTBinaryHTTP;154353;40065;130
0-126-0;Baseline;main_test.go/BenchmarkTCompactHTTP;153961;39803;131
0-126-0;Baseline;main_test.go/BenchmarkTBinaryRaw;75421;1519;45
0-126-0;Baseline;main_test.go/BenchmarkTCompactRaw;75447;1183;42
0-126-0;Baseline;main_test.go/BenchmarkConcurrentHttp;40053;40718;303
0-126-0;Baseline;main_test.go/BenchmarkConcurrentRaw;18160;1842;215
0-126-0;Baseline;rpc_test.go/BenchmarkHandlerUncompressed;14077;504;13
0-126-0;Baseline;rpc_test.go/BenchmarkHandlerCompressed;29228;544;18
0-127-0;Baseline;main_test.go/BenchmarkTBinaryHTTP;153296;40070;130
0-127-0;Baseline;main_test.go/BenchmarkTCompactHTTP;153735;39806;131
0-127-0;Baseline;main_test.go/BenchmarkTBinaryRaw;75204;1519;45
0-127-0;Baseline;main_test.go/BenchmarkTCompactRaw;75012;1183;42
0-127-0;Baseline;main_test.go/BenchmarkConcurrentHttp;40148;40721;303
0-127-0;Baseline;main_test.go/BenchmarkConcurrentRaw;18313;1842;215
0-127-0;Baseline;rpc_test.go/BenchmarkHandlerUncompressed;14081;504;13
0-127-0;Baseline;rpc_test.go/BenchmarkHandlerCompressed;29293;543;18
0-128-0;Baseline;main_test.go/BenchmarkTBinaryHTTP;153506;40065;130
0-128-0;Baseline;main_test.go/BenchmarkTCompactHTTP;154937;39805;131
0-128-0;Baseline;main_test.go/BenchmarkTBinaryRaw;77135;1519;45
0-128-0;Baseline;main_test.go/BenchmarkTCompactRaw;74997;1183;42
0-128-0;Baseline;main_test.go/BenchmarkConcurrentHttp;40085;40719;303
0-128-0;Baseline;main_test.go/BenchmarkConcurrentRaw;18195;1842;215
0-128-0;Baseline;rpc_test.go/BenchmarkHandlerUncompressed;14372;504;13
0-128-0;Baseline;rpc_test.go/BenchmarkHandlerCompressed;29400;543;18
0-129-0;Baseline;main_test.go/BenchmarkTBinaryHTTP;153297;40068;130
0-129-0;Baseline;main_test.go/BenchmarkTCompactHTTP;154336;39804;131
0-129-0;Baseline;main_test.go/BenchmarkTBinaryRaw;75729;1519;45
0-129-0;Baseline;main_test.go/BenchmarkTCompactRaw;75370;1183;42
0-129-0;Baseline;main_test.go/BenchmarkConcurrentHttp;40164;40720;303
0-129-0;Baseline;main_test.go/BenchmarkConcurrentRaw;18078;1842;215
0-129-0;Baseline;rpc_test.go/BenchmarkHandlerUncompressed;14191;504;13
0-129-0;Baseline;rpc_test.go/BenchmarkHandlerCompressed;29295;543;18
0-130-0;Baseline;main_test.go/BenchmarkTBinaryHTTP;154128;40069;130
0-130-0;Baseline;main_test.go/BenchmarkTCompactHTTP;153524;39803;131
0-130-0;Baseline;main_test.go/BenchmarkTBinaryRaw;75276;1519;45
0-130-0;Baseline;main_test.go/BenchmarkTCompactRaw;74933;1183;42
0-130-0;Baseline;main_test.go/BenchmarkConcurrentHttp;40163;40718;303
0-130-0;Baseline;main_test.go/BenchmarkConcurrentRaw;18088;1842;215
0-130-0;Baseline;rpc_test.go/BenchmarkHandlerUncompressed;14143;504;13
0-130-0;Baseline;rpc_test.go/BenchmarkHandlerCompressed;29480;543;18
0-131-0;Baseline;main_test.go/BenchmarkTBinaryHTTP;153285;40068;130
0-131-0;Baseline;main_test.go/BenchmarkTCompactHTTP;153011;39802;131
0-131-0;Baseline;main_test.go/BenchmarkTBinaryRaw;75163;1519;45
0-131-0;Baseline;main_test.go/BenchmarkTCompactRaw;74731;1183;42
0-131-0;Baseline;main_test.go/BenchmarkConcurrentHttp;39999;40717;303
0-131-0;Baseline;main_test.go/BenchmarkConcurrentRaw;18143;1842;215
0-131-0;Baseline;rpc_test.go/BenchmarkHandlerUncompressed;14166;504;13
0-131-0;Baseline;rpc_test.go/BenchmarkHandlerCompressed;29478;544;18
0-132-0;Baseline;main_test.go/BenchmarkTBinaryHTTP;153456;40068;130
0-132-0;Baseline;main_test.go/BenchmarkTCompactHTTP;155101;39804;131
0-132-0;Baseline;main_test.go/BenchmarkTBinaryRaw;75076;1519;45
0-132-0;Baseline;main_test.go/BenchmarkTCompactRaw;75401;1183;42
0-132-0;Baseline;main_test.go/BenchmarkConcurrentHttp;39986;40718;303
0-132-0;Baseline;main_test.go/BenchmarkConcurrentRaw;18103;1842;215
0-132-0;Baseline;rpc_test.go/BenchmarkHandlerUncompressed;14088;504;13
0-132-0;Baseline;rpc_test.go/BenchmarkHandlerCompressed;29545;543;18
0-133-0;Baseline;rpc_test.go/BenchmarkHandlerUncompressed;14113;504;13
0-133-0;Baseline;rpc_test.go/BenchmarkHandlerCompressed;29254;543;18
0-133-0;Baseline;main_test.go/BenchmarkTBinaryHTTP;153490;40067;130
0-133-0;Baseline;main_test.go/BenchmarkTCompactHTTP;153901;39803;131
0-133-0;Baseline;main_test.go/BenchmarkTBinaryRaw;75756;1519;45
0-133-0;Baseline;main_test.go/BenchmarkTCompactRaw;75119;1183;42
0-133-0;Baseline;main_test.go/BenchmarkConcurrentHttp;40043;40717;303
0-133-0;Baseline;main_test.go/BenchmarkConcurrentRaw;18186;1842;215
0-134-0;Baseline;main_test.go/BenchmarkTBinaryHTTP;154029;40064;130
0-134-0;Baseline;main_test.go/BenchmarkTCompactHTTP;153293;39805;131
0-134-0;Baseline;main_test.go/BenchmarkTBinaryRaw;75399;1519;45
0-134-0;Baseline;main_test.go/BenchmarkTCompactRaw;75451;1183;42
0-134-0;Baseline;main_test.go/BenchmarkConcurrentHttp;40242;40717;303
0-134-0;Baseline;main_test.go/BenchmarkConcurrentRaw;18182;1842;215
0-134-0;Baseline;rpc_test.go/BenchmarkHandlerUncompressed;14107;504;13
0-134-0;Baseline;rpc_test.go/BenchmarkHandlerCompressed;29355;543;18
0-135-0;Baseline;rpc_test.go/BenchmarkHandlerUncompressed;14081;504;13
0-135-0;Baseline;rpc_test.go/BenchmarkHandlerCompressed;29446;543;18
0-135-0;Baseline;main_test.go/BenchmarkTBinaryHTTP;153730;40069;130
0-135-0;Baseline;main_test.go/BenchmarkTCompactHTTP;153496;39803;131
0-135-0;Baseline;main_test.go/BenchmarkTBinaryRaw;74940;1519;45
0-135-0;Baseline;main_test.go/BenchmarkTCompactRaw;74610;1183;42
0-135-0;Baseline;main_test.go/BenchmarkConcurrentHttp;40009;40719;303
0-135-0;Baseline;main_test.go/BenchmarkConcurrentRaw;18176;1842;215
0-136-0;Baseline;main_test.go/BenchmarkTBinaryHTTP;152965;40066;130
0-136-0;Baseline;main_test.go/BenchmarkTCompactHTTP;153830;39803;131
0-136-0;Baseline;main_test.go/BenchmarkTBinaryRaw;75258;1519;45
0-136-0;Baseline;main_test.go/BenchmarkTCompactRaw;74554;1183;42
0-136-0;Baseline;main_test.go/BenchmarkConcurrentHttp;40213;40717;303
0-136-0;Baseline;main_test.go/BenchmarkConcurrentRaw;18135;1842;215
0-136-0;Baseline;rpc_test.go/BenchmarkHandlerUncompressed;14068;504;13
0-136-0;Baseline;rpc_test.go/BenchmarkHandlerCompressed;29304;543;18
0-137-0;Baseline;main_test.go/BenchmarkTBinaryHTTP;153271;40069;130
0-137-0;Baseline;main_test.go/BenchmarkTCompactHTTP;153151;39802;131
0-137-0;Baseline;main_test.go/BenchmarkTBinaryRaw;74929;1519;45
0-137-0;Baseline;main_test.go/BenchmarkTCompactRaw;75379;1183;42
0-137-0;Baseline;main_test.go/BenchmarkConcurrentHttp;40154;40719;303
0-137-0;Baseline;main_test.go/BenchmarkConcurrentRaw;18530;1842;215
0-137-0;Baseline;rpc_test.go/BenchmarkHandlerUncompressed;14070;504;13
0-137-0;Baseline;rpc_test.go/BenchmarkHandlerCompressed;29440;544;18
0-138-0;Baseline;main_test.go/BenchmarkTBinaryHTTP;153707;40068;130
0-138-0;Baseline;main_test.go/BenchmarkTCompactHTTP;153451;39802;131
