0-0-0;Baseline;queue_test.go/BenchmarkQueueEnqueue;6377;477;8
0-0-0;Baseline;queue_test.go/BenchmarkQueueDequeue;13900;928;20
0-0-0;Baseline;stack_test.go/BenchmarkStackEnqueue;6251;477;8
0-0-0;Baseline;stack_test.go/BenchmarkStackDequeue;11139;869;19
0-1-0;Baseline;queue_test.go/BenchmarkQueueEnqueue;6427;477;8
0-1-0;Baseline;queue_test.go/BenchmarkQueueDequeue;13898;928;20
0-1-0;Baseline;stack_test.go/BenchmarkStackEnqueue;6308;477;8
0-1-0;Baseline;stack_test.go/BenchmarkStackDequeue;11099;870;19
0-2-0;Baseline;queue_test.go/BenchmarkQueueEnqueue;6348;477;8
0-2-0;Baseline;queue_test.go/BenchmarkQueueDequeue;13817;928;20
0-2-0;Baseline;stack_test.go/BenchmarkStackEnqueue;6250;477;8
0-2-0;Baseline;stack_test.go/BenchmarkStackDequeue;10992;868;19
0-3-0;Baseline;queue_test.go/BenchmarkQueueEnqueue;6373;477;8
0-3-0;Baseline;queue_test.go/BenchmarkQueueDequeue;13844;928;20
0-3-0;Baseline;stack_test.go/BenchmarkStackEnqueue;6248;477;8
0-3-0;Baseline;stack_test.go/BenchmarkStackDequeue;10862;868;19
0-4-0;Baseline;queue_test.go/BenchmarkQueueEnqueue;6340;477;8
0-4-0;Baseline;queue_test.go/BenchmarkQueueDequeue;13824;928;20
0-4-0;Baseline;stack_test.go/BenchmarkStackEnqueue;6287;477;8
0-4-0;Baseline;stack_test.go/BenchmarkStackDequeue;11035;871;19
0-5-0;Baseline;stack_test.go/BenchmarkStackEnqueue;6380;477;8
0-5-0;Baseline;stack_test.go/BenchmarkStackDequeue;11054;873;19
0-5-0;Baseline;queue_test.go/BenchmarkQueueEnqueue;6255;477;8
0-5-0;Baseline;queue_test.go/BenchmarkQueueDequeue;13787;928;20
0-6-0;Baseline;queue_test.go/BenchmarkQueueEnqueue;6330;477;8
0-6-0;Baseline;queue_test.go/BenchmarkQueueDequeue;13763;928;20
0-6-0;Baseline;stack_test.go/BenchmarkStackEnqueue;6385;477;8
0-6-0;Baseline;stack_test.go/BenchmarkStackDequeue;10922;873;19
0-7-0;Baseline;queue_test.go/BenchmarkQueueEnqueue;6302;477;8
0-7-0;Baseline;queue_test.go/BenchmarkQueueDequeue;13815;928;20
0-7-0;Baseline;stack_test.go/BenchmarkStackEnqueue;6212;477;8
0-7-0;Baseline;stack_test.go/BenchmarkStackDequeue;11066;871;19
0-8-0;Baseline;queue_test.go/BenchmarkQueueEnqueue;6345;477;8
0-8-0;Baseline;queue_test.go/BenchmarkQueueDequeue;13895;928;20
0-8-0;Baseline;stack_test.go/BenchmarkStackEnqueue;6326;477;8
0-8-0;Baseline;stack_test.go/BenchmarkStackDequeue;10974;870;19
0-9-0;Baseline;stack_test.go/BenchmarkStackEnqueue;6213;477;8
0-9-0;Baseline;stack_test.go/BenchmarkStackDequeue;10940;874;19
0-9-0;Baseline;queue_test.go/BenchmarkQueueEnqueue;6296;477;8
0-9-0;Baseline;queue_test.go/BenchmarkQueueDequeue;13858;928;20
0-10-0;Baseline;queue_test.go/BenchmarkQueueEnqueue;6383;477;8
0-10-0;Baseline;queue_test.go/BenchmarkQueueDequeue;13783;928;20
0-10-0;Baseline;stack_test.go/BenchmarkStackEnqueue;6328;477;8
0-10-0;Baseline;stack_test.go/BenchmarkStackDequeue;11052;872;19
0-11-0;Baseline;queue_test.go/BenchmarkQueueEnqueue;5554;464;8
0-11-0;Baseline;queue_test.go/BenchmarkQueueDequeue;13712;928;20
0-11-0;Baseline;stack_test.go/BenchmarkStackEnqueue;6350;477;8
0-11-0;Baseline;stack_test.go/BenchmarkStackDequeue;10956;867;19
0-12-0;Baseline;queue_test.go/BenchmarkQueueEnqueue;6378;477;8
0-12-0;Baseline;queue_test.go/BenchmarkQueueDequeue;13801;928;20
0-12-0;Baseline;stack_test.go/BenchmarkStackEnqueue;6256;477;8
0-12-0;Baseline;stack_test.go/BenchmarkStackDequeue;10987;869;19
0-13-0;Baseline;stack_test.go/BenchmarkStackEnqueue;6185;477;8
0-13-0;Baseline;stack_test.go/BenchmarkStackDequeue;11110;870;19
0-13-0;Baseline;queue_test.go/BenchmarkQueueEnqueue;6276;477;8
0-13-0;Baseline;queue_test.go/BenchmarkQueueDequeue;13886;928;20
0-14-0;Baseline;queue_test.go/BenchmarkQueueEnqueue;6371;477;8
0-14-0;Baseline;queue_test.go/BenchmarkQueueDequeue;13842;928;20
0-14-0;Baseline;stack_test.go/BenchmarkStackEnqueue;6367;477;8
0-14-0;Baseline;stack_test.go/BenchmarkStackDequeue;10888;869;19
0-15-0;Baseline;queue_test.go/BenchmarkQueueEnqueue;6329;477;8
0-15-0;Baseline;queue_test.go/BenchmarkQueueDequeue;13848;928;20
0-15-0;Baseline;stack_test.go/BenchmarkStackEnqueue;6340;477;8
0-15-0;Baseline;stack_test.go/BenchmarkStackDequeue;10940;868;19
0-16-0;Baseline;stack_test.go/BenchmarkStackEnqueue;6293;477;8
0-16-0;Baseline;stack_test.go/BenchmarkStackDequeue;10980;870;19
0-16-0;Baseline;queue_test.go/BenchmarkQueueEnqueue;6511;477;8
0-16-0;Baseline;queue_test.go/BenchmarkQueueDequeue;13815;928;20
0-17-0;Baseline;stack_test.go/BenchmarkStackEnqueue;6311;477;8
0-17-0;Baseline;stack_test.go/BenchmarkStackDequeue;11125;870;19
0-17-0;Baseline;queue_test.go/BenchmarkQueueEnqueue;6258;477;8
0-17-0;Baseline;queue_test.go/BenchmarkQueueDequeue;13868;928;20
0-18-0;Baseline;queue_test.go/BenchmarkQueueEnqueue;6346;477;8
0-18-0;Baseline;queue_test.go/BenchmarkQueueDequeue;13992;928;20
0-18-0;Baseline;stack_test.go/BenchmarkStackEnqueue;6357;477;8
0-18-0;Baseline;stack_test.go/BenchmarkStackDequeue;11083;868;19
0-19-0;Baseline;queue_test.go/BenchmarkQueueEnqueue;6367;477;8
0-19-0;Baseline;queue_test.go/BenchmarkQueueDequeue;13821;928;20
0-19-0;Baseline;stack_test.go/BenchmarkStackEnqueue;5619;464;8
0-19-0;Baseline;stack_test.go/BenchmarkStackDequeue;10937;869;19
0-20-0;Baseline;queue_test.go/BenchmarkQueueEnqueue;6368;477;8
0-20-0;Baseline;queue_test.go/BenchmarkQueueDequeue;13813;928;20
0-20-0;Baseline;stack_test.go/BenchmarkStackEnqueue;6303;477;8
0-20-0;Baseline;stack_test.go/BenchmarkStackDequeue;11122;872;19
0-21-0;Baseline;queue_test.go/BenchmarkQueueEnqueue;6264;477;8
0-21-0;Baseline;queue_test.go/BenchmarkQueueDequeue;13814;928;20
0-21-0;Baseline;stack_test.go/BenchmarkStackEnqueue;6323;477;8
0-21-0;Baseline;stack_test.go/BenchmarkStackDequeue;10975;872;19
0-22-0;Baseline;queue_test.go/BenchmarkQueueEnqueue;6503;477;8
0-22-0;Baseline;queue_test.go/BenchmarkQueueDequeue;13802;928;20
0-22-0;Baseline;stack_test.go/BenchmarkStackEnqueue;6332;477;8
0-22-0;Baseline;stack_test.go/BenchmarkStackDequeue;11025;872;19
0-23-0;Baseline;queue_test.go/BenchmarkQueueEnqueue;6409;477;8
0-23-0;Baseline;queue_test.go/BenchmarkQueueDequeue;13912;928;20
0-23-0;Baseline;stack_test.go/BenchmarkStackEnqueue;6358;477;8
0-23-0;Baseline;stack_test.go/BenchmarkStackDequeue;11042;872;19
0-24-0;Baseline;queue_test.go/BenchmarkQueueEnqueue;6259;477;8
0-24-0;Baseline;queue_test.go/BenchmarkQueueDequeue;13845;928;20
0-24-0;Baseline;stack_test.go/BenchmarkStackEnqueue;6356;477;8
0-24-0;Baseline;stack_test.go/BenchmarkStackDequeue;10982;867;19
0-25-0;Baseline;queue_test.go/BenchmarkQueueEnqueue;6263;477;8
0-25-0;Baseline;queue_test.go/BenchmarkQueueDequeue;13839;928;20
0-25-0;Baseline;stack_test.go/BenchmarkStackEnqueue;5560;464;8
0-25-0;Baseline;stack_test.go/BenchmarkStackDequeue;10864;867;19
0-26-0;Baseline;queue_test.go/BenchmarkQueueEnqueue;6257;477;8
0-26-0;Baseline;queue_test.go/BenchmarkQueueDequeue;13939;928;20
0-26-0;Baseline;stack_test.go/BenchmarkStackEnqueue;6399;477;8
0-26-0;Baseline;stack_test.go/BenchmarkStackDequeue;10891;871;19
0-27-0;Baseline;queue_test.go/BenchmarkQueueEnqueue;6300;477;8
0-27-0;Baseline;queue_test.go/BenchmarkQueueDequeue;13816;928;20
0-27-0;Baseline;stack_test.go/BenchmarkStackEnqueue;5542;464;8
0-27-0;Baseline;stack_test.go/BenchmarkStackDequeue;11054;871;19
0-28-0;Baseline;queue_test.go/BenchmarkQueueEnqueue;5561;464;8
0-28-0;Baseline;queue_test.go/BenchmarkQueueDequeue;14016;928;20
0-28-0;Baseline;stack_test.go/BenchmarkStackEnqueue;6326;477;8
0-28-0;Baseline;stack_test.go/BenchmarkStackDequeue;10937;871;19
0-29-0;Baseline;queue_test.go/BenchmarkQueueEnqueue;5592;464;8
0-29-0;Baseline;queue_test.go/BenchmarkQueueDequeue;13795;928;20
0-29-0;Baseline;stack_test.go/BenchmarkStackEnqueue;6388;477;8
0-29-0;Baseline;stack_test.go/BenchmarkStackDequeue;11157;874;19
0-30-0;Baseline;queue_test.go/BenchmarkQueueEnqueue;6302;477;8
0-30-0;Baseline;queue_test.go/BenchmarkQueueDequeue;13819;928;20
0-30-0;Baseline;stack_test.go/BenchmarkStackEnqueue;6761;477;8
0-30-0;Baseline;stack_test.go/BenchmarkStackDequeue;10936;870;19
0-31-0;Baseline;queue_test.go/BenchmarkQueueEnqueue;6345;477;8
0-31-0;Baseline;queue_test.go/BenchmarkQueueDequeue;13762;928;20
0-31-0;Baseline;stack_test.go/BenchmarkStackEnqueue;6658;477;8
0-31-0;Baseline;stack_test.go/BenchmarkStackDequeue;10922;869;19
0-32-0;Baseline;queue_test.go/BenchmarkQueueEnqueue;6290;477;8
0-32-0;Baseline;queue_test.go/BenchmarkQueueDequeue;13858;928;20
0-32-0;Baseline;stack_test.go/BenchmarkStackEnqueue;6303;477;8
0-32-0;Baseline;stack_test.go/BenchmarkStackDequeue;11003;870;19
0-33-0;Baseline;queue_test.go/BenchmarkQueueEnqueue;6339;477;8
0-33-0;Baseline;queue_test.go/BenchmarkQueueDequeue;13856;928;20
0-33-0;Baseline;stack_test.go/BenchmarkStackEnqueue;6340;477;8
0-33-0;Baseline;stack_test.go/BenchmarkStackDequeue;10938;866;19
0-34-0;Baseline;queue_test.go/BenchmarkQueueEnqueue;6473;477;8
0-34-0;Baseline;queue_test.go/BenchmarkQueueDequeue;13832;928;20
0-34-0;Baseline;stack_test.go/BenchmarkStackEnqueue;6415;477;8
0-34-0;Baseline;stack_test.go/BenchmarkStackDequeue;11013;870;19
0-35-0;Baseline;queue_test.go/BenchmarkQueueEnqueue;6259;477;8
0-35-0;Baseline;queue_test.go/BenchmarkQueueDequeue;13920;928;20
0-35-0;Baseline;stack_test.go/BenchmarkStackEnqueue;6334;477;8
0-35-0;Baseline;stack_test.go/BenchmarkStackDequeue;10903;872;19
0-36-0;Baseline;queue_test.go/BenchmarkQueueEnqueue;6342;477;8
0-36-0;Baseline;queue_test.go/BenchmarkQueueDequeue;13826;928;20
0-36-0;Baseline;stack_test.go/BenchmarkStackEnqueue;6250;477;8
0-36-0;Baseline;stack_test.go/BenchmarkStackDequeue;10899;866;19
0-37-0;Baseline;queue_test.go/BenchmarkQueueEnqueue;6509;477;8
0-37-0;Baseline;queue_test.go/BenchmarkQueueDequeue;13829;928;20
0-37-0;Baseline;stack_test.go/BenchmarkStackEnqueue;6244;477;8
0-37-0;Baseline;stack_test.go/BenchmarkStackDequeue;10908;870;19
0-38-0;Baseline;queue_test.go/BenchmarkQueueEnqueue;5547;464;8
0-38-0;Baseline;queue_test.go/BenchmarkQueueDequeue;13745;928;20
0-38-0;Baseline;stack_test.go/BenchmarkStackEnqueue;6282;477;8
0-38-0;Baseline;stack_test.go/BenchmarkStackDequeue;10977;874;19
0-39-0;Baseline;queue_test.go/BenchmarkQueueEnqueue;6298;477;8
0-39-0;Baseline;queue_test.go/BenchmarkQueueDequeue;13916;928;20
0-39-0;Baseline;stack_test.go/BenchmarkStackEnqueue;6410;477;8
0-39-0;Baseline;stack_test.go/BenchmarkStackDequeue;10996;868;19
0-40-0;Baseline;queue_test.go/BenchmarkQueueEnqueue;6292;477;8
0-40-0;Baseline;queue_test.go/BenchmarkQueueDequeue;13847;928;20
0-40-0;Baseline;stack_test.go/BenchmarkStackEnqueue;6389;477;8
0-40-0;Baseline;stack_test.go/BenchmarkStackDequeue;10901;866;19
0-41-0;Baseline;queue_test.go/BenchmarkQueueEnqueue;6266;477;8
0-41-0;Baseline;queue_test.go/BenchmarkQueueDequeue;13774;928;20
0-41-0;Baseline;stack_test.go/BenchmarkStackEnqueue;6247;477;8
0-41-0;Baseline;stack_test.go/BenchmarkStackDequeue;11094;874;19
0-42-0;Baseline;queue_test.go/BenchmarkQueueEnqueue;6359;477;8
0-42-0;Baseline;queue_test.go/BenchmarkQueueDequeue;13969;928;20
0-42-0;Baseline;stack_test.go/BenchmarkStackEnqueue;6293;477;8
0-42-0;Baseline;stack_test.go/BenchmarkStackDequeue;10928;870;19
0-43-0;Baseline;queue_test.go/BenchmarkQueueEnqueue;6332;477;8
0-43-0;Baseline;queue_test.go/BenchmarkQueueDequeue;13973;928;20
0-43-0;Baseline;stack_test.go/BenchmarkStackEnqueue;5548;464;8
0-43-0;Baseline;stack_test.go/BenchmarkStackDequeue;11029;868;19
0-44-0;Baseline;queue_test.go/BenchmarkQueueEnqueue;5544;464;8
0-44-0;Baseline;queue_test.go/BenchmarkQueueDequeue;13929;928;20
0-44-0;Baseline;stack_test.go/BenchmarkStackEnqueue;6303;477;8
0-44-0;Baseline;stack_test.go/BenchmarkStackDequeue;11097;871;19
0-45-0;Baseline;queue_test.go/BenchmarkQueueEnqueue;6306;477;8
0-45-0;Baseline;queue_test.go/BenchmarkQueueDequeue;13857;928;20
0-45-0;Baseline;stack_test.go/BenchmarkStackEnqueue;6456;477;8
0-45-0;Baseline;stack_test.go/BenchmarkStackDequeue;11126;869;19
0-46-0;Baseline;stack_test.go/BenchmarkStackEnqueue;6263;477;8
0-46-0;Baseline;stack_test.go/BenchmarkStackDequeue;10921;871;19
0-46-0;Baseline;queue_test.go/BenchmarkQueueEnqueue;6262;477;8
0-46-0;Baseline;queue_test.go/BenchmarkQueueDequeue;13865;928;20
0-47-0;Baseline;stack_test.go/BenchmarkStackEnqueue;6368;477;8
0-47-0;Baseline;stack_test.go/BenchmarkStackDequeue;10974;869;19
0-47-0;Baseline;queue_test.go/BenchmarkQueueEnqueue;6382;477;8
0-47-0;Baseline;queue_test.go/BenchmarkQueueDequeue;13789;928;20
0-48-0;Baseline;queue_test.go/BenchmarkQueueEnqueue;6321;477;8
0-48-0;Baseline;queue_test.go/BenchmarkQueueDequeue;13910;928;20
0-48-0;Baseline;stack_test.go/BenchmarkStackEnqueue;6262;477;8
0-48-0;Baseline;stack_test.go/BenchmarkStackDequeue;11024;871;19
0-49-0;Baseline;queue_test.go/BenchmarkQueueEnqueue;6219;477;8
0-49-0;Baseline;queue_test.go/BenchmarkQueueDequeue;13942;928;20
0-49-0;Baseline;stack_test.go/BenchmarkStackEnqueue;5705;464;8
0-49-0;Baseline;stack_test.go/BenchmarkStackDequeue;10948;868;19
0-50-0;Baseline;stack_test.go/BenchmarkStackEnqueue;6367;477;8
0-50-0;Baseline;stack_test.go/BenchmarkStackDequeue;11002;868;19
0-50-0;Baseline;queue_test.go/BenchmarkQueueEnqueue;6264;477;8
0-50-0;Baseline;queue_test.go/BenchmarkQueueDequeue;13793;928;20
0-51-0;Baseline;queue_test.go/BenchmarkQueueEnqueue;6168;477;8
0-51-0;Baseline;queue_test.go/BenchmarkQueueDequeue;13839;928;20
0-51-0;Baseline;stack_test.go/BenchmarkStackEnqueue;6392;477;8
0-51-0;Baseline;stack_test.go/BenchmarkStackDequeue;11028;868;19
0-52-0;Baseline;queue_test.go/BenchmarkQueueEnqueue;6247;477;8
0-52-0;Baseline;queue_test.go/BenchmarkQueueDequeue;13854;928;20
0-52-0;Baseline;stack_test.go/BenchmarkStackEnqueue;6430;477;8
0-52-0;Baseline;stack_test.go/BenchmarkStackDequeue;10950;868;19
0-53-0;Baseline;queue_test.go/BenchmarkQueueEnqueue;6494;477;8
0-53-0;Baseline;queue_test.go/BenchmarkQueueDequeue;13833;928;20
0-53-0;Baseline;stack_test.go/BenchmarkStackEnqueue;6332;477;8
0-53-0;Baseline;stack_test.go/BenchmarkStackDequeue;11051;871;19
0-54-0;Baseline;queue_test.go/BenchmarkQueueEnqueue;6386;477;8
0-54-0;Baseline;queue_test.go/BenchmarkQueueDequeue;13932;928;20
0-54-0;Baseline;stack_test.go/BenchmarkStackEnqueue;5530;464;8
0-54-0;Baseline;stack_test.go/BenchmarkStackDequeue;10972;874;19
0-55-0;Baseline;queue_test.go/BenchmarkQueueEnqueue;6295;477;8
0-55-0;Baseline;queue_test.go/BenchmarkQueueDequeue;13813;928;20
0-55-0;Baseline;stack_test.go/BenchmarkStackEnqueue;7708;477;8
0-55-0;Baseline;stack_test.go/BenchmarkStackDequeue;10973;867;19
0-56-0;Baseline;stack_test.go/BenchmarkStackEnqueue;6374;477;8
0-56-0;Baseline;stack_test.go/BenchmarkStackDequeue;11058;865;19
0-56-0;Baseline;queue_test.go/BenchmarkQueueEnqueue;6285;477;8
0-56-0;Baseline;queue_test.go/BenchmarkQueueDequeue;13897;928;20
0-57-0;Baseline;queue_test.go/BenchmarkQueueEnqueue;5584;464;8
0-57-0;Baseline;queue_test.go/BenchmarkQueueDequeue;13992;928;20
0-57-0;Baseline;stack_test.go/BenchmarkStackEnqueue;6291;477;8
0-57-0;Baseline;stack_test.go/BenchmarkStackDequeue;10946;873;19
0-58-0;Baseline;stack_test.go/BenchmarkStackEnqueue;6332;477;8
0-58-0;Baseline;stack_test.go/BenchmarkStackDequeue;10946;869;19
0-58-0;Baseline;queue_test.go/BenchmarkQueueEnqueue;6222;477;8
0-58-0;Baseline;queue_test.go/BenchmarkQueueDequeue;13940;928;20
0-59-0;Baseline;queue_test.go/BenchmarkQueueEnqueue;6355;477;8
0-59-0;Baseline;queue_test.go/BenchmarkQueueDequeue;13803;928;20
0-59-0;Baseline;stack_test.go/BenchmarkStackEnqueue;6411;477;8
0-59-0;Baseline;stack_test.go/BenchmarkStackDequeue;10979;866;19
0-60-0;Baseline;queue_test.go/BenchmarkQueueEnqueue;6262;477;8
0-60-0;Baseline;queue_test.go/BenchmarkQueueDequeue;13815;928;20
0-60-0;Baseline;stack_test.go/BenchmarkStackEnqueue;6294;477;8
0-60-0;Baseline;stack_test.go/BenchmarkStackDequeue;10998;871;19
0-61-0;Baseline;queue_test.go/BenchmarkQueueEnqueue;6329;477;8
0-61-0;Baseline;queue_test.go/BenchmarkQueueDequeue;13787;928;20
0-61-0;Baseline;stack_test.go/BenchmarkStackEnqueue;6426;477;8
0-61-0;Baseline;stack_test.go/BenchmarkStackDequeue;10978;867;19
0-62-0;Baseline;queue_test.go/BenchmarkQueueEnqueue;6204;477;8
0-62-0;Baseline;queue_test.go/BenchmarkQueueDequeue;13741;928;20
0-62-0;Baseline;stack_test.go/BenchmarkStackEnqueue;5580;464;8
0-62-0;Baseline;stack_test.go/BenchmarkStackDequeue;10967;870;19
0-63-0;Baseline;queue_test.go/BenchmarkQueueEnqueue;6333;477;8
0-63-0;Baseline;queue_test.go/BenchmarkQueueDequeue;13768;928;20
0-63-0;Baseline;stack_test.go/BenchmarkStackEnqueue;6330;477;8
0-63-0;Baseline;stack_test.go/BenchmarkStackDequeue;11052;873;19
0-64-0;Baseline;stack_test.go/BenchmarkStackEnqueue;6260;477;8
0-64-0;Baseline;stack_test.go/BenchmarkStackDequeue;11037;868;19
0-64-0;Baseline;queue_test.go/BenchmarkQueueEnqueue;6263;477;8
0-64-0;Baseline;queue_test.go/BenchmarkQueueDequeue;13729;928;20
0-65-0;Baseline;queue_test.go/BenchmarkQueueEnqueue;6331;477;8
0-65-0;Baseline;queue_test.go/BenchmarkQueueDequeue;13831;928;20
0-65-0;Baseline;stack_test.go/BenchmarkStackEnqueue;5673;464;8
0-65-0;Baseline;stack_test.go/BenchmarkStackDequeue;11021;873;19
0-66-0;Baseline;stack_test.go/BenchmarkStackEnqueue;6470;477;8
0-66-0;Baseline;stack_test.go/BenchmarkStackDequeue;10904;871;19
0-66-0;Baseline;queue_test.go/BenchmarkQueueEnqueue;6299;477;8
0-66-0;Baseline;queue_test.go/BenchmarkQueueDequeue;13990;928;20
0-67-0;Baseline;queue_test.go/BenchmarkQueueEnqueue;6321;477;8
0-67-0;Baseline;queue_test.go/BenchmarkQueueDequeue;13915;928;20
0-67-0;Baseline;stack_test.go/BenchmarkStackEnqueue;6414;477;8
0-67-0;Baseline;stack_test.go/BenchmarkStackDequeue;11051;868;19
0-68-0;Baseline;queue_test.go/BenchmarkQueueEnqueue;6217;477;8
0-68-0;Baseline;queue_test.go/BenchmarkQueueDequeue;13892;928;20
0-68-0;Baseline;stack_test.go/BenchmarkStackEnqueue;6345;477;8
0-68-0;Baseline;stack_test.go/BenchmarkStackDequeue;10997;872;19
0-69-0;Baseline;queue_test.go/BenchmarkQueueEnqueue;6293;477;8
0-69-0;Baseline;queue_test.go/BenchmarkQueueDequeue;13854;928;20
0-69-0;Baseline;stack_test.go/BenchmarkStackEnqueue;6335;477;8
0-69-0;Baseline;stack_test.go/BenchmarkStackDequeue;10949;868;19
0-70-0;Baseline;queue_test.go/BenchmarkQueueEnqueue;6219;477;8
0-70-0;Baseline;queue_test.go/BenchmarkQueueDequeue;13765;928;20
0-70-0;Baseline;stack_test.go/BenchmarkStackEnqueue;6302;477;8
0-70-0;Baseline;stack_test.go/BenchmarkStackDequeue;10961;873;19
0-71-0;Baseline;stack_test.go/BenchmarkStackEnqueue;6424;477;8
0-71-0;Baseline;stack_test.go/BenchmarkStackDequeue;11022;871;19
0-71-0;Baseline;queue_test.go/BenchmarkQueueEnqueue;6412;477;8
0-71-0;Baseline;queue_test.go/BenchmarkQueueDequeue;13852;928;20
0-72-0;Baseline;queue_test.go/BenchmarkQueueEnqueue;6261;477;8
0-72-0;Baseline;queue_test.go/BenchmarkQueueDequeue;14021;928;20
0-72-0;Baseline;stack_test.go/BenchmarkStackEnqueue;5557;464;8
0-72-0;Baseline;stack_test.go/BenchmarkStackDequeue;11056;870;19
0-73-0;Baseline;queue_test.go/BenchmarkQueueEnqueue;6290;477;8
0-73-0;Baseline;queue_test.go/BenchmarkQueueDequeue;13928;928;20
0-73-0;Baseline;stack_test.go/BenchmarkStackEnqueue;6421;477;8
0-73-0;Baseline;stack_test.go/BenchmarkStackDequeue;11061;870;19
0-74-0;Baseline;queue_test.go/BenchmarkQueueEnqueue;6332;477;8
0-74-0;Baseline;queue_test.go/BenchmarkQueueDequeue;13845;928;20
0-74-0;Baseline;stack_test.go/BenchmarkStackEnqueue;6387;477;8
0-74-0;Baseline;stack_test.go/BenchmarkStackDequeue;11468;871;19
0-75-0;Baseline;queue_test.go/BenchmarkQueueEnqueue;6296;477;8
0-75-0;Baseline;queue_test.go/BenchmarkQueueDequeue;13867;928;20
0-75-0;Baseline;stack_test.go/BenchmarkStackEnqueue;6307;477;8
0-75-0;Baseline;stack_test.go/BenchmarkStackDequeue;10931;874;19
0-76-0;Baseline;queue_test.go/BenchmarkQueueEnqueue;6373;477;8
0-76-0;Baseline;queue_test.go/BenchmarkQueueDequeue;13867;928;20
0-76-0;Baseline;stack_test.go/BenchmarkStackEnqueue;6342;477;8
0-76-0;Baseline;stack_test.go/BenchmarkStackDequeue;11007;871;19
0-77-0;Baseline;queue_test.go/BenchmarkQueueEnqueue;6330;477;8
0-77-0;Baseline;queue_test.go/BenchmarkQueueDequeue;13902;928;20
0-77-0;Baseline;stack_test.go/BenchmarkStackEnqueue;5559;464;8
0-77-0;Baseline;stack_test.go/BenchmarkStackDequeue;11061;870;19
0-78-0;Baseline;queue_test.go/BenchmarkQueueEnqueue;6346;477;8
0-78-0;Baseline;queue_test.go/BenchmarkQueueDequeue;13787;928;20
0-78-0;Baseline;stack_test.go/BenchmarkStackEnqueue;5528;464;8
0-78-0;Baseline;stack_test.go/BenchmarkStackDequeue;10987;872;19
0-79-0;Baseline;queue_test.go/BenchmarkQueueEnqueue;6340;477;8
0-79-0;Baseline;queue_test.go/BenchmarkQueueDequeue;14043;928;20
0-79-0;Baseline;stack_test.go/BenchmarkStackEnqueue;6269;477;8
0-79-0;Baseline;stack_test.go/BenchmarkStackDequeue;10952;870;19
0-80-0;Baseline;queue_test.go/BenchmarkQueueEnqueue;6209;477;8
0-80-0;Baseline;queue_test.go/BenchmarkQueueDequeue;13813;928;20
0-80-0;Baseline;stack_test.go/BenchmarkStackEnqueue;6240;477;8
0-80-0;Baseline;stack_test.go/BenchmarkStackDequeue;11082;869;19
0-81-0;Baseline;queue_test.go/BenchmarkQueueEnqueue;6258;477;8
0-81-0;Baseline;queue_test.go/BenchmarkQueueDequeue;13945;928;20
0-81-0;Baseline;stack_test.go/BenchmarkStackEnqueue;6256;477;8
0-81-0;Baseline;stack_test.go/BenchmarkStackDequeue;10932;872;19
0-82-0;Baseline;queue_test.go/BenchmarkQueueEnqueue;6290;477;8
0-82-0;Baseline;queue_test.go/BenchmarkQueueDequeue;13816;928;20
0-82-0;Baseline;stack_test.go/BenchmarkStackEnqueue;6380;477;8
0-82-0;Baseline;stack_test.go/BenchmarkStackDequeue;11058;870;19
0-83-0;Baseline;queue_test.go/BenchmarkQueueEnqueue;6335;477;8
0-83-0;Baseline;queue_test.go/BenchmarkQueueDequeue;13769;928;20
0-83-0;Baseline;stack_test.go/BenchmarkStackEnqueue;6302;477;8
0-83-0;Baseline;stack_test.go/BenchmarkStackDequeue;11001;870;19
0-84-0;Baseline;queue_test.go/BenchmarkQueueEnqueue;6288;477;8
0-84-0;Baseline;queue_test.go/BenchmarkQueueDequeue;13764;928;20
0-84-0;Baseline;stack_test.go/BenchmarkStackEnqueue;6343;477;8
0-84-0;Baseline;stack_test.go/BenchmarkStackDequeue;10941;873;19
0-85-0;Baseline;queue_test.go/BenchmarkQueueEnqueue;6287;477;8
0-85-0;Baseline;queue_test.go/BenchmarkQueueDequeue;13845;928;20
0-85-0;Baseline;stack_test.go/BenchmarkStackEnqueue;6338;477;8
0-85-0;Baseline;stack_test.go/BenchmarkStackDequeue;10952;875;19
0-86-0;Baseline;stack_test.go/BenchmarkStackEnqueue;6384;477;8
0-86-0;Baseline;stack_test.go/BenchmarkStackDequeue;11118;870;19
0-86-0;Baseline;queue_test.go/BenchmarkQueueEnqueue;5520;464;8
0-86-0;Baseline;queue_test.go/BenchmarkQueueDequeue;13907;928;20
0-87-0;Baseline;queue_test.go/BenchmarkQueueEnqueue;6244;477;8
0-87-0;Baseline;queue_test.go/BenchmarkQueueDequeue;13996;928;20
0-87-0;Baseline;stack_test.go/BenchmarkStackEnqueue;5574;464;8
0-87-0;Baseline;stack_test.go/BenchmarkStackDequeue;11032;872;19
0-88-0;Baseline;queue_test.go/BenchmarkQueueEnqueue;6255;477;8
0-88-0;Baseline;queue_test.go/BenchmarkQueueDequeue;13859;928;20
0-88-0;Baseline;stack_test.go/BenchmarkStackEnqueue;5609;464;8
0-88-0;Baseline;stack_test.go/BenchmarkStackDequeue;10956;870;19
0-89-0;Baseline;queue_test.go/BenchmarkQueueEnqueue;6294;477;8
0-89-0;Baseline;queue_test.go/BenchmarkQueueDequeue;13952;927;20
0-89-0;Baseline;stack_test.go/BenchmarkStackEnqueue;5576;464;8
0-89-0;Baseline;stack_test.go/BenchmarkStackDequeue;11076;869;19
0-90-0;Baseline;queue_test.go/BenchmarkQueueEnqueue;6217;477;8
0-90-0;Baseline;queue_test.go/BenchmarkQueueDequeue;13845;928;20
0-90-0;Baseline;stack_test.go/BenchmarkStackEnqueue;6326;477;8
0-90-0;Baseline;stack_test.go/BenchmarkStackDequeue;11030;870;19
0-91-0;Baseline;queue_test.go/BenchmarkQueueEnqueue;6269;477;8
0-91-0;Baseline;queue_test.go/BenchmarkQueueDequeue;13787;928;20
0-91-0;Baseline;stack_test.go/BenchmarkStackEnqueue;6375;477;8
0-91-0;Baseline;stack_test.go/BenchmarkStackDequeue;10949;871;19
0-92-0;Baseline;queue_test.go/BenchmarkQueueEnqueue;6345;477;8
0-92-0;Baseline;queue_test.go/BenchmarkQueueDequeue;14020;928;20
0-92-0;Baseline;stack_test.go/BenchmarkStackEnqueue;6140;477;8
0-92-0;Baseline;stack_test.go/BenchmarkStackDequeue;10902;870;19
0-93-0;Baseline;queue_test.go/BenchmarkQueueEnqueue;6261;477;8
0-93-0;Baseline;queue_test.go/BenchmarkQueueDequeue;13867;928;20
0-93-0;Baseline;stack_test.go/BenchmarkStackEnqueue;5536;464;8
0-93-0;Baseline;stack_test.go/BenchmarkStackDequeue;10894;872;19
0-94-0;Baseline;queue_test.go/BenchmarkQueueEnqueue;6213;477;8
0-94-0;Baseline;queue_test.go/BenchmarkQueueDequeue;13938;928;20
0-94-0;Baseline;stack_test.go/BenchmarkStackEnqueue;6667;477;8
0-94-0;Baseline;stack_test.go/BenchmarkStackDequeue;11068;868;19
0-95-0;Baseline;queue_test.go/BenchmarkQueueEnqueue;6298;477;8
0-95-0;Baseline;queue_test.go/BenchmarkQueueDequeue;13781;928;20
0-95-0;Baseline;stack_test.go/BenchmarkStackEnqueue;6380;477;8
0-95-0;Baseline;stack_test.go/BenchmarkStackDequeue;11103;873;19
0-96-0;Baseline;queue_test.go/BenchmarkQueueEnqueue;6379;477;8
0-96-0;Baseline;queue_test.go/BenchmarkQueueDequeue;13872;928;20
0-96-0;Baseline;stack_test.go/BenchmarkStackEnqueue;6315;477;8
0-96-0;Baseline;stack_test.go/BenchmarkStackDequeue;10971;872;19
0-97-0;Baseline;queue_test.go/BenchmarkQueueEnqueue;6304;477;8
0-97-0;Baseline;queue_test.go/BenchmarkQueueDequeue;13915;928;20
0-97-0;Baseline;stack_test.go/BenchmarkStackEnqueue;5544;464;8
0-97-0;Baseline;stack_test.go/BenchmarkStackDequeue;11020;874;19
0-98-0;Baseline;queue_test.go/BenchmarkQueueEnqueue;6369;477;8
0-98-0;Baseline;queue_test.go/BenchmarkQueueDequeue;13886;928;20
0-98-0;Baseline;stack_test.go/BenchmarkStackEnqueue;6341;477;8
0-98-0;Baseline;stack_test.go/BenchmarkStackDequeue;10944;866;19
0-99-0;Baseline;queue_test.go/BenchmarkQueueEnqueue;6339;477;8
0-99-0;Baseline;queue_test.go/BenchmarkQueueDequeue;13880;928;20
0-99-0;Baseline;stack_test.go/BenchmarkStackEnqueue;6379;477;8
0-99-0;Baseline;stack_test.go/BenchmarkStackDequeue;11124;872;19
0-100-0;Baseline;queue_test.go/BenchmarkQueueEnqueue;5551;464;8
0-100-0;Baseline;queue_test.go/BenchmarkQueueDequeue;13757;928;20
0-100-0;Baseline;stack_test.go/BenchmarkStackEnqueue;6301;477;8
0-100-0;Baseline;stack_test.go/BenchmarkStackDequeue;11058;872;19
0-101-0;Baseline;queue_test.go/BenchmarkQueueEnqueue;6372;477;8
0-101-0;Baseline;queue_test.go/BenchmarkQueueDequeue;13886;928;20
0-101-0;Baseline;stack_test.go/BenchmarkStackEnqueue;6206;477;8
0-101-0;Baseline;stack_test.go/BenchmarkStackDequeue;10999;875;19
0-102-0;Baseline;queue_test.go/BenchmarkQueueEnqueue;6375;477;8
0-102-0;Baseline;queue_test.go/BenchmarkQueueDequeue;13865;928;20
0-102-0;Baseline;stack_test.go/BenchmarkStackEnqueue;6215;477;8
0-102-0;Baseline;stack_test.go/BenchmarkStackDequeue;10894;868;19
0-103-0;Baseline;queue_test.go/BenchmarkQueueEnqueue;6293;477;8
0-103-0;Baseline;queue_test.go/BenchmarkQueueDequeue;13862;928;20
0-103-0;Baseline;stack_test.go/BenchmarkStackEnqueue;6338;477;8
0-103-0;Baseline;stack_test.go/BenchmarkStackDequeue;10950;871;19
0-104-0;Baseline;queue_test.go/BenchmarkQueueEnqueue;6334;477;8
0-104-0;Baseline;queue_test.go/BenchmarkQueueDequeue;13825;927;20
0-104-0;Baseline;stack_test.go/BenchmarkStackEnqueue;6262;477;8
0-104-0;Baseline;stack_test.go/BenchmarkStackDequeue;11015;867;19
0-105-0;Baseline;queue_test.go/BenchmarkQueueEnqueue;6252;477;8
0-105-0;Baseline;queue_test.go/BenchmarkQueueDequeue;13858;928;20
0-105-0;Baseline;stack_test.go/BenchmarkStackEnqueue;6353;477;8
0-105-0;Baseline;stack_test.go/BenchmarkStackDequeue;11060;873;19
0-106-0;Baseline;queue_test.go/BenchmarkQueueEnqueue;6340;477;8
0-106-0;Baseline;queue_test.go/BenchmarkQueueDequeue;13862;928;20
0-106-0;Baseline;stack_test.go/BenchmarkStackEnqueue;6244;477;8
0-106-0;Baseline;stack_test.go/BenchmarkStackDequeue;11013;868;19
0-107-0;Baseline;queue_test.go/BenchmarkQueueEnqueue;6421;477;8
0-107-0;Baseline;queue_test.go/BenchmarkQueueDequeue;13935;928;20
0-107-0;Baseline;stack_test.go/BenchmarkStackEnqueue;5540;464;8
0-107-0;Baseline;stack_test.go/BenchmarkStackDequeue;11056;871;19
0-108-0;Baseline;queue_test.go/BenchmarkQueueEnqueue;5594;464;8
0-108-0;Baseline;queue_test.go/BenchmarkQueueDequeue;13880;928;20
0-108-0;Baseline;stack_test.go/BenchmarkStackEnqueue;5543;464;8
0-108-0;Baseline;stack_test.go/BenchmarkStackDequeue;10981;868;19
0-109-0;Baseline;queue_test.go/BenchmarkQueueEnqueue;5615;464;8
0-109-0;Baseline;queue_test.go/BenchmarkQueueDequeue;13887;928;20
0-109-0;Baseline;stack_test.go/BenchmarkStackEnqueue;6338;477;8
0-109-0;Baseline;stack_test.go/BenchmarkStackDequeue;11041;871;19
0-110-0;Baseline;queue_test.go/BenchmarkQueueEnqueue;6416;477;8
0-110-0;Baseline;queue_test.go/BenchmarkQueueDequeue;13795;928;20
0-110-0;Baseline;stack_test.go/BenchmarkStackEnqueue;6363;477;8
0-110-0;Baseline;stack_test.go/BenchmarkStackDequeue;10979;872;19
0-111-0;Baseline;queue_test.go/BenchmarkQueueEnqueue;6288;477;8
0-111-0;Baseline;queue_test.go/BenchmarkQueueDequeue;13823;928;20
0-111-0;Baseline;stack_test.go/BenchmarkStackEnqueue;6420;477;8
0-111-0;Baseline;stack_test.go/BenchmarkStackDequeue;10964;874;19
0-112-0;Baseline;queue_test.go/BenchmarkQueueEnqueue;5541;464;8
0-112-0;Baseline;queue_test.go/BenchmarkQueueDequeue;14030;928;20
0-112-0;Baseline;stack_test.go/BenchmarkStackEnqueue;6360;477;8
0-112-0;Baseline;stack_test.go/BenchmarkStackDequeue;10946;873;19
0-113-0;Baseline;queue_test.go/BenchmarkQueueEnqueue;6333;477;8
0-113-0;Baseline;queue_test.go/BenchmarkQueueDequeue;13790;928;20
0-113-0;Baseline;stack_test.go/BenchmarkStackEnqueue;6337;477;8
0-113-0;Baseline;stack_test.go/BenchmarkStackDequeue;10880;869;19
0-114-0;Baseline;queue_test.go/BenchmarkQueueEnqueue;6304;477;8
0-114-0;Baseline;queue_test.go/BenchmarkQueueDequeue;13922;928;20
0-114-0;Baseline;stack_test.go/BenchmarkStackEnqueue;6345;477;8
0-114-0;Baseline;stack_test.go/BenchmarkStackDequeue;11088;874;19
0-115-0;Baseline;stack_test.go/BenchmarkStackEnqueue;5564;464;8
0-115-0;Baseline;stack_test.go/BenchmarkStackDequeue;11040;874;19
0-115-0;Baseline;queue_test.go/BenchmarkQueueEnqueue;6337;477;8
0-115-0;Baseline;queue_test.go/BenchmarkQueueDequeue;13842;928;20
0-116-0;Baseline;queue_test.go/BenchmarkQueueEnqueue;6301;477;8
0-116-0;Baseline;queue_test.go/BenchmarkQueueDequeue;13745;928;20
0-116-0;Baseline;stack_test.go/BenchmarkStackEnqueue;5577;464;8
0-116-0;Baseline;stack_test.go/BenchmarkStackDequeue;11012;874;19
0-117-0;Baseline;queue_test.go/BenchmarkQueueEnqueue;6431;477;8
0-117-0;Baseline;queue_test.go/BenchmarkQueueDequeue;13879;928;20
0-117-0;Baseline;stack_test.go/BenchmarkStackEnqueue;6409;477;8
0-117-0;Baseline;stack_test.go/BenchmarkStackDequeue;10901;869;19
0-118-0;Baseline;queue_test.go/BenchmarkQueueEnqueue;6295;477;8
0-118-0;Baseline;queue_test.go/BenchmarkQueueDequeue;13834;928;20
0-118-0;Baseline;stack_test.go/BenchmarkStackEnqueue;6219;477;8
0-118-0;Baseline;stack_test.go/BenchmarkStackDequeue;11097;872;19
0-119-0;Baseline;queue_test.go/BenchmarkQueueEnqueue;6345;477;8
0-119-0;Baseline;queue_test.go/BenchmarkQueueDequeue;13867;928;20
0-119-0;Baseline;stack_test.go/BenchmarkStackEnqueue;6334;477;8
0-119-0;Baseline;stack_test.go/BenchmarkStackDequeue;11042;872;19
0-120-0;Baseline;queue_test.go/BenchmarkQueueEnqueue;5558;464;8
0-120-0;Baseline;queue_test.go/BenchmarkQueueDequeue;13868;928;20
0-120-0;Baseline;stack_test.go/BenchmarkStackEnqueue;5560;464;8
0-120-0;Baseline;stack_test.go/BenchmarkStackDequeue;10978;874;19
0-121-0;Baseline;queue_test.go/BenchmarkQueueEnqueue;6303;477;8
0-121-0;Baseline;queue_test.go/BenchmarkQueueDequeue;13783;928;20
0-121-0;Baseline;stack_test.go/BenchmarkStackEnqueue;6349;477;8
0-121-0;Baseline;stack_test.go/BenchmarkStackDequeue;10951;866;19
0-122-0;Baseline;queue_test.go/BenchmarkQueueEnqueue;6339;477;8
0-122-0;Baseline;queue_test.go/BenchmarkQueueDequeue;13997;928;20
0-122-0;Baseline;stack_test.go/BenchmarkStackEnqueue;6244;477;8
0-122-0;Baseline;stack_test.go/BenchmarkStackDequeue;11103;874;19
0-123-0;Baseline;queue_test.go/BenchmarkQueueEnqueue;5546;464;8
0-123-0;Baseline;queue_test.go/BenchmarkQueueDequeue;13854;928;20
0-123-0;Baseline;stack_test.go/BenchmarkStackEnqueue;6303;477;8
0-123-0;Baseline;stack_test.go/BenchmarkStackDequeue;10988;868;19
0-124-0;Baseline;queue_test.go/BenchmarkQueueEnqueue;6345;477;8
0-124-0;Baseline;queue_test.go/BenchmarkQueueDequeue;13797;928;20
0-124-0;Baseline;stack_test.go/BenchmarkStackEnqueue;6424;477;8
0-124-0;Baseline;stack_test.go/BenchmarkStackDequeue;11072;871;19
0-125-0;Baseline;queue_test.go/BenchmarkQueueEnqueue;6335;477;8
0-125-0;Baseline;queue_test.go/BenchmarkQueueDequeue;13859;928;20
0-125-0;Baseline;stack_test.go/BenchmarkStackEnqueue;6327;477;8
0-125-0;Baseline;stack_test.go/BenchmarkStackDequeue;11028;866;19
0-126-0;Baseline;queue_test.go/BenchmarkQueueEnqueue;6307;477;8
0-126-0;Baseline;queue_test.go/BenchmarkQueueDequeue;13868;928;20
0-126-0;Baseline;stack_test.go/BenchmarkStackEnqueue;6283;477;8
0-126-0;Baseline;stack_test.go/BenchmarkStackDequeue;10923;870;19
0-127-0;Baseline;queue_test.go/BenchmarkQueueEnqueue;6331;477;8
0-127-0;Baseline;queue_test.go/BenchmarkQueueDequeue;13830;928;20
0-127-0;Baseline;stack_test.go/BenchmarkStackEnqueue;6272;477;8
0-127-0;Baseline;stack_test.go/BenchmarkStackDequeue;10953;871;19
0-128-0;Baseline;queue_test.go/BenchmarkQueueEnqueue;6404;477;8
0-128-0;Baseline;queue_test.go/BenchmarkQueueDequeue;13825;928;20
0-128-0;Baseline;stack_test.go/BenchmarkStackEnqueue;6284;477;8
0-128-0;Baseline;stack_test.go/BenchmarkStackDequeue;11176;872;19
0-129-0;Baseline;queue_test.go/BenchmarkQueueEnqueue;6426;477;8
0-129-0;Baseline;queue_test.go/BenchmarkQueueDequeue;14049;928;20
0-129-0;Baseline;stack_test.go/BenchmarkStackEnqueue;6261;477;8
0-129-0;Baseline;stack_test.go/BenchmarkStackDequeue;10927;870;19
0-130-0;Baseline;queue_test.go/BenchmarkQueueEnqueue;5584;464;8
0-130-0;Baseline;queue_test.go/BenchmarkQueueDequeue;13767;928;20
0-130-0;Baseline;stack_test.go/BenchmarkStackEnqueue;6390;477;8
0-130-0;Baseline;stack_test.go/BenchmarkStackDequeue;11093;874;19
0-131-0;Baseline;queue_test.go/BenchmarkQueueEnqueue;6255;477;8
0-131-0;Baseline;queue_test.go/BenchmarkQueueDequeue;13786;928;20
0-131-0;Baseline;stack_test.go/BenchmarkStackEnqueue;6387;477;8
0-131-0;Baseline;stack_test.go/BenchmarkStackDequeue;10988;871;19
0-132-0;Baseline;queue_test.go/BenchmarkQueueEnqueue;6308;477;8
0-132-0;Baseline;queue_test.go/BenchmarkQueueDequeue;13906;928;20
0-132-0;Baseline;stack_test.go/BenchmarkStackEnqueue;6297;477;8
0-132-0;Baseline;stack_test.go/BenchmarkStackDequeue;10972;872;19
0-133-0;Baseline;queue_test.go/BenchmarkQueueEnqueue;6330;477;8
0-133-0;Baseline;queue_test.go/BenchmarkQueueDequeue;13822;928;20
0-133-0;Baseline;stack_test.go/BenchmarkStackEnqueue;6340;477;8
0-133-0;Baseline;stack_test.go/BenchmarkStackDequeue;11012;872;19
0-134-0;Baseline;queue_test.go/BenchmarkQueueEnqueue;6674;477;8
0-134-0;Baseline;queue_test.go/BenchmarkQueueDequeue;13874;928;20
0-134-0;Baseline;stack_test.go/BenchmarkStackEnqueue;6417;477;8
0-134-0;Baseline;stack_test.go/BenchmarkStackDequeue;10991;866;19
0-135-0;Baseline;stack_test.go/BenchmarkStackEnqueue;6327;477;8
0-135-0;Baseline;stack_test.go/BenchmarkStackDequeue;11014;872;19
0-135-0;Baseline;queue_test.go/BenchmarkQueueEnqueue;6381;477;8
0-135-0;Baseline;queue_test.go/BenchmarkQueueDequeue;13925;928;20
0-136-0;Baseline;queue_test.go/BenchmarkQueueEnqueue;6346;477;8
0-136-0;Baseline;queue_test.go/BenchmarkQueueDequeue;14018;928;20
0-136-0;Baseline;stack_test.go/BenchmarkStackEnqueue;6291;477;8
0-136-0;Baseline;stack_test.go/BenchmarkStackDequeue;11397;874;19
0-137-0;Baseline;queue_test.go/BenchmarkQueueEnqueue;6296;477;8
0-137-0;Baseline;queue_test.go/BenchmarkQueueDequeue;13889;928;20
0-137-0;Baseline;stack_test.go/BenchmarkStackEnqueue;6428;477;8
0-137-0;Baseline;stack_test.go/BenchmarkStackDequeue;11013;873;19
0-138-0;Baseline;queue_test.go/BenchmarkQueueEnqueue;6381;477;8
0-138-0;Baseline;queue_test.go/BenchmarkQueueDequeue;13948;928;20
0-138-0;Baseline;stack_test.go/BenchmarkStackEnqueue;6298;477;8
0-138-0;Baseline;stack_test.go/BenchmarkStackDequeue;10989;873;19
0-139-0;Baseline;queue_test.go/BenchmarkQueueEnqueue;6479;477;8
0-139-0;Baseline;queue_test.go/BenchmarkQueueDequeue;13857;928;20
0-139-0;Baseline;stack_test.go/BenchmarkStackEnqueue;6305;477;8
0-139-0;Baseline;stack_test.go/BenchmarkStackDequeue;10991;867;19
0-140-0;Baseline;queue_test.go/BenchmarkQueueEnqueue;6347;477;8
0-140-0;Baseline;queue_test.go/BenchmarkQueueDequeue;13842;928;20
0-140-0;Baseline;stack_test.go/BenchmarkStackEnqueue;6328;477;8
0-140-0;Baseline;stack_test.go/BenchmarkStackDequeue;11198;873;19
0-141-0;Baseline;queue_test.go/BenchmarkQueueEnqueue;6397;477;8
0-141-0;Baseline;queue_test.go/BenchmarkQueueDequeue;13824;928;20
0-141-0;Baseline;stack_test.go/BenchmarkStackEnqueue;6346;477;8
0-141-0;Baseline;stack_test.go/BenchmarkStackDequeue;11012;871;19
0-142-0;Baseline;queue_test.go/BenchmarkQueueEnqueue;6341;477;8
0-142-0;Baseline;queue_test.go/BenchmarkQueueDequeue;13983;928;20
0-142-0;Baseline;stack_test.go/BenchmarkStackEnqueue;6286;477;8
0-142-0;Baseline;stack_test.go/BenchmarkStackDequeue;10938;871;19
0-143-0;Baseline;queue_test.go/BenchmarkQueueEnqueue;5566;464;8
0-143-0;Baseline;queue_test.go/BenchmarkQueueDequeue;13774;928;20
0-143-0;Baseline;stack_test.go/BenchmarkStackEnqueue;5512;464;8
0-143-0;Baseline;stack_test.go/BenchmarkStackDequeue;11041;870;19
0-144-0;Baseline;queue_test.go/BenchmarkQueueEnqueue;5530;464;8
0-144-0;Baseline;queue_test.go/BenchmarkQueueDequeue;13809;928;20
0-144-0;Baseline;stack_test.go/BenchmarkStackEnqueue;6331;477;8
0-144-0;Baseline;stack_test.go/BenchmarkStackDequeue;11174;872;19
0-145-0;Baseline;queue_test.go/BenchmarkQueueEnqueue;6222;477;8
0-145-0;Baseline;queue_test.go/BenchmarkQueueDequeue;13928;928;20
0-145-0;Baseline;stack_test.go/BenchmarkStackEnqueue;6337;477;8
0-145-0;Baseline;stack_test.go/BenchmarkStackDequeue;10922;870;19
0-146-0;Baseline;queue_test.go/BenchmarkQueueEnqueue;6343;477;8
0-146-0;Baseline;queue_test.go/BenchmarkQueueDequeue;13944;927;20
0-146-0;Baseline;stack_test.go/BenchmarkStackEnqueue;6320;477;8
0-146-0;Baseline;stack_test.go/BenchmarkStackDequeue;10994;869;19
0-147-0;Baseline;queue_test.go/BenchmarkQueueEnqueue;6298;477;8
0-147-0;Baseline;queue_test.go/BenchmarkQueueDequeue;13979;928;20
0-147-0;Baseline;stack_test.go/BenchmarkStackEnqueue;6456;477;8
0-147-0;Baseline;stack_test.go/BenchmarkStackDequeue;10990;870;19
0-148-0;Baseline;queue_test.go/BenchmarkQueueEnqueue;6287;477;8
0-148-0;Baseline;queue_test.go/BenchmarkQueueDequeue;13898;928;20
0-148-0;Baseline;stack_test.go/BenchmarkStackEnqueue;6372;477;8
0-148-0;Baseline;stack_test.go/BenchmarkStackDequeue;11022;870;19
0-149-0;Baseline;queue_test.go/BenchmarkQueueEnqueue;6384;477;8
0-149-0;Baseline;queue_test.go/BenchmarkQueueDequeue;13878;928;20
0-149-0;Baseline;stack_test.go/BenchmarkStackEnqueue;6328;477;8
0-149-0;Baseline;stack_test.go/BenchmarkStackDequeue;10884;870;19
0-150-0;Baseline;queue_test.go/BenchmarkQueueEnqueue;6424;477;8
0-150-0;Baseline;queue_test.go/BenchmarkQueueDequeue;13940;928;20
0-150-0;Baseline;stack_test.go/BenchmarkStackEnqueue;6364;477;8
0-150-0;Baseline;stack_test.go/BenchmarkStackDequeue;11145;873;19
0-151-0;Baseline;queue_test.go/BenchmarkQueueEnqueue;6297;477;8
0-151-0;Baseline;queue_test.go/BenchmarkQueueDequeue;13791;928;20
0-151-0;Baseline;stack_test.go/BenchmarkStackEnqueue;6415;477;8
0-151-0;Baseline;stack_test.go/BenchmarkStackDequeue;10984;870;19
0-152-0;Baseline;queue_test.go/BenchmarkQueueEnqueue;6254;477;8
0-152-0;Baseline;queue_test.go/BenchmarkQueueDequeue;14085;928;20
0-152-0;Baseline;stack_test.go/BenchmarkStackEnqueue;6299;477;8
0-152-0;Baseline;stack_test.go/BenchmarkStackDequeue;10955;872;19
0-153-0;Baseline;queue_test.go/BenchmarkQueueEnqueue;6488;477;8
0-153-0;Baseline;queue_test.go/BenchmarkQueueDequeue;13897;928;20
0-153-0;Baseline;stack_test.go/BenchmarkStackEnqueue;5554;464;8
0-153-0;Baseline;stack_test.go/BenchmarkStackDequeue;11042;874;19
0-154-0;Baseline;queue_test.go/BenchmarkQueueEnqueue;6424;477;8
0-154-0;Baseline;queue_test.go/BenchmarkQueueDequeue;13936;928;20
0-154-0;Baseline;stack_test.go/BenchmarkStackEnqueue;6300;477;8
0-154-0;Baseline;stack_test.go/BenchmarkStackDequeue;10999;857;19
0-155-0;Baseline;queue_test.go/BenchmarkQueueEnqueue;6258;477;8
0-155-0;Baseline;queue_test.go/BenchmarkQueueDequeue;13845;928;20
0-155-0;Baseline;stack_test.go/BenchmarkStackEnqueue;6322;477;8
0-155-0;Baseline;stack_test.go/BenchmarkStackDequeue;11003;873;19
0-156-0;Baseline;queue_test.go/BenchmarkQueueEnqueue;5521;464;8
0-156-0;Baseline;queue_test.go/BenchmarkQueueDequeue;13896;928;20
0-156-0;Baseline;stack_test.go/BenchmarkStackEnqueue;6335;477;8
0-156-0;Baseline;stack_test.go/BenchmarkStackDequeue;10895;870;19
0-157-0;Baseline;queue_test.go/BenchmarkQueueEnqueue;5580;464;8
0-157-0;Baseline;queue_test.go/BenchmarkQueueDequeue;13790;928;20
0-157-0;Baseline;stack_test.go/BenchmarkStackEnqueue;6286;477;8
0-157-0;Baseline;stack_test.go/BenchmarkStackDequeue;11056;871;19
0-158-0;Baseline;queue_test.go/BenchmarkQueueEnqueue;6303;477;8
0-158-0;Baseline;queue_test.go/BenchmarkQueueDequeue;14003;928;20
0-158-0;Baseline;stack_test.go/BenchmarkStackEnqueue;6263;477;8
0-158-0;Baseline;stack_test.go/BenchmarkStackDequeue;11075;874;19
0-159-0;Baseline;queue_test.go/BenchmarkQueueEnqueue;6242;477;8
0-159-0;Baseline;queue_test.go/BenchmarkQueueDequeue;13850;928;20
0-159-0;Baseline;stack_test.go/BenchmarkStackEnqueue;6310;477;8
0-159-0;Baseline;stack_test.go/BenchmarkStackDequeue;11109;871;19
0-160-0;Baseline;queue_test.go/BenchmarkQueueEnqueue;6265;477;8
0-160-0;Baseline;queue_test.go/BenchmarkQueueDequeue;13787;928;20
0-160-0;Baseline;stack_test.go/BenchmarkStackEnqueue;6561;477;8
0-160-0;Baseline;stack_test.go/BenchmarkStackDequeue;10994;868;19
0-161-0;Baseline;queue_test.go/BenchmarkQueueEnqueue;5516;464;8
0-161-0;Baseline;queue_test.go/BenchmarkQueueDequeue;13850;928;20
0-161-0;Baseline;stack_test.go/BenchmarkStackEnqueue;6300;477;8
0-161-0;Baseline;stack_test.go/BenchmarkStackDequeue;11011;877;19
0-162-0;Baseline;queue_test.go/BenchmarkQueueEnqueue;5550;464;8
0-162-0;Baseline;queue_test.go/BenchmarkQueueDequeue;13808;928;20
0-162-0;Baseline;stack_test.go/BenchmarkStackEnqueue;6342;477;8
0-162-0;Baseline;stack_test.go/BenchmarkStackDequeue;10926;870;19
0-163-0;Baseline;stack_test.go/BenchmarkStackEnqueue;6336;477;8
0-163-0;Baseline;stack_test.go/BenchmarkStackDequeue;11052;869;19
0-163-0;Baseline;queue_test.go/BenchmarkQueueEnqueue;6335;477;8
0-163-0;Baseline;queue_test.go/BenchmarkQueueDequeue;13906;928;20
0-164-0;Baseline;queue_test.go/BenchmarkQueueEnqueue;5593;464;8
0-164-0;Baseline;queue_test.go/BenchmarkQueueDequeue;13807;928;20
0-164-0;Baseline;stack_test.go/BenchmarkStackEnqueue;6324;477;8
0-164-0;Baseline;stack_test.go/BenchmarkStackDequeue;10956;872;19
0-165-0;Baseline;queue_test.go/BenchmarkQueueEnqueue;6441;477;8
0-165-0;Baseline;queue_test.go/BenchmarkQueueDequeue;14026;928;20
0-165-0;Baseline;stack_test.go/BenchmarkStackEnqueue;6365;477;8
0-165-0;Baseline;stack_test.go/BenchmarkStackDequeue;10958;867;19
0-166-0;Baseline;queue_test.go/BenchmarkQueueEnqueue;6346;477;8
0-166-0;Baseline;queue_test.go/BenchmarkQueueDequeue;13859;928;20
0-166-0;Baseline;stack_test.go/BenchmarkStackEnqueue;6253;477;8
0-166-0;Baseline;stack_test.go/BenchmarkStackDequeue;10934;870;19
0-167-0;Baseline;queue_test.go/BenchmarkQueueEnqueue;6249;477;8
0-167-0;Baseline;queue_test.go/BenchmarkQueueDequeue;13940;928;20
0-167-0;Baseline;stack_test.go/BenchmarkStackEnqueue;6253;477;8
0-167-0;Baseline;stack_test.go/BenchmarkStackDequeue;11137;872;19
0-168-0;Baseline;queue_test.go/BenchmarkQueueEnqueue;6369;477;8
0-168-0;Baseline;queue_test.go/BenchmarkQueueDequeue;13888;928;20
0-168-0;Baseline;stack_test.go/BenchmarkStackEnqueue;6725;477;8
0-168-0;Baseline;stack_test.go/BenchmarkStackDequeue;10982;869;19
0-169-0;Baseline;queue_test.go/BenchmarkQueueEnqueue;6344;477;8
0-169-0;Baseline;queue_test.go/BenchmarkQueueDequeue;13901;928;20
0-169-0;Baseline;stack_test.go/BenchmarkStackEnqueue;6257;477;8
0-169-0;Baseline;stack_test.go/BenchmarkStackDequeue;10947;871;19
0-170-0;Baseline;queue_test.go/BenchmarkQueueEnqueue;6303;477;8
0-170-0;Baseline;queue_test.go/BenchmarkQueueDequeue;13859;928;20
0-170-0;Baseline;stack_test.go/BenchmarkStackEnqueue;6302;477;8
0-170-0;Baseline;stack_test.go/BenchmarkStackDequeue;11401;870;19
0-171-0;Baseline;queue_test.go/BenchmarkQueueEnqueue;6304;477;8
0-171-0;Baseline;queue_test.go/BenchmarkQueueDequeue;13840;928;20
0-171-0;Baseline;stack_test.go/BenchmarkStackEnqueue;6320;477;8
0-171-0;Baseline;stack_test.go/BenchmarkStackDequeue;11040;872;19
0-172-0;Baseline;queue_test.go/BenchmarkQueueEnqueue;6221;477;8
0-172-0;Baseline;queue_test.go/BenchmarkQueueDequeue;13966;928;20
0-172-0;Baseline;stack_test.go/BenchmarkStackEnqueue;6295;477;8
0-172-0;Baseline;stack_test.go/BenchmarkStackDequeue;10973;871;19
0-173-0;Baseline;queue_test.go/BenchmarkQueueEnqueue;6287;477;8
0-173-0;Baseline;queue_test.go/BenchmarkQueueDequeue;13948;928;20
0-173-0;Baseline;stack_test.go/BenchmarkStackEnqueue;6436;477;8
0-173-0;Baseline;stack_test.go/BenchmarkStackDequeue;10960;871;19
0-174-0;Baseline;queue_test.go/BenchmarkQueueEnqueue;5533;464;8
0-174-0;Baseline;queue_test.go/BenchmarkQueueDequeue;13835;928;20
0-174-0;Baseline;stack_test.go/BenchmarkStackEnqueue;6351;477;8
0-174-0;Baseline;stack_test.go/BenchmarkStackDequeue;10994;876;19
0-175-0;Baseline;stack_test.go/BenchmarkStackEnqueue;6388;477;8
0-175-0;Baseline;stack_test.go/BenchmarkStackDequeue;10947;873;19
0-175-0;Baseline;queue_test.go/BenchmarkQueueEnqueue;6384;477;8
0-175-0;Baseline;queue_test.go/BenchmarkQueueDequeue;13906;928;20
0-176-0;Baseline;queue_test.go/BenchmarkQueueEnqueue;6281;477;8
0-176-0;Baseline;queue_test.go/BenchmarkQueueDequeue;14069;928;20
0-176-0;Baseline;stack_test.go/BenchmarkStackEnqueue;6294;477;8
0-176-0;Baseline;stack_test.go/BenchmarkStackDequeue;11011;875;19
0-177-0;Baseline;queue_test.go/BenchmarkQueueEnqueue;6384;477;8
0-177-0;Baseline;queue_test.go/BenchmarkQueueDequeue;13815;928;20
0-177-0;Baseline;stack_test.go/BenchmarkStackEnqueue;6335;477;8
0-177-0;Baseline;stack_test.go/BenchmarkStackDequeue;10948;869;19
0-178-0;Baseline;queue_test.go/BenchmarkQueueEnqueue;6218;477;8
0-178-0;Baseline;queue_test.go/BenchmarkQueueDequeue;13919;928;20
0-178-0;Baseline;stack_test.go/BenchmarkStackEnqueue;6321;477;8
0-178-0;Baseline;stack_test.go/BenchmarkStackDequeue;11013;871;19
0-179-0;Baseline;queue_test.go/BenchmarkQueueEnqueue;6400;477;8
0-179-0;Baseline;queue_test.go/BenchmarkQueueDequeue;13866;928;20
0-179-0;Baseline;stack_test.go/BenchmarkStackEnqueue;6304;477;8
0-179-0;Baseline;stack_test.go/BenchmarkStackDequeue;10909;871;19
0-180-0;Baseline;queue_test.go/BenchmarkQueueEnqueue;5564;464;8
0-180-0;Baseline;queue_test.go/BenchmarkQueueDequeue;13801;928;20
0-180-0;Baseline;stack_test.go/BenchmarkStackEnqueue;6303;477;8
0-180-0;Baseline;stack_test.go/BenchmarkStackDequeue;11011;874;19
0-181-0;Baseline;queue_test.go/BenchmarkQueueEnqueue;6290;477;8
0-181-0;Baseline;queue_test.go/BenchmarkQueueDequeue;13883;928;20
0-181-0;Baseline;stack_test.go/BenchmarkStackEnqueue;6420;477;8
0-181-0;Baseline;stack_test.go/BenchmarkStackDequeue;10958;868;19
0-182-0;Baseline;queue_test.go/BenchmarkQueueEnqueue;6347;477;8
0-182-0;Baseline;queue_test.go/BenchmarkQueueDequeue;14011;928;20
0-182-0;Baseline;stack_test.go/BenchmarkStackEnqueue;6347;477;8
0-182-0;Baseline;stack_test.go/BenchmarkStackDequeue;10985;871;19
0-183-0;Baseline;queue_test.go/BenchmarkQueueEnqueue;6304;477;8
0-183-0;Baseline;queue_test.go/BenchmarkQueueDequeue;14020;928;20
0-183-0;Baseline;stack_test.go/BenchmarkStackEnqueue;6418;477;8
0-183-0;Baseline;stack_test.go/BenchmarkStackDequeue;10890;866;19
0-184-0;Baseline;queue_test.go/BenchmarkQueueEnqueue;6237;477;8
0-184-0;Baseline;queue_test.go/BenchmarkQueueDequeue;13818;928;20
0-184-0;Baseline;stack_test.go/BenchmarkStackEnqueue;5564;464;8
0-184-0;Baseline;stack_test.go/BenchmarkStackDequeue;11320;868;19
0-185-0;Baseline;queue_test.go/BenchmarkQueueEnqueue;6340;477;8
0-185-0;Baseline;queue_test.go/BenchmarkQueueDequeue;13805;928;20
0-185-0;Baseline;stack_test.go/BenchmarkStackEnqueue;6263;477;8
0-185-0;Baseline;stack_test.go/BenchmarkStackDequeue;10984;868;19
0-186-0;Baseline;queue_test.go/BenchmarkQueueEnqueue;6260;477;8
0-186-0;Baseline;queue_test.go/BenchmarkQueueDequeue;13770;928;20
0-186-0;Baseline;stack_test.go/BenchmarkStackEnqueue;5588;464;8
0-186-0;Baseline;stack_test.go/BenchmarkStackDequeue;10989;871;19
0-187-0;Baseline;queue_test.go/BenchmarkQueueEnqueue;6450;477;8
0-187-0;Baseline;queue_test.go/BenchmarkQueueDequeue;13766;928;20
0-187-0;Baseline;stack_test.go/BenchmarkStackEnqueue;6329;477;8
0-187-0;Baseline;stack_test.go/BenchmarkStackDequeue;10887;867;19
0-188-0;Baseline;queue_test.go/BenchmarkQueueEnqueue;6301;477;8
0-188-0;Baseline;queue_test.go/BenchmarkQueueDequeue;13813;928;20
0-188-0;Baseline;stack_test.go/BenchmarkStackEnqueue;6331;477;8
0-188-0;Baseline;stack_test.go/BenchmarkStackDequeue;10933;870;19
0-189-0;Baseline;queue_test.go/BenchmarkQueueEnqueue;6422;477;8
0-189-0;Baseline;queue_test.go/BenchmarkQueueDequeue;13865;928;20
0-189-0;Baseline;stack_test.go/BenchmarkStackEnqueue;5541;464;8
0-189-0;Baseline;stack_test.go/BenchmarkStackDequeue;11024;874;19
0-190-0;Baseline;queue_test.go/BenchmarkQueueEnqueue;6347;477;8
0-190-0;Baseline;queue_test.go/BenchmarkQueueDequeue;13953;928;20
0-190-0;Baseline;stack_test.go/BenchmarkStackEnqueue;6335;477;8
0-190-0;Baseline;stack_test.go/BenchmarkStackDequeue;10928;868;19
0-191-0;Baseline;queue_test.go/BenchmarkQueueEnqueue;6405;477;8
0-191-0;Baseline;queue_test.go/BenchmarkQueueDequeue;13796;928;20
0-191-0;Baseline;stack_test.go/BenchmarkStackEnqueue;6298;477;8
0-191-0;Baseline;stack_test.go/BenchmarkStackDequeue;10988;870;19
0-192-0;Baseline;queue_test.go/BenchmarkQueueEnqueue;6437;477;8
0-192-0;Baseline;queue_test.go/BenchmarkQueueDequeue;13738;928;20
0-192-0;Baseline;stack_test.go/BenchmarkStackEnqueue;6315;477;8
0-192-0;Baseline;stack_test.go/BenchmarkStackDequeue;10888;870;19
0-193-0;Baseline;stack_test.go/BenchmarkStackEnqueue;6347;477;8
0-193-0;Baseline;stack_test.go/BenchmarkStackDequeue;10902;868;19
0-193-0;Baseline;queue_test.go/BenchmarkQueueEnqueue;6340;477;8
0-193-0;Baseline;queue_test.go/BenchmarkQueueDequeue;13854;928;20
0-194-0;Baseline;queue_test.go/BenchmarkQueueEnqueue;5586;464;8
0-194-0;Baseline;queue_test.go/BenchmarkQueueDequeue;13998;928;20
0-194-0;Baseline;stack_test.go/BenchmarkStackEnqueue;6420;477;8
0-194-0;Baseline;stack_test.go/BenchmarkStackDequeue;11041;868;19
0-195-0;Baseline;queue_test.go/BenchmarkQueueEnqueue;6334;477;8
0-195-0;Baseline;queue_test.go/BenchmarkQueueDequeue;13791;928;20
0-195-0;Baseline;stack_test.go/BenchmarkStackEnqueue;6290;477;8
0-195-0;Baseline;stack_test.go/BenchmarkStackDequeue;10960;872;19
0-196-0;Baseline;queue_test.go/BenchmarkQueueEnqueue;6387;477;8
0-196-0;Baseline;queue_test.go/BenchmarkQueueDequeue;13762;928;20
0-196-0;Baseline;stack_test.go/BenchmarkStackEnqueue;5554;464;8
0-196-0;Baseline;stack_test.go/BenchmarkStackDequeue;11082;870;19
0-197-0;Baseline;queue_test.go/BenchmarkQueueEnqueue;6376;477;8
0-197-0;Baseline;queue_test.go/BenchmarkQueueDequeue;13835;928;20
0-197-0;Baseline;stack_test.go/BenchmarkStackEnqueue;5555;464;8
0-197-0;Baseline;stack_test.go/BenchmarkStackDequeue;10984;870;19
0-198-0;Baseline;queue_test.go/BenchmarkQueueEnqueue;6431;477;8
0-198-0;Baseline;queue_test.go/BenchmarkQueueDequeue;13931;927;20
0-198-0;Baseline;stack_test.go/BenchmarkStackEnqueue;6376;477;8
0-198-0;Baseline;stack_test.go/BenchmarkStackDequeue;10957;869;19
0-199-0;Baseline;queue_test.go/BenchmarkQueueEnqueue;6256;477;8
0-199-0;Baseline;queue_test.go/BenchmarkQueueDequeue;13831;928;20
0-199-0;Baseline;stack_test.go/BenchmarkStackEnqueue;6260;477;8
0-199-0;Baseline;stack_test.go/BenchmarkStackDequeue;11024;871;19
0-200-0;Baseline;queue_test.go/BenchmarkQueueEnqueue;5546;464;8
0-200-0;Baseline;queue_test.go/BenchmarkQueueDequeue;14020;928;20
0-200-0;Baseline;stack_test.go/BenchmarkStackEnqueue;6329;477;8
0-200-0;Baseline;stack_test.go/BenchmarkStackDequeue;11026;869;19
0-201-0;Baseline;queue_test.go/BenchmarkQueueEnqueue;6345;477;8
0-201-0;Baseline;queue_test.go/BenchmarkQueueDequeue;13841;928;20
0-201-0;Baseline;stack_test.go/BenchmarkStackEnqueue;5590;464;8
0-201-0;Baseline;stack_test.go/BenchmarkStackDequeue;10982;871;19
0-202-0;Baseline;queue_test.go/BenchmarkQueueEnqueue;6233;477;8
0-202-0;Baseline;queue_test.go/BenchmarkQueueDequeue;13761;928;20
0-202-0;Baseline;stack_test.go/BenchmarkStackEnqueue;6408;477;8
0-202-0;Baseline;stack_test.go/BenchmarkStackDequeue;11154;873;19
0-203-0;Baseline;queue_test.go/BenchmarkQueueEnqueue;6333;477;8
0-203-0;Baseline;queue_test.go/BenchmarkQueueDequeue;13864;928;20
0-203-0;Baseline;stack_test.go/BenchmarkStackEnqueue;5531;464;8
0-203-0;Baseline;stack_test.go/BenchmarkStackDequeue;10983;867;19
0-204-0;Baseline;queue_test.go/BenchmarkQueueEnqueue;6457;477;8
0-204-0;Baseline;queue_test.go/BenchmarkQueueDequeue;13958;928;20
0-204-0;Baseline;stack_test.go/BenchmarkStackEnqueue;6345;477;8
0-204-0;Baseline;stack_test.go/BenchmarkStackDequeue;10926;869;19
0-205-0;Baseline;queue_test.go/BenchmarkQueueEnqueue;6327;477;8
0-205-0;Baseline;queue_test.go/BenchmarkQueueDequeue;13713;928;20
0-205-0;Baseline;stack_test.go/BenchmarkStackEnqueue;6292;477;8
0-205-0;Baseline;stack_test.go/BenchmarkStackDequeue;11062;871;19
0-206-0;Baseline;queue_test.go/BenchmarkQueueEnqueue;6305;477;8
0-206-0;Baseline;queue_test.go/BenchmarkQueueDequeue;13887;928;20
0-206-0;Baseline;stack_test.go/BenchmarkStackEnqueue;6316;477;8
0-206-0;Baseline;stack_test.go/BenchmarkStackDequeue;11039;871;19
0-207-0;Baseline;stack_test.go/BenchmarkStackEnqueue;6334;477;8
0-207-0;Baseline;stack_test.go/BenchmarkStackDequeue;10875;870;19
0-207-0;Baseline;queue_test.go/BenchmarkQueueEnqueue;6408;477;8
0-207-0;Baseline;queue_test.go/BenchmarkQueueDequeue;14028;928;20
0-208-0;Baseline;queue_test.go/BenchmarkQueueEnqueue;6363;477;8
0-208-0;Baseline;queue_test.go/BenchmarkQueueDequeue;13946;928;20
0-208-0;Baseline;stack_test.go/BenchmarkStackEnqueue;6339;477;8
0-208-0;Baseline;stack_test.go/BenchmarkStackDequeue;10911;869;19
0-209-0;Baseline;queue_test.go/BenchmarkQueueEnqueue;6304;477;8
0-209-0;Baseline;queue_test.go/BenchmarkQueueDequeue;13788;928;20
0-209-0;Baseline;stack_test.go/BenchmarkStackEnqueue;6334;477;8
0-209-0;Baseline;stack_test.go/BenchmarkStackDequeue;11237;871;19
0-210-0;Baseline;queue_test.go/BenchmarkQueueEnqueue;5556;464;8
