0-0-0;Baseline;/util/idpool/pool_test.go/BenchmarkAllocate;150684;10;0
0-0-0;Baseline;/util/mathutil/mathutil_test.go/BenchmarkAverageNum605;841;0;0
0-0-0;Baseline;/util/mathutil/mathutil_test.go/BenchmarkStdDevNum605;859;0;0
0-0-0;Baseline;/util/trie/trie_test.go/BenchmarkPutRandKeys;8340;696;6
0-0-0;Baseline;/util/trie/trie_test.go/BenchmarkPutPrefixedKeys;5262;758;7
0-0-0;Baseline;/util/trie/trie_test.go/BenchmarkPutAndGetRandKeys;15369;1224;9
0-0-0;Baseline;/util/trie/trie_test.go/BenchmarkPutAndGetPrefixedKeys;5622;790;8
0-0-0;Baseline;/filter/filter_test.go/BenchmarkRules1KNativeBest;27536;0;0
0-0-0;Baseline;/filter/filter_test.go/BenchmarkRules1kBest;580;120;3
0-0-0;Baseline;/filter/filter_test.go/BenchmarkRules1kWorst;4056;2084;22
0-0-0;Baseline;/filter/filter_test.go/BenchmarkRules2kWorst;3695;1908;19
0-0-0;Baseline;/models/rule_test.go/BenchmarkRuleTest;105;0;0
0-0-0;Baseline;/models/rule_test.go/BenchmarkRuleTestWithDefaultThresholdMaxsNum4;493;0;0
0-0-0;Baseline;/models/rule_test.go/BenchmarkRuleTestWithDefaultThresholdMaxsNum8;972;0;0
0-0-0;Baseline;/storage/indexdb/db_test.go/BenchmarkGet10K;359;48;2
0-0-0;Baseline;/storage/indexdb/db_test.go/BenchmarkPut;163096;852;11
0-0-0;Baseline;/storage/metricdb/db_test.go/BenchmarkPut;7172;844;5
0-0-0;Baseline;/storage/metricdb/db_test.go/BenchmarkPutX10;57488;5047;49
0-0-0;Baseline;/storage/metricdb/db_test.go/BenchmarkGet100K;91.2;0;0
0-1-0;Baseline;/storage/metricdb/db_test.go/BenchmarkPut;7173;844;5
0-1-0;Baseline;/storage/metricdb/db_test.go/BenchmarkPutX10;56189;5125;49
0-1-0;Baseline;/storage/metricdb/db_test.go/BenchmarkGet100K;94.7;0;0
0-1-0;Baseline;/util/idpool/pool_test.go/BenchmarkAllocate;150659;10;0
0-1-0;Baseline;/util/mathutil/mathutil_test.go/BenchmarkAverageNum605;841;0;0
0-1-0;Baseline;/util/mathutil/mathutil_test.go/BenchmarkStdDevNum605;860;0;0
0-1-0;Baseline;/util/trie/trie_test.go/BenchmarkPutRandKeys;8315;697;6
0-1-0;Baseline;/util/trie/trie_test.go/BenchmarkPutPrefixedKeys;5110;758;7
0-1-0;Baseline;/util/trie/trie_test.go/BenchmarkPutAndGetRandKeys;15891;1224;9
0-1-0;Baseline;/util/trie/trie_test.go/BenchmarkPutAndGetPrefixedKeys;5464;790;8
0-1-0;Baseline;/filter/filter_test.go/BenchmarkRules1KNativeBest;27602;0;0
0-1-0;Baseline;/filter/filter_test.go/BenchmarkRules1kBest;578;120;3
0-1-0;Baseline;/filter/filter_test.go/BenchmarkRules1kWorst;4037;2084;22
0-1-0;Baseline;/filter/filter_test.go/BenchmarkRules2kWorst;3683;1908;19
0-1-0;Baseline;/models/rule_test.go/BenchmarkRuleTest;105;0;0
0-1-0;Baseline;/models/rule_test.go/BenchmarkRuleTestWithDefaultThresholdMaxsNum4;495;0;0
0-1-0;Baseline;/models/rule_test.go/BenchmarkRuleTestWithDefaultThresholdMaxsNum8;956;0;0
0-1-0;Baseline;/storage/indexdb/db_test.go/BenchmarkGet10K;359;48;2
0-1-0;Baseline;/storage/indexdb/db_test.go/BenchmarkPut;163135;852;11
0-2-0;Baseline;/util/idpool/pool_test.go/BenchmarkAllocate;150642;10;0
0-2-0;Baseline;/util/mathutil/mathutil_test.go/BenchmarkAverageNum605;841;0;0
0-2-0;Baseline;/util/mathutil/mathutil_test.go/BenchmarkStdDevNum605;860;0;0
0-2-0;Baseline;/util/trie/trie_test.go/BenchmarkPutRandKeys;8388;696;6
0-2-0;Baseline;/util/trie/trie_test.go/BenchmarkPutPrefixedKeys;5129;758;7
0-2-0;Baseline;/util/trie/trie_test.go/BenchmarkPutAndGetRandKeys;15945;1224;9
0-2-0;Baseline;/util/trie/trie_test.go/BenchmarkPutAndGetPrefixedKeys;5526;790;8
0-2-0;Baseline;/filter/filter_test.go/BenchmarkRules1KNativeBest;27956;0;0
0-2-0;Baseline;/filter/filter_test.go/BenchmarkRules1kBest;579;120;3
0-2-0;Baseline;/filter/filter_test.go/BenchmarkRules1kWorst;4034;2084;22
0-2-0;Baseline;/filter/filter_test.go/BenchmarkRules2kWorst;3687;1908;19
0-2-0;Baseline;/models/rule_test.go/BenchmarkRuleTest;105;0;0
0-2-0;Baseline;/models/rule_test.go/BenchmarkRuleTestWithDefaultThresholdMaxsNum4;495;0;0
0-2-0;Baseline;/models/rule_test.go/BenchmarkRuleTestWithDefaultThresholdMaxsNum8;855;0;0
0-2-0;Baseline;/storage/indexdb/db_test.go/BenchmarkGet10K;360;48;2
0-2-0;Baseline;/storage/indexdb/db_test.go/BenchmarkPut;163080;852;11
0-2-0;Baseline;/storage/metricdb/db_test.go/BenchmarkPut;7303;865;5
0-2-0;Baseline;/storage/metricdb/db_test.go/BenchmarkPutX10;56372;5065;49
0-2-0;Baseline;/storage/metricdb/db_test.go/BenchmarkGet100K;91.2;0;0
0-3-0;Baseline;/util/idpool/pool_test.go/BenchmarkAllocate;150636;10;0
0-3-0;Baseline;/util/mathutil/mathutil_test.go/BenchmarkAverageNum605;841;0;0
0-3-0;Baseline;/util/mathutil/mathutil_test.go/BenchmarkStdDevNum605;860;0;0
0-3-0;Baseline;/util/trie/trie_test.go/BenchmarkPutRandKeys;8251;696;6
0-3-0;Baseline;/util/trie/trie_test.go/BenchmarkPutPrefixedKeys;5102;758;7
0-3-0;Baseline;/util/trie/trie_test.go/BenchmarkPutAndGetRandKeys;15591;1224;9
0-3-0;Baseline;/util/trie/trie_test.go/BenchmarkPutAndGetPrefixedKeys;5418;790;8
0-3-0;Baseline;/filter/filter_test.go/BenchmarkRules1KNativeBest;28284;0;0
0-3-0;Baseline;/filter/filter_test.go/BenchmarkRules1kBest;579;120;3
0-3-0;Baseline;/filter/filter_test.go/BenchmarkRules1kWorst;4042;2084;22
0-3-0;Baseline;/filter/filter_test.go/BenchmarkRules2kWorst;3690;1908;19
0-3-0;Baseline;/models/rule_test.go/BenchmarkRuleTest;108;0;0
0-3-0;Baseline;/models/rule_test.go/BenchmarkRuleTestWithDefaultThresholdMaxsNum4;494;0;0
0-3-0;Baseline;/models/rule_test.go/BenchmarkRuleTestWithDefaultThresholdMaxsNum8;988;0;0
0-3-0;Baseline;/storage/indexdb/db_test.go/BenchmarkGet10K;362;48;2
0-3-0;Baseline;/storage/indexdb/db_test.go/BenchmarkPut;163149;852;11
0-3-0;Baseline;/storage/metricdb/db_test.go/BenchmarkPut;7355;865;5
0-3-0;Baseline;/storage/metricdb/db_test.go/BenchmarkPutX10;56385;5065;49
0-3-0;Baseline;/storage/metricdb/db_test.go/BenchmarkGet100K;94.8;0;0
0-4-0;Baseline;/util/trie/trie_test.go/BenchmarkPutRandKeys;8343;696;6
0-4-0;Baseline;/util/trie/trie_test.go/BenchmarkPutPrefixedKeys;5191;758;7
0-4-0;Baseline;/util/trie/trie_test.go/BenchmarkPutAndGetRandKeys;15518;1225;9
0-4-0;Baseline;/util/trie/trie_test.go/BenchmarkPutAndGetPrefixedKeys;5516;790;8
0-4-0;Baseline;/filter/filter_test.go/BenchmarkRules1KNativeBest;27970;0;0
0-4-0;Baseline;/filter/filter_test.go/BenchmarkRules1kBest;579;120;3
0-4-0;Baseline;/filter/filter_test.go/BenchmarkRules1kWorst;4039;2084;22
0-4-0;Baseline;/filter/filter_test.go/BenchmarkRules2kWorst;3670;1908;19
0-4-0;Baseline;/models/rule_test.go/BenchmarkRuleTest;102;0;0
0-4-0;Baseline;/models/rule_test.go/BenchmarkRuleTestWithDefaultThresholdMaxsNum4;494;0;0
0-4-0;Baseline;/models/rule_test.go/BenchmarkRuleTestWithDefaultThresholdMaxsNum8;740;0;0
0-4-0;Baseline;/storage/indexdb/db_test.go/BenchmarkGet10K;364;48;2
0-4-0;Baseline;/storage/indexdb/db_test.go/BenchmarkPut;163089;852;11
0-4-0;Baseline;/storage/metricdb/db_test.go/BenchmarkPut;7307;865;5
0-4-0;Baseline;/storage/metricdb/db_test.go/BenchmarkPutX10;57868;5065;49
0-4-0;Baseline;/storage/metricdb/db_test.go/BenchmarkGet100K;91.1;0;0
0-4-0;Baseline;/util/idpool/pool_test.go/BenchmarkAllocate;150653;10;0
0-4-0;Baseline;/util/mathutil/mathutil_test.go/BenchmarkAverageNum605;841;0;0
0-4-0;Baseline;/util/mathutil/mathutil_test.go/BenchmarkStdDevNum605;860;0;0
0-5-0;Baseline;/util/mathutil/mathutil_test.go/BenchmarkAverageNum605;841;0;0
0-5-0;Baseline;/util/mathutil/mathutil_test.go/BenchmarkStdDevNum605;860;0;0
0-5-0;Baseline;/util/trie/trie_test.go/BenchmarkPutRandKeys;8266;696;6
0-5-0;Baseline;/util/trie/trie_test.go/BenchmarkPutPrefixedKeys;5165;758;7
0-5-0;Baseline;/util/trie/trie_test.go/BenchmarkPutAndGetRandKeys;15460;1225;9
0-5-0;Baseline;/util/trie/trie_test.go/BenchmarkPutAndGetPrefixedKeys;5451;790;8
0-5-0;Baseline;/filter/filter_test.go/BenchmarkRules1KNativeBest;27603;0;0
0-5-0;Baseline;/filter/filter_test.go/BenchmarkRules1kBest;579;120;3
0-5-0;Baseline;/filter/filter_test.go/BenchmarkRules1kWorst;4049;2084;22
0-5-0;Baseline;/filter/filter_test.go/BenchmarkRules2kWorst;3694;1908;19
0-5-0;Baseline;/models/rule_test.go/BenchmarkRuleTest;103;0;0
0-5-0;Baseline;/models/rule_test.go/BenchmarkRuleTestWithDefaultThresholdMaxsNum4;494;0;0
0-5-0;Baseline;/models/rule_test.go/BenchmarkRuleTestWithDefaultThresholdMaxsNum8;833;0;0
0-5-0;Baseline;/storage/indexdb/db_test.go/BenchmarkGet10K;366;48;2
0-5-0;Baseline;/storage/indexdb/db_test.go/BenchmarkPut;163174;852;11
0-5-0;Baseline;/storage/metricdb/db_test.go/BenchmarkPut;7392;865;5
0-5-0;Baseline;/storage/metricdb/db_test.go/BenchmarkPutX10;57545;5065;49
0-5-0;Baseline;/storage/metricdb/db_test.go/BenchmarkGet100K;92.1;0;0
0-5-0;Baseline;/util/idpool/pool_test.go/BenchmarkAllocate;150641;10;0
0-6-0;Baseline;/models/rule_test.go/BenchmarkRuleTest;105;0;0
0-6-0;Baseline;/models/rule_test.go/BenchmarkRuleTestWithDefaultThresholdMaxsNum4;494;0;0
0-6-0;Baseline;/models/rule_test.go/BenchmarkRuleTestWithDefaultThresholdMaxsNum8;956;0;0
0-6-0;Baseline;/storage/indexdb/db_test.go/BenchmarkGet10K;362;48;2
0-6-0;Baseline;/storage/indexdb/db_test.go/BenchmarkPut;163161;852;11
0-6-0;Baseline;/storage/metricdb/db_test.go/BenchmarkPut;7435;865;5
0-6-0;Baseline;/storage/metricdb/db_test.go/BenchmarkPutX10;57514;5007;49
0-6-0;Baseline;/storage/metricdb/db_test.go/BenchmarkGet100K;92.7;0;0
0-6-0;Baseline;/util/idpool/pool_test.go/BenchmarkAllocate;150641;10;0
0-6-0;Baseline;/util/mathutil/mathutil_test.go/BenchmarkAverageNum605;841;0;0
0-6-0;Baseline;/util/mathutil/mathutil_test.go/BenchmarkStdDevNum605;860;0;0
0-6-0;Baseline;/util/trie/trie_test.go/BenchmarkPutRandKeys;8254;696;6
0-6-0;Baseline;/util/trie/trie_test.go/BenchmarkPutPrefixedKeys;5333;758;7
0-6-0;Baseline;/util/trie/trie_test.go/BenchmarkPutAndGetRandKeys;15551;1224;9
0-6-0;Baseline;/util/trie/trie_test.go/BenchmarkPutAndGetPrefixedKeys;5560;790;8
0-6-0;Baseline;/filter/filter_test.go/BenchmarkRules1KNativeBest;27413;0;0
0-6-0;Baseline;/filter/filter_test.go/BenchmarkRules1kBest;579;120;3
0-6-0;Baseline;/filter/filter_test.go/BenchmarkRules1kWorst;4050;2084;22
0-6-0;Baseline;/filter/filter_test.go/BenchmarkRules2kWorst;3678;1908;19
0-7-0;Baseline;/util/mathutil/mathutil_test.go/BenchmarkAverageNum605;841;0;0
0-7-0;Baseline;/util/mathutil/mathutil_test.go/BenchmarkStdDevNum605;860;0;0
0-7-0;Baseline;/util/trie/trie_test.go/BenchmarkPutRandKeys;8591;697;6
0-7-0;Baseline;/util/trie/trie_test.go/BenchmarkPutPrefixedKeys;5175;758;7
0-7-0;Baseline;/util/trie/trie_test.go/BenchmarkPutAndGetRandKeys;15608;1224;9
0-7-0;Baseline;/util/trie/trie_test.go/BenchmarkPutAndGetPrefixedKeys;5494;790;8
0-7-0;Baseline;/filter/filter_test.go/BenchmarkRules1KNativeBest;27160;0;0
0-7-0;Baseline;/filter/filter_test.go/BenchmarkRules1kBest;579;120;3
0-7-0;Baseline;/filter/filter_test.go/BenchmarkRules1kWorst;4046;2084;22
0-7-0;Baseline;/filter/filter_test.go/BenchmarkRules2kWorst;3700;1908;19
0-7-0;Baseline;/models/rule_test.go/BenchmarkRuleTest;102;0;0
0-7-0;Baseline;/models/rule_test.go/BenchmarkRuleTestWithDefaultThresholdMaxsNum4;495;0;0
0-7-0;Baseline;/models/rule_test.go/BenchmarkRuleTestWithDefaultThresholdMaxsNum8;866;0;0
0-7-0;Baseline;/storage/indexdb/db_test.go/BenchmarkGet10K;364;48;2
0-7-0;Baseline;/storage/indexdb/db_test.go/BenchmarkPut;163165;852;11
0-7-0;Baseline;/storage/metricdb/db_test.go/BenchmarkPut;7188;866;5
0-7-0;Baseline;/storage/metricdb/db_test.go/BenchmarkPutX10;57822;5007;49
0-7-0;Baseline;/storage/metricdb/db_test.go/BenchmarkGet100K;96.5;0;0
0-7-0;Baseline;/util/idpool/pool_test.go/BenchmarkAllocate;150666;10;0
0-8-0;Baseline;/storage/indexdb/db_test.go/BenchmarkGet10K;364;48;2
0-8-0;Baseline;/storage/indexdb/db_test.go/BenchmarkPut;163137;852;11
0-8-0;Baseline;/storage/metricdb/db_test.go/BenchmarkPut;7186;866;5
0-8-0;Baseline;/storage/metricdb/db_test.go/BenchmarkPutX10;56953;5065;49
0-8-0;Baseline;/storage/metricdb/db_test.go/BenchmarkGet100K;91.8;0;0
0-8-0;Baseline;/util/idpool/pool_test.go/BenchmarkAllocate;150641;10;0
0-8-0;Baseline;/util/mathutil/mathutil_test.go/BenchmarkAverageNum605;841;0;0
0-8-0;Baseline;/util/mathutil/mathutil_test.go/BenchmarkStdDevNum605;859;0;0
0-8-0;Baseline;/util/trie/trie_test.go/BenchmarkPutRandKeys;8279;696;6
0-8-0;Baseline;/util/trie/trie_test.go/BenchmarkPutPrefixedKeys;5299;758;7
0-8-0;Baseline;/util/trie/trie_test.go/BenchmarkPutAndGetRandKeys;15552;1224;9
0-8-0;Baseline;/util/trie/trie_test.go/BenchmarkPutAndGetPrefixedKeys;5641;790;8
0-8-0;Baseline;/filter/filter_test.go/BenchmarkRules1KNativeBest;27506;0;0
0-8-0;Baseline;/filter/filter_test.go/BenchmarkRules1kBest;577;120;3
0-8-0;Baseline;/filter/filter_test.go/BenchmarkRules1kWorst;4038;2084;22
0-8-0;Baseline;/filter/filter_test.go/BenchmarkRules2kWorst;3685;1908;19
0-8-0;Baseline;/models/rule_test.go/BenchmarkRuleTest;107;0;0
0-8-0;Baseline;/models/rule_test.go/BenchmarkRuleTestWithDefaultThresholdMaxsNum4;493;0;0
0-8-0;Baseline;/models/rule_test.go/BenchmarkRuleTestWithDefaultThresholdMaxsNum8;770;0;0
0-9-0;Baseline;/storage/indexdb/db_test.go/BenchmarkGet10K;371;48;2
0-9-0;Baseline;/storage/indexdb/db_test.go/BenchmarkPut;163136;852;11
0-9-0;Baseline;/storage/metricdb/db_test.go/BenchmarkPut;7226;865;5
0-9-0;Baseline;/storage/metricdb/db_test.go/BenchmarkPutX10;60228;5065;49
0-9-0;Baseline;/storage/metricdb/db_test.go/BenchmarkGet100K;90.9;0;0
0-9-0;Baseline;/util/idpool/pool_test.go/BenchmarkAllocate;150633;10;0
0-9-0;Baseline;/util/mathutil/mathutil_test.go/BenchmarkAverageNum605;841;0;0
0-9-0;Baseline;/util/mathutil/mathutil_test.go/BenchmarkStdDevNum605;859;0;0
0-9-0;Baseline;/util/trie/trie_test.go/BenchmarkPutRandKeys;8426;696;6
0-9-0;Baseline;/util/trie/trie_test.go/BenchmarkPutPrefixedKeys;5201;758;7
0-9-0;Baseline;/util/trie/trie_test.go/BenchmarkPutAndGetRandKeys;15418;1224;9
0-9-0;Baseline;/util/trie/trie_test.go/BenchmarkPutAndGetPrefixedKeys;5602;790;8
0-9-0;Baseline;/filter/filter_test.go/BenchmarkRules1KNativeBest;27505;0;0
0-9-0;Baseline;/filter/filter_test.go/BenchmarkRules1kBest;578;120;3
0-9-0;Baseline;/filter/filter_test.go/BenchmarkRules1kWorst;4038;2084;22
0-9-0;Baseline;/filter/filter_test.go/BenchmarkRules2kWorst;3700;1908;19
0-9-0;Baseline;/models/rule_test.go/BenchmarkRuleTest;105;0;0
0-9-0;Baseline;/models/rule_test.go/BenchmarkRuleTestWithDefaultThresholdMaxsNum4;494;0;0
0-9-0;Baseline;/models/rule_test.go/BenchmarkRuleTestWithDefaultThresholdMaxsNum8;869;0;0
0-10-0;Baseline;/filter/filter_test.go/BenchmarkRules1KNativeBest;27026;0;0
0-10-0;Baseline;/filter/filter_test.go/BenchmarkRules1kBest;579;120;3
0-10-0;Baseline;/filter/filter_test.go/BenchmarkRules1kWorst;4044;2084;22
0-10-0;Baseline;/filter/filter_test.go/BenchmarkRules2kWorst;3690;1908;19
0-10-0;Baseline;/models/rule_test.go/BenchmarkRuleTest;105;0;0
0-10-0;Baseline;/models/rule_test.go/BenchmarkRuleTestWithDefaultThresholdMaxsNum4;494;0;0
0-10-0;Baseline;/models/rule_test.go/BenchmarkRuleTestWithDefaultThresholdMaxsNum8;807;0;0
0-10-0;Baseline;/storage/indexdb/db_test.go/BenchmarkGet10K;360;48;2
0-10-0;Baseline;/storage/indexdb/db_test.go/BenchmarkPut;163186;853;11
0-10-0;Baseline;/storage/metricdb/db_test.go/BenchmarkPut;7397;865;5
0-10-0;Baseline;/storage/metricdb/db_test.go/BenchmarkPutX10;56804;5007;49
0-10-0;Baseline;/storage/metricdb/db_test.go/BenchmarkGet100K;91.3;0;0
0-10-0;Baseline;/util/idpool/pool_test.go/BenchmarkAllocate;150634;10;0
0-10-0;Baseline;/util/mathutil/mathutil_test.go/BenchmarkAverageNum605;841;0;0
0-10-0;Baseline;/util/mathutil/mathutil_test.go/BenchmarkStdDevNum605;860;0;0
0-10-0;Baseline;/util/trie/trie_test.go/BenchmarkPutRandKeys;8703;696;6
0-10-0;Baseline;/util/trie/trie_test.go/BenchmarkPutPrefixedKeys;5161;758;7
0-10-0;Baseline;/util/trie/trie_test.go/BenchmarkPutAndGetRandKeys;15315;1225;9
0-10-0;Baseline;/util/trie/trie_test.go/BenchmarkPutAndGetPrefixedKeys;5433;790;8
0-11-0;Baseline;/util/mathutil/mathutil_test.go/BenchmarkAverageNum605;841;0;0
0-11-0;Baseline;/util/mathutil/mathutil_test.go/BenchmarkStdDevNum605;860;0;0
0-11-0;Baseline;/util/trie/trie_test.go/BenchmarkPutRandKeys;8333;696;6
0-11-0;Baseline;/util/trie/trie_test.go/BenchmarkPutPrefixedKeys;5119;758;7
0-11-0;Baseline;/util/trie/trie_test.go/BenchmarkPutAndGetRandKeys;15766;1224;9
0-11-0;Baseline;/util/trie/trie_test.go/BenchmarkPutAndGetPrefixedKeys;5662;790;8
0-11-0;Baseline;/filter/filter_test.go/BenchmarkRules1KNativeBest;28245;0;0
0-11-0;Baseline;/filter/filter_test.go/BenchmarkRules1kBest;578;120;3
0-11-0;Baseline;/filter/filter_test.go/BenchmarkRules1kWorst;4040;2084;22
0-11-0;Baseline;/filter/filter_test.go/BenchmarkRules2kWorst;3684;1908;19
0-11-0;Baseline;/models/rule_test.go/BenchmarkRuleTest;104;0;0
0-11-0;Baseline;/models/rule_test.go/BenchmarkRuleTestWithDefaultThresholdMaxsNum4;493;0;0
0-11-0;Baseline;/models/rule_test.go/BenchmarkRuleTestWithDefaultThresholdMaxsNum8;901;0;0
0-11-0;Baseline;/storage/indexdb/db_test.go/BenchmarkGet10K;362;48;2
0-11-0;Baseline;/storage/indexdb/db_test.go/BenchmarkPut;163071;852;11
0-11-0;Baseline;/storage/metricdb/db_test.go/BenchmarkPut;7516;865;5
0-11-0;Baseline;/storage/metricdb/db_test.go/BenchmarkPutX10;59354;5007;49
0-11-0;Baseline;/storage/metricdb/db_test.go/BenchmarkGet100K;92.6;0;0
0-11-0;Baseline;/util/idpool/pool_test.go/BenchmarkAllocate;150650;10;0
0-12-0;Baseline;/util/idpool/pool_test.go/BenchmarkAllocate;150655;10;0
0-12-0;Baseline;/util/mathutil/mathutil_test.go/BenchmarkAverageNum605;841;0;0
0-12-0;Baseline;/util/mathutil/mathutil_test.go/BenchmarkStdDevNum605;860;0;0
0-12-0;Baseline;/util/trie/trie_test.go/BenchmarkPutRandKeys;8176;696;6
0-12-0;Baseline;/util/trie/trie_test.go/BenchmarkPutPrefixedKeys;5339;758;7
0-12-0;Baseline;/util/trie/trie_test.go/BenchmarkPutAndGetRandKeys;15331;1224;9
0-12-0;Baseline;/util/trie/trie_test.go/BenchmarkPutAndGetPrefixedKeys;5448;790;8
0-12-0;Baseline;/filter/filter_test.go/BenchmarkRules1KNativeBest;27426;0;0
0-12-0;Baseline;/filter/filter_test.go/BenchmarkRules1kBest;578;120;3
0-12-0;Baseline;/filter/filter_test.go/BenchmarkRules1kWorst;4054;2084;22
0-12-0;Baseline;/filter/filter_test.go/BenchmarkRules2kWorst;3672;1908;19
0-12-0;Baseline;/models/rule_test.go/BenchmarkRuleTest;105;0;0
0-12-0;Baseline;/models/rule_test.go/BenchmarkRuleTestWithDefaultThresholdMaxsNum4;498;0;0
0-12-0;Baseline;/models/rule_test.go/BenchmarkRuleTestWithDefaultThresholdMaxsNum8;993;0;0
0-12-0;Baseline;/storage/indexdb/db_test.go/BenchmarkGet10K;365;48;2
0-12-0;Baseline;/storage/indexdb/db_test.go/BenchmarkPut;163126;852;11
0-12-0;Baseline;/storage/metricdb/db_test.go/BenchmarkPut;7475;865;5
0-12-0;Baseline;/storage/metricdb/db_test.go/BenchmarkPutX10;55820;5065;49
0-12-0;Baseline;/storage/metricdb/db_test.go/BenchmarkGet100K;92.8;0;0
0-13-0;Baseline;/models/rule_test.go/BenchmarkRuleTest;105;0;0
0-13-0;Baseline;/models/rule_test.go/BenchmarkRuleTestWithDefaultThresholdMaxsNum4;493;0;0
0-13-0;Baseline;/models/rule_test.go/BenchmarkRuleTestWithDefaultThresholdMaxsNum8;970;0;0
0-13-0;Baseline;/storage/indexdb/db_test.go/BenchmarkGet10K;360;48;2
0-13-0;Baseline;/storage/indexdb/db_test.go/BenchmarkPut;163063;852;11
0-13-0;Baseline;/storage/metricdb/db_test.go/BenchmarkPut;7183;865;5
0-13-0;Baseline;/storage/metricdb/db_test.go/BenchmarkPutX10;57498;5057;49
0-13-0;Baseline;/storage/metricdb/db_test.go/BenchmarkGet100K;91.3;0;0
0-13-0;Baseline;/util/idpool/pool_test.go/BenchmarkAllocate;150647;10;0
0-13-0;Baseline;/util/mathutil/mathutil_test.go/BenchmarkAverageNum605;841;0;0
0-13-0;Baseline;/util/mathutil/mathutil_test.go/BenchmarkStdDevNum605;860;0;0
0-13-0;Baseline;/util/trie/trie_test.go/BenchmarkPutRandKeys;8356;696;6
0-13-0;Baseline;/util/trie/trie_test.go/BenchmarkPutPrefixedKeys;5194;758;7
0-13-0;Baseline;/util/trie/trie_test.go/BenchmarkPutAndGetRandKeys;16018;1224;9
0-13-0;Baseline;/util/trie/trie_test.go/BenchmarkPutAndGetPrefixedKeys;5580;790;8
0-13-0;Baseline;/filter/filter_test.go/BenchmarkRules1KNativeBest;27419;0;0
0-13-0;Baseline;/filter/filter_test.go/BenchmarkRules1kBest;580;120;3
0-13-0;Baseline;/filter/filter_test.go/BenchmarkRules1kWorst;4057;2084;22
0-13-0;Baseline;/filter/filter_test.go/BenchmarkRules2kWorst;3706;1908;19
0-14-0;Baseline;/util/idpool/pool_test.go/BenchmarkAllocate;150636;10;0
0-14-0;Baseline;/util/mathutil/mathutil_test.go/BenchmarkAverageNum605;841;0;0
0-14-0;Baseline;/util/mathutil/mathutil_test.go/BenchmarkStdDevNum605;859;0;0
0-14-0;Baseline;/util/trie/trie_test.go/BenchmarkPutRandKeys;8371;696;6
0-14-0;Baseline;/util/trie/trie_test.go/BenchmarkPutPrefixedKeys;5185;758;7
0-14-0;Baseline;/util/trie/trie_test.go/BenchmarkPutAndGetRandKeys;15517;1224;9
0-14-0;Baseline;/util/trie/trie_test.go/BenchmarkPutAndGetPrefixedKeys;5592;790;8
0-14-0;Baseline;/filter/filter_test.go/BenchmarkRules1KNativeBest;26973;0;0
0-14-0;Baseline;/filter/filter_test.go/BenchmarkRules1kBest;579;120;3
0-14-0;Baseline;/filter/filter_test.go/BenchmarkRules1kWorst;4041;2084;22
0-14-0;Baseline;/filter/filter_test.go/BenchmarkRules2kWorst;3676;1908;19
0-14-0;Baseline;/models/rule_test.go/BenchmarkRuleTest;106;0;0
0-14-0;Baseline;/models/rule_test.go/BenchmarkRuleTestWithDefaultThresholdMaxsNum4;494;0;0
0-14-0;Baseline;/models/rule_test.go/BenchmarkRuleTestWithDefaultThresholdMaxsNum8;751;0;0
0-14-0;Baseline;/storage/indexdb/db_test.go/BenchmarkGet10K;362;48;2
0-14-0;Baseline;/storage/indexdb/db_test.go/BenchmarkPut;163126;852;11
0-14-0;Baseline;/storage/metricdb/db_test.go/BenchmarkPut;7236;865;5
0-14-0;Baseline;/storage/metricdb/db_test.go/BenchmarkPutX10;58697;5057;49
0-14-0;Baseline;/storage/metricdb/db_test.go/BenchmarkGet100K;93.6;0;0
0-15-0;Baseline;/util/idpool/pool_test.go/BenchmarkAllocate;150657;10;0
0-15-0;Baseline;/util/mathutil/mathutil_test.go/BenchmarkAverageNum605;841;0;0
0-15-0;Baseline;/util/mathutil/mathutil_test.go/BenchmarkStdDevNum605;860;0;0
0-15-0;Baseline;/util/trie/trie_test.go/BenchmarkPutRandKeys;8353;696;6
0-15-0;Baseline;/util/trie/trie_test.go/BenchmarkPutPrefixedKeys;5166;758;7
0-15-0;Baseline;/util/trie/trie_test.go/BenchmarkPutAndGetRandKeys;15482;1224;9
0-15-0;Baseline;/util/trie/trie_test.go/BenchmarkPutAndGetPrefixedKeys;5652;790;8
0-15-0;Baseline;/filter/filter_test.go/BenchmarkRules1KNativeBest;27668;0;0
0-15-0;Baseline;/filter/filter_test.go/BenchmarkRules1kBest;580;120;3
0-15-0;Baseline;/filter/filter_test.go/BenchmarkRules1kWorst;4075;2084;22
0-15-0;Baseline;/filter/filter_test.go/BenchmarkRules2kWorst;3671;1908;19
0-15-0;Baseline;/models/rule_test.go/BenchmarkRuleTest;102;0;0
0-15-0;Baseline;/models/rule_test.go/BenchmarkRuleTestWithDefaultThresholdMaxsNum4;496;0;0
0-15-0;Baseline;/models/rule_test.go/BenchmarkRuleTestWithDefaultThresholdMaxsNum8;883;0;0
0-15-0;Baseline;/storage/indexdb/db_test.go/BenchmarkGet10K;363;48;2
0-15-0;Baseline;/storage/indexdb/db_test.go/BenchmarkPut;163117;852;11
0-15-0;Baseline;/storage/metricdb/db_test.go/BenchmarkPut;7476;865;5
0-15-0;Baseline;/storage/metricdb/db_test.go/BenchmarkPutX10;57859;5057;49
0-15-0;Baseline;/storage/metricdb/db_test.go/BenchmarkGet100K;93.7;0;0
0-16-0;Baseline;/storage/metricdb/db_test.go/BenchmarkPut;7555;865;5
0-16-0;Baseline;/storage/metricdb/db_test.go/BenchmarkPutX10;58437;5065;49
0-16-0;Baseline;/storage/metricdb/db_test.go/BenchmarkGet100K;91.2;0;0
0-16-0;Baseline;/util/idpool/pool_test.go/BenchmarkAllocate;150658;10;0
0-16-0;Baseline;/util/mathutil/mathutil_test.go/BenchmarkAverageNum605;841;0;0
0-16-0;Baseline;/util/mathutil/mathutil_test.go/BenchmarkStdDevNum605;859;0;0
0-16-0;Baseline;/util/trie/trie_test.go/BenchmarkPutRandKeys;8417;696;6
0-16-0;Baseline;/util/trie/trie_test.go/BenchmarkPutPrefixedKeys;5220;758;7
0-16-0;Baseline;/util/trie/trie_test.go/BenchmarkPutAndGetRandKeys;15627;1224;9
0-16-0;Baseline;/util/trie/trie_test.go/BenchmarkPutAndGetPrefixedKeys;5399;790;8
0-16-0;Baseline;/filter/filter_test.go/BenchmarkRules1KNativeBest;27616;0;0
0-16-0;Baseline;/filter/filter_test.go/BenchmarkRules1kBest;579;120;3
0-16-0;Baseline;/filter/filter_test.go/BenchmarkRules1kWorst;4037;2084;22
0-16-0;Baseline;/filter/filter_test.go/BenchmarkRules2kWorst;3694;1908;19
0-16-0;Baseline;/models/rule_test.go/BenchmarkRuleTest;102;0;0
0-16-0;Baseline;/models/rule_test.go/BenchmarkRuleTestWithDefaultThresholdMaxsNum4;494;0;0
0-16-0;Baseline;/models/rule_test.go/BenchmarkRuleTestWithDefaultThresholdMaxsNum8;931;0;0
0-16-0;Baseline;/storage/indexdb/db_test.go/BenchmarkGet10K;362;48;2
0-16-0;Baseline;/storage/indexdb/db_test.go/BenchmarkPut;163064;852;11
0-17-0;Baseline;/models/rule_test.go/BenchmarkRuleTest;102;0;0
0-17-0;Baseline;/models/rule_test.go/BenchmarkRuleTestWithDefaultThresholdMaxsNum4;493;0;0
0-17-0;Baseline;/models/rule_test.go/BenchmarkRuleTestWithDefaultThresholdMaxsNum8;845;0;0
0-17-0;Baseline;/storage/indexdb/db_test.go/BenchmarkGet10K;361;48;2
0-17-0;Baseline;/storage/indexdb/db_test.go/BenchmarkPut;163060;852;11
0-17-0;Baseline;/storage/metricdb/db_test.go/BenchmarkPut;7220;865;5
0-17-0;Baseline;/storage/metricdb/db_test.go/BenchmarkPutX10;59750;5065;49
0-17-0;Baseline;/storage/metricdb/db_test.go/BenchmarkGet100K;91.1;0;0
0-17-0;Baseline;/util/idpool/pool_test.go/BenchmarkAllocate;150649;10;0
0-17-0;Baseline;/util/mathutil/mathutil_test.go/BenchmarkAverageNum605;841;0;0
0-17-0;Baseline;/util/mathutil/mathutil_test.go/BenchmarkStdDevNum605;860;0;0
0-17-0;Baseline;/util/trie/trie_test.go/BenchmarkPutRandKeys;8043;696;6
0-17-0;Baseline;/util/trie/trie_test.go/BenchmarkPutPrefixedKeys;5234;758;7
0-17-0;Baseline;/util/trie/trie_test.go/BenchmarkPutAndGetRandKeys;15466;1224;9
0-17-0;Baseline;/util/trie/trie_test.go/BenchmarkPutAndGetPrefixedKeys;5637;790;8
0-17-0;Baseline;/filter/filter_test.go/BenchmarkRules1KNativeBest;28052;0;0
0-17-0;Baseline;/filter/filter_test.go/BenchmarkRules1kBest;579;120;3
0-17-0;Baseline;/filter/filter_test.go/BenchmarkRules1kWorst;4056;2084;22
0-17-0;Baseline;/filter/filter_test.go/BenchmarkRules2kWorst;3688;1908;19
0-18-0;Baseline;/filter/filter_test.go/BenchmarkRules1KNativeBest;27592;0;0
0-18-0;Baseline;/filter/filter_test.go/BenchmarkRules1kBest;579;120;3
0-18-0;Baseline;/filter/filter_test.go/BenchmarkRules1kWorst;4046;2084;22
0-18-0;Baseline;/filter/filter_test.go/BenchmarkRules2kWorst;3671;1908;19
0-18-0;Baseline;/models/rule_test.go/BenchmarkRuleTest;102;0;0
0-18-0;Baseline;/models/rule_test.go/BenchmarkRuleTestWithDefaultThresholdMaxsNum4;496;0;0
0-18-0;Baseline;/models/rule_test.go/BenchmarkRuleTestWithDefaultThresholdMaxsNum8;937;0;0
0-18-0;Baseline;/storage/indexdb/db_test.go/BenchmarkGet10K;359;48;2
0-18-0;Baseline;/storage/indexdb/db_test.go/BenchmarkPut;163178;852;11
0-18-0;Baseline;/storage/metricdb/db_test.go/BenchmarkPut;7410;865;5
0-18-0;Baseline;/storage/metricdb/db_test.go/BenchmarkPutX10;56229;5016;49
0-18-0;Baseline;/storage/metricdb/db_test.go/BenchmarkGet100K;92.2;0;0
0-18-0;Baseline;/util/idpool/pool_test.go/BenchmarkAllocate;150674;10;0
0-18-0;Baseline;/util/mathutil/mathutil_test.go/BenchmarkAverageNum605;841;0;0
0-18-0;Baseline;/util/mathutil/mathutil_test.go/BenchmarkStdDevNum605;860;0;0
0-18-0;Baseline;/util/trie/trie_test.go/BenchmarkPutRandKeys;8157;696;6
0-18-0;Baseline;/util/trie/trie_test.go/BenchmarkPutPrefixedKeys;5142;758;7
0-18-0;Baseline;/util/trie/trie_test.go/BenchmarkPutAndGetRandKeys;15470;1224;9
0-18-0;Baseline;/util/trie/trie_test.go/BenchmarkPutAndGetPrefixedKeys;5507;790;8
0-19-0;Baseline;/util/trie/trie_test.go/BenchmarkPutRandKeys;8331;696;6
0-19-0;Baseline;/util/trie/trie_test.go/BenchmarkPutPrefixedKeys;5203;758;7
0-19-0;Baseline;/util/trie/trie_test.go/BenchmarkPutAndGetRandKeys;15939;1224;9
0-19-0;Baseline;/util/trie/trie_test.go/BenchmarkPutAndGetPrefixedKeys;5816;790;8
0-19-0;Baseline;/filter/filter_test.go/BenchmarkRules1KNativeBest;27475;0;0
0-19-0;Baseline;/filter/filter_test.go/BenchmarkRules1kBest;579;120;3
0-19-0;Baseline;/filter/filter_test.go/BenchmarkRules1kWorst;4047;2084;22
0-19-0;Baseline;/filter/filter_test.go/BenchmarkRules2kWorst;3674;1908;19
0-19-0;Baseline;/models/rule_test.go/BenchmarkRuleTest;102;0;0
0-19-0;Baseline;/models/rule_test.go/BenchmarkRuleTestWithDefaultThresholdMaxsNum4;494;0;0
0-19-0;Baseline;/models/rule_test.go/BenchmarkRuleTestWithDefaultThresholdMaxsNum8;947;0;0
0-19-0;Baseline;/storage/indexdb/db_test.go/BenchmarkGet10K;363;48;2
0-19-0;Baseline;/storage/indexdb/db_test.go/BenchmarkPut;163075;852;11
0-19-0;Baseline;/storage/metricdb/db_test.go/BenchmarkPut;7448;865;5
0-19-0;Baseline;/storage/metricdb/db_test.go/BenchmarkPutX10;56765;5017;49
0-19-0;Baseline;/storage/metricdb/db_test.go/BenchmarkGet100K;95;0;0
0-19-0;Baseline;/util/idpool/pool_test.go/BenchmarkAllocate;150661;10;0
0-19-0;Baseline;/util/mathutil/mathutil_test.go/BenchmarkAverageNum605;841;0;0
0-19-0;Baseline;/util/mathutil/mathutil_test.go/BenchmarkStdDevNum605;859;0;0
0-20-0;Baseline;/filter/filter_test.go/BenchmarkRules1KNativeBest;27556;0;0
0-20-0;Baseline;/filter/filter_test.go/BenchmarkRules1kBest;579;120;3
0-20-0;Baseline;/filter/filter_test.go/BenchmarkRules1kWorst;4036;2084;22
0-20-0;Baseline;/filter/filter_test.go/BenchmarkRules2kWorst;3672;1908;19
0-20-0;Baseline;/models/rule_test.go/BenchmarkRuleTest;108;0;0
0-20-0;Baseline;/models/rule_test.go/BenchmarkRuleTestWithDefaultThresholdMaxsNum4;494;0;0
0-20-0;Baseline;/models/rule_test.go/BenchmarkRuleTestWithDefaultThresholdMaxsNum8;954;0;0
0-20-0;Baseline;/storage/indexdb/db_test.go/BenchmarkGet10K;361;48;2
0-20-0;Baseline;/storage/indexdb/db_test.go/BenchmarkPut;163176;852;11
0-20-0;Baseline;/storage/metricdb/db_test.go/BenchmarkPut;7200;865;5
0-20-0;Baseline;/storage/metricdb/db_test.go/BenchmarkPutX10;56910;5017;49
0-20-0;Baseline;/storage/metricdb/db_test.go/BenchmarkGet100K;92.3;0;0
0-20-0;Baseline;/util/idpool/pool_test.go/BenchmarkAllocate;150679;10;0
0-20-0;Baseline;/util/mathutil/mathutil_test.go/BenchmarkAverageNum605;841;0;0
0-20-0;Baseline;/util/mathutil/mathutil_test.go/BenchmarkStdDevNum605;859;0;0
0-20-0;Baseline;/util/trie/trie_test.go/BenchmarkPutRandKeys;8493;696;6
0-20-0;Baseline;/util/trie/trie_test.go/BenchmarkPutPrefixedKeys;5194;758;7
0-20-0;Baseline;/util/trie/trie_test.go/BenchmarkPutAndGetRandKeys;15458;1224;9
0-20-0;Baseline;/util/trie/trie_test.go/BenchmarkPutAndGetPrefixedKeys;5718;790;8
0-21-0;Baseline;/storage/indexdb/db_test.go/BenchmarkGet10K;361;48;2
0-21-0;Baseline;/storage/indexdb/db_test.go/BenchmarkPut;163118;852;11
0-21-0;Baseline;/storage/metricdb/db_test.go/BenchmarkPut;7279;865;5
0-21-0;Baseline;/storage/metricdb/db_test.go/BenchmarkPutX10;57338;5016;49
0-21-0;Baseline;/storage/metricdb/db_test.go/BenchmarkGet100K;91.2;0;0
0-21-0;Baseline;/util/idpool/pool_test.go/BenchmarkAllocate;150647;10;0
0-21-0;Baseline;/util/mathutil/mathutil_test.go/BenchmarkAverageNum605;841;0;0
0-21-0;Baseline;/util/mathutil/mathutil_test.go/BenchmarkStdDevNum605;860;0;0
0-21-0;Baseline;/util/trie/trie_test.go/BenchmarkPutRandKeys;8567;696;6
0-21-0;Baseline;/util/trie/trie_test.go/BenchmarkPutPrefixedKeys;5132;758;7
0-21-0;Baseline;/util/trie/trie_test.go/BenchmarkPutAndGetRandKeys;15504;1224;9
0-21-0;Baseline;/util/trie/trie_test.go/BenchmarkPutAndGetPrefixedKeys;5526;790;8
0-21-0;Baseline;/filter/filter_test.go/BenchmarkRules1KNativeBest;26966;0;0
0-21-0;Baseline;/filter/filter_test.go/BenchmarkRules1kBest;578;120;3
0-21-0;Baseline;/filter/filter_test.go/BenchmarkRules1kWorst;4048;2084;22
0-21-0;Baseline;/filter/filter_test.go/BenchmarkRules2kWorst;3704;1908;19
0-21-0;Baseline;/models/rule_test.go/BenchmarkRuleTest;102;0;0
0-21-0;Baseline;/models/rule_test.go/BenchmarkRuleTestWithDefaultThresholdMaxsNum4;494;0;0
0-21-0;Baseline;/models/rule_test.go/BenchmarkRuleTestWithDefaultThresholdMaxsNum8;935;0;0
0-22-0;Baseline;/models/rule_test.go/BenchmarkRuleTest;102;0;0
0-22-0;Baseline;/models/rule_test.go/BenchmarkRuleTestWithDefaultThresholdMaxsNum4;493;0;0
0-22-0;Baseline;/models/rule_test.go/BenchmarkRuleTestWithDefaultThresholdMaxsNum8;971;0;0
0-22-0;Baseline;/storage/indexdb/db_test.go/BenchmarkGet10K;371;48;2
0-22-0;Baseline;/storage/indexdb/db_test.go/BenchmarkPut;163176;852;11
0-22-0;Baseline;/storage/metricdb/db_test.go/BenchmarkPut;7200;865;5
0-22-0;Baseline;/storage/metricdb/db_test.go/BenchmarkPutX10;56440;5016;49
0-22-0;Baseline;/storage/metricdb/db_test.go/BenchmarkGet100K;91.7;0;0
0-22-0;Baseline;/util/idpool/pool_test.go/BenchmarkAllocate;150654;10;0
0-22-0;Baseline;/util/mathutil/mathutil_test.go/BenchmarkAverageNum605;841;0;0
0-22-0;Baseline;/util/mathutil/mathutil_test.go/BenchmarkStdDevNum605;859;0;0
0-22-0;Baseline;/util/trie/trie_test.go/BenchmarkPutRandKeys;8347;696;6
0-22-0;Baseline;/util/trie/trie_test.go/BenchmarkPutPrefixedKeys;5209;758;7
0-22-0;Baseline;/util/trie/trie_test.go/BenchmarkPutAndGetRandKeys;15469;1224;9
0-22-0;Baseline;/util/trie/trie_test.go/BenchmarkPutAndGetPrefixedKeys;5542;790;8
0-22-0;Baseline;/filter/filter_test.go/BenchmarkRules1KNativeBest;27318;0;0
0-22-0;Baseline;/filter/filter_test.go/BenchmarkRules1kBest;579;120;3
0-22-0;Baseline;/filter/filter_test.go/BenchmarkRules1kWorst;4065;2084;22
0-22-0;Baseline;/filter/filter_test.go/BenchmarkRules2kWorst;3682;1908;19
0-23-0;Baseline;/util/trie/trie_test.go/BenchmarkPutRandKeys;8475;696;6
0-23-0;Baseline;/util/trie/trie_test.go/BenchmarkPutPrefixedKeys;5094;758;7
0-23-0;Baseline;/util/trie/trie_test.go/BenchmarkPutAndGetRandKeys;15705;1224;9
0-23-0;Baseline;/util/trie/trie_test.go/BenchmarkPutAndGetPrefixedKeys;5647;790;8
0-23-0;Baseline;/filter/filter_test.go/BenchmarkRules1KNativeBest;28136;0;0
0-23-0;Baseline;/filter/filter_test.go/BenchmarkRules1kBest;579;120;3
0-23-0;Baseline;/filter/filter_test.go/BenchmarkRules1kWorst;4045;2084;22
0-23-0;Baseline;/filter/filter_test.go/BenchmarkRules2kWorst;3680;1908;19
0-23-0;Baseline;/models/rule_test.go/BenchmarkRuleTest;103;0;0
0-23-0;Baseline;/models/rule_test.go/BenchmarkRuleTestWithDefaultThresholdMaxsNum4;494;0;0
0-23-0;Baseline;/models/rule_test.go/BenchmarkRuleTestWithDefaultThresholdMaxsNum8;800;0;0
0-23-0;Baseline;/storage/indexdb/db_test.go/BenchmarkGet10K;371;48;2
0-23-0;Baseline;/storage/indexdb/db_test.go/BenchmarkPut;163234;852;11
0-23-0;Baseline;/storage/metricdb/db_test.go/BenchmarkPut;7294;865;5
0-23-0;Baseline;/storage/metricdb/db_test.go/BenchmarkPutX10;56061;5016;49
0-23-0;Baseline;/storage/metricdb/db_test.go/BenchmarkGet100K;91.7;0;0
0-23-0;Baseline;/util/idpool/pool_test.go/BenchmarkAllocate;150628;10;0
0-23-0;Baseline;/util/mathutil/mathutil_test.go/BenchmarkAverageNum605;841;0;0
0-23-0;Baseline;/util/mathutil/mathutil_test.go/BenchmarkStdDevNum605;860;0;0
0-24-0;Baseline;/filter/filter_test.go/BenchmarkRules1KNativeBest;27603;0;0
0-24-0;Baseline;/filter/filter_test.go/BenchmarkRules1kBest;581;120;3
0-24-0;Baseline;/filter/filter_test.go/BenchmarkRules1kWorst;4042;2084;22
0-24-0;Baseline;/filter/filter_test.go/BenchmarkRules2kWorst;3679;1908;19
0-24-0;Baseline;/models/rule_test.go/BenchmarkRuleTest;102;0;0
0-24-0;Baseline;/models/rule_test.go/BenchmarkRuleTestWithDefaultThresholdMaxsNum4;494;0;0
0-24-0;Baseline;/models/rule_test.go/BenchmarkRuleTestWithDefaultThresholdMaxsNum8;893;0;0
0-24-0;Baseline;/storage/indexdb/db_test.go/BenchmarkGet10K;363;48;2
0-24-0;Baseline;/storage/indexdb/db_test.go/BenchmarkPut;163249;852;11
0-24-0;Baseline;/storage/metricdb/db_test.go/BenchmarkPut;7364;865;5
0-24-0;Baseline;/storage/metricdb/db_test.go/BenchmarkPutX10;56966;5016;49
0-24-0;Baseline;/storage/metricdb/db_test.go/BenchmarkGet100K;91;0;0
0-24-0;Baseline;/util/idpool/pool_test.go/BenchmarkAllocate;150701;10;0
0-24-0;Baseline;/util/mathutil/mathutil_test.go/BenchmarkAverageNum605;841;0;0
0-24-0;Baseline;/util/mathutil/mathutil_test.go/BenchmarkStdDevNum605;860;0;0
0-24-0;Baseline;/util/trie/trie_test.go/BenchmarkPutRandKeys;8258;696;6
0-24-0;Baseline;/util/trie/trie_test.go/BenchmarkPutPrefixedKeys;5085;758;7
0-24-0;Baseline;/util/trie/trie_test.go/BenchmarkPutAndGetRandKeys;15837;1224;9
0-24-0;Baseline;/util/trie/trie_test.go/BenchmarkPutAndGetPrefixedKeys;5541;790;8
0-25-0;Baseline;/storage/indexdb/db_test.go/BenchmarkGet10K;371;48;2
0-25-0;Baseline;/storage/indexdb/db_test.go/BenchmarkPut;163178;852;11
0-25-0;Baseline;/storage/metricdb/db_test.go/BenchmarkPut;7239;865;5
0-25-0;Baseline;/storage/metricdb/db_test.go/BenchmarkPutX10;57023;5016;49
0-25-0;Baseline;/storage/metricdb/db_test.go/BenchmarkGet100K;90.9;0;0
0-25-0;Baseline;/util/idpool/pool_test.go/BenchmarkAllocate;150623;10;0
0-25-0;Baseline;/util/mathutil/mathutil_test.go/BenchmarkAverageNum605;841;0;0
0-25-0;Baseline;/util/mathutil/mathutil_test.go/BenchmarkStdDevNum605;860;0;0
0-25-0;Baseline;/util/trie/trie_test.go/BenchmarkPutRandKeys;8248;696;6
0-25-0;Baseline;/util/trie/trie_test.go/BenchmarkPutPrefixedKeys;5091;758;7
0-25-0;Baseline;/util/trie/trie_test.go/BenchmarkPutAndGetRandKeys;15667;1224;9
0-25-0;Baseline;/util/trie/trie_test.go/BenchmarkPutAndGetPrefixedKeys;5632;790;8
0-25-0;Baseline;/filter/filter_test.go/BenchmarkRules1KNativeBest;28044;0;0
0-25-0;Baseline;/filter/filter_test.go/BenchmarkRules1kBest;580;120;3
0-25-0;Baseline;/filter/filter_test.go/BenchmarkRules1kWorst;4044;2084;22
0-25-0;Baseline;/filter/filter_test.go/BenchmarkRules2kWorst;3703;1908;19
0-25-0;Baseline;/models/rule_test.go/BenchmarkRuleTest;103;0;0
0-25-0;Baseline;/models/rule_test.go/BenchmarkRuleTestWithDefaultThresholdMaxsNum4;495;0;0
0-25-0;Baseline;/models/rule_test.go/BenchmarkRuleTestWithDefaultThresholdMaxsNum8;816;0;0
0-26-0;Baseline;/util/trie/trie_test.go/BenchmarkPutRandKeys;8305;696;6
0-26-0;Baseline;/util/trie/trie_test.go/BenchmarkPutPrefixedKeys;5205;758;7
0-26-0;Baseline;/util/trie/trie_test.go/BenchmarkPutAndGetRandKeys;15588;1224;9
0-26-0;Baseline;/util/trie/trie_test.go/BenchmarkPutAndGetPrefixedKeys;5488;790;8
0-26-0;Baseline;/filter/filter_test.go/BenchmarkRules1KNativeBest;28039;0;0
0-26-0;Baseline;/filter/filter_test.go/BenchmarkRules1kBest;579;120;3
0-26-0;Baseline;/filter/filter_test.go/BenchmarkRules1kWorst;4057;2084;22
0-26-0;Baseline;/filter/filter_test.go/BenchmarkRules2kWorst;3680;1908;19
0-26-0;Baseline;/models/rule_test.go/BenchmarkRuleTest;105;0;0
0-26-0;Baseline;/models/rule_test.go/BenchmarkRuleTestWithDefaultThresholdMaxsNum4;495;0;0
0-26-0;Baseline;/models/rule_test.go/BenchmarkRuleTestWithDefaultThresholdMaxsNum8;958;0;0
0-26-0;Baseline;/storage/indexdb/db_test.go/BenchmarkGet10K;361;48;2
0-26-0;Baseline;/storage/indexdb/db_test.go/BenchmarkPut;163150;852;11
0-26-0;Baseline;/storage/metricdb/db_test.go/BenchmarkPut;7321;866;5
0-26-0;Baseline;/storage/metricdb/db_test.go/BenchmarkPutX10;56452;5016;49
0-26-0;Baseline;/storage/metricdb/db_test.go/BenchmarkGet100K;93.2;0;0
0-26-0;Baseline;/util/idpool/pool_test.go/BenchmarkAllocate;150640;10;0
0-26-0;Baseline;/util/mathutil/mathutil_test.go/BenchmarkAverageNum605;841;0;0
0-26-0;Baseline;/util/mathutil/mathutil_test.go/BenchmarkStdDevNum605;860;0;0
0-27-0;Baseline;/storage/indexdb/db_test.go/BenchmarkGet10K;371;48;2
0-27-0;Baseline;/storage/indexdb/db_test.go/BenchmarkPut;163087;852;11
0-27-0;Baseline;/storage/metricdb/db_test.go/BenchmarkPut;7200;866;5
0-27-0;Baseline;/storage/metricdb/db_test.go/BenchmarkPutX10;56999;5016;49
0-27-0;Baseline;/storage/metricdb/db_test.go/BenchmarkGet100K;93.4;0;0
0-27-0;Baseline;/util/idpool/pool_test.go/BenchmarkAllocate;150670;10;0
0-27-0;Baseline;/util/mathutil/mathutil_test.go/BenchmarkAverageNum605;841;0;0
0-27-0;Baseline;/util/mathutil/mathutil_test.go/BenchmarkStdDevNum605;860;0;0
0-27-0;Baseline;/util/trie/trie_test.go/BenchmarkPutRandKeys;8508;696;6
0-27-0;Baseline;/util/trie/trie_test.go/BenchmarkPutPrefixedKeys;5121;758;7
0-27-0;Baseline;/util/trie/trie_test.go/BenchmarkPutAndGetRandKeys;15768;1224;9
0-27-0;Baseline;/util/trie/trie_test.go/BenchmarkPutAndGetPrefixedKeys;5621;790;8
0-27-0;Baseline;/filter/filter_test.go/BenchmarkRules1KNativeBest;27303;0;0
0-27-0;Baseline;/filter/filter_test.go/BenchmarkRules1kBest;579;120;3
0-27-0;Baseline;/filter/filter_test.go/BenchmarkRules1kWorst;4059;2084;22
0-27-0;Baseline;/filter/filter_test.go/BenchmarkRules2kWorst;3664;1908;19
0-27-0;Baseline;/models/rule_test.go/BenchmarkRuleTest;102;0;0
0-27-0;Baseline;/models/rule_test.go/BenchmarkRuleTestWithDefaultThresholdMaxsNum4;496;0;0
0-27-0;Baseline;/models/rule_test.go/BenchmarkRuleTestWithDefaultThresholdMaxsNum8;809;0;0
0-28-0;Baseline;/util/idpool/pool_test.go/BenchmarkAllocate;150682;10;0
0-28-0;Baseline;/util/mathutil/mathutil_test.go/BenchmarkAverageNum605;841;0;0
0-28-0;Baseline;/util/mathutil/mathutil_test.go/BenchmarkStdDevNum605;859;0;0
0-28-0;Baseline;/util/trie/trie_test.go/BenchmarkPutRandKeys;8343;696;6
0-28-0;Baseline;/util/trie/trie_test.go/BenchmarkPutPrefixedKeys;5254;758;7
0-28-0;Baseline;/util/trie/trie_test.go/BenchmarkPutAndGetRandKeys;15415;1224;9
0-28-0;Baseline;/util/trie/trie_test.go/BenchmarkPutAndGetPrefixedKeys;5472;790;8
0-28-0;Baseline;/filter/filter_test.go/BenchmarkRules1KNativeBest;27457;0;0
0-28-0;Baseline;/filter/filter_test.go/BenchmarkRules1kBest;579;120;3
0-28-0;Baseline;/filter/filter_test.go/BenchmarkRules1kWorst;4046;2084;22
0-28-0;Baseline;/filter/filter_test.go/BenchmarkRules2kWorst;3679;1908;19
0-28-0;Baseline;/models/rule_test.go/BenchmarkRuleTest;102;0;0
0-28-0;Baseline;/models/rule_test.go/BenchmarkRuleTestWithDefaultThresholdMaxsNum4;494;0;0
0-28-0;Baseline;/models/rule_test.go/BenchmarkRuleTestWithDefaultThresholdMaxsNum8;857;0;0
0-28-0;Baseline;/storage/indexdb/db_test.go/BenchmarkGet10K;362;48;2
0-28-0;Baseline;/storage/indexdb/db_test.go/BenchmarkPut;163180;852;11
0-28-0;Baseline;/storage/metricdb/db_test.go/BenchmarkPut;7490;865;5
0-28-0;Baseline;/storage/metricdb/db_test.go/BenchmarkPutX10;57057;5016;49
0-28-0;Baseline;/storage/metricdb/db_test.go/BenchmarkGet100K;93.8;0;0
0-29-0;Baseline;/models/rule_test.go/BenchmarkRuleTest;109;0;0
0-29-0;Baseline;/models/rule_test.go/BenchmarkRuleTestWithDefaultThresholdMaxsNum4;494;0;0
0-29-0;Baseline;/models/rule_test.go/BenchmarkRuleTestWithDefaultThresholdMaxsNum8;857;0;0
0-29-0;Baseline;/storage/indexdb/db_test.go/BenchmarkGet10K;367;48;2
0-29-0;Baseline;/storage/indexdb/db_test.go/BenchmarkPut;163174;852;11
0-29-0;Baseline;/storage/metricdb/db_test.go/BenchmarkPut;7284;865;5
0-29-0;Baseline;/storage/metricdb/db_test.go/BenchmarkPutX10;56911;5016;49
0-29-0;Baseline;/storage/metricdb/db_test.go/BenchmarkGet100K;95.4;0;0
0-29-0;Baseline;/util/idpool/pool_test.go/BenchmarkAllocate;150690;10;0
0-29-0;Baseline;/util/mathutil/mathutil_test.go/BenchmarkAverageNum605;841;0;0
0-29-0;Baseline;/util/mathutil/mathutil_test.go/BenchmarkStdDevNum605;860;0;0
0-29-0;Baseline;/util/trie/trie_test.go/BenchmarkPutRandKeys;8516;696;6
0-29-0;Baseline;/util/trie/trie_test.go/BenchmarkPutPrefixedKeys;5218;758;7
0-29-0;Baseline;/util/trie/trie_test.go/BenchmarkPutAndGetRandKeys;15605;1225;9
0-29-0;Baseline;/util/trie/trie_test.go/BenchmarkPutAndGetPrefixedKeys;5562;790;8
0-29-0;Baseline;/filter/filter_test.go/BenchmarkRules1KNativeBest;27416;0;0
0-29-0;Baseline;/filter/filter_test.go/BenchmarkRules1kBest;579;120;3
0-29-0;Baseline;/filter/filter_test.go/BenchmarkRules1kWorst;4034;2084;22
0-29-0;Baseline;/filter/filter_test.go/BenchmarkRules2kWorst;3675;1908;19
0-30-0;Baseline;/filter/filter_test.go/BenchmarkRules1KNativeBest;27705;0;0
0-30-0;Baseline;/filter/filter_test.go/BenchmarkRules1kBest;579;120;3
0-30-0;Baseline;/filter/filter_test.go/BenchmarkRules1kWorst;4046;2084;22
