0-0-0;Baseline;skiplist_test.go/BenchmarkT_Insert_forward;710;112;4
0-0-0;Baseline;skiplist_test.go/BenchmarkT_Insert_reverse;537;112;4
0-0-0;Baseline;skiplist_test.go/BenchmarkT_Insert_shuffle;2020;111;4
0-0-0;Baseline;skiplist_test.go/BenchmarkT_Element_forward;424;8;0
0-0-0;Baseline;skiplist_test.go/BenchmarkT_Element_reverse;420;8;0
0-0-0;Baseline;skiplist_test.go/BenchmarkT_Element_shuffle;2167;8;0
0-0-0;Baseline;skiplist_test.go/BenchmarkT_ElementN_forward;262;0;0
0-0-0;Baseline;skiplist_test.go/BenchmarkT_ElementN_reverse;277;0;0
0-0-0;Baseline;skiplist_test.go/BenchmarkT_ElementN_shuffle;1609;0;0
0-0-0;Baseline;skiplist_test.go/BenchmarkT_Remove_forward;258;8;0
0-0-0;Baseline;skiplist_test.go/BenchmarkT_Remove_reverse;422;8;0
0-0-0;Baseline;skiplist_test.go/BenchmarkT_Remove_shuffle;1927;8;0
0-0-0;Baseline;skiplist_test.go/BenchmarkT_RemoveN_head;130;0;0
0-0-0;Baseline;skiplist_test.go/BenchmarkT_RemoveN_tail;284;0;0
0-0-0;Baseline;skiplist_test.go/BenchmarkT_RemoveN_mid;466;0;0
0-1-0;Baseline;skiplist_test.go/BenchmarkT_Insert_forward;598;112;4
0-1-0;Baseline;skiplist_test.go/BenchmarkT_Insert_reverse;499;112;4
0-1-0;Baseline;skiplist_test.go/BenchmarkT_Insert_shuffle;1987;111;4
0-1-0;Baseline;skiplist_test.go/BenchmarkT_Element_forward;416;8;0
0-1-0;Baseline;skiplist_test.go/BenchmarkT_Element_reverse;420;8;0
0-1-0;Baseline;skiplist_test.go/BenchmarkT_Element_shuffle;2182;8;0
0-1-0;Baseline;skiplist_test.go/BenchmarkT_ElementN_forward;263;0;0
0-1-0;Baseline;skiplist_test.go/BenchmarkT_ElementN_reverse;279;0;0
0-1-0;Baseline;skiplist_test.go/BenchmarkT_ElementN_shuffle;1604;0;0
0-1-0;Baseline;skiplist_test.go/BenchmarkT_Remove_forward;258;8;0
0-1-0;Baseline;skiplist_test.go/BenchmarkT_Remove_reverse;424;8;0
0-1-0;Baseline;skiplist_test.go/BenchmarkT_Remove_shuffle;1922;8;0
0-1-0;Baseline;skiplist_test.go/BenchmarkT_RemoveN_head;130;0;0
0-1-0;Baseline;skiplist_test.go/BenchmarkT_RemoveN_tail;285;0;0
0-1-0;Baseline;skiplist_test.go/BenchmarkT_RemoveN_mid;466;0;0
0-2-0;Baseline;skiplist_test.go/BenchmarkT_Insert_forward;680;112;4
0-2-0;Baseline;skiplist_test.go/BenchmarkT_Insert_reverse;544;112;4
0-2-0;Baseline;skiplist_test.go/BenchmarkT_Insert_shuffle;2019;111;4
0-2-0;Baseline;skiplist_test.go/BenchmarkT_Element_forward;414;8;0
0-2-0;Baseline;skiplist_test.go/BenchmarkT_Element_reverse;420;8;0
0-2-0;Baseline;skiplist_test.go/BenchmarkT_Element_shuffle;2167;8;0
0-2-0;Baseline;skiplist_test.go/BenchmarkT_ElementN_forward;263;0;0
0-2-0;Baseline;skiplist_test.go/BenchmarkT_ElementN_reverse;279;0;0
0-2-0;Baseline;skiplist_test.go/BenchmarkT_ElementN_shuffle;1615;0;0
0-2-0;Baseline;skiplist_test.go/BenchmarkT_Remove_forward;258;8;0
0-2-0;Baseline;skiplist_test.go/BenchmarkT_Remove_reverse;422;8;0
0-2-0;Baseline;skiplist_test.go/BenchmarkT_Remove_shuffle;1923;8;0
0-2-0;Baseline;skiplist_test.go/BenchmarkT_RemoveN_head;130;0;0
0-2-0;Baseline;skiplist_test.go/BenchmarkT_RemoveN_tail;284;0;0
0-2-0;Baseline;skiplist_test.go/BenchmarkT_RemoveN_mid;471;0;0
0-3-0;Baseline;skiplist_test.go/BenchmarkT_Insert_forward;641;112;4
0-3-0;Baseline;skiplist_test.go/BenchmarkT_Insert_reverse;489;112;4
0-3-0;Baseline;skiplist_test.go/BenchmarkT_Insert_shuffle;2098;111;4
0-3-0;Baseline;skiplist_test.go/BenchmarkT_Element_forward;416;8;0
0-3-0;Baseline;skiplist_test.go/BenchmarkT_Element_reverse;423;8;0
0-3-0;Baseline;skiplist_test.go/BenchmarkT_Element_shuffle;2169;8;0
0-3-0;Baseline;skiplist_test.go/BenchmarkT_ElementN_forward;264;0;0
0-3-0;Baseline;skiplist_test.go/BenchmarkT_ElementN_reverse;280;0;0
0-3-0;Baseline;skiplist_test.go/BenchmarkT_ElementN_shuffle;1615;0;0
0-3-0;Baseline;skiplist_test.go/BenchmarkT_Remove_forward;259;8;0
0-3-0;Baseline;skiplist_test.go/BenchmarkT_Remove_reverse;422;8;0
0-3-0;Baseline;skiplist_test.go/BenchmarkT_Remove_shuffle;1932;8;0
0-3-0;Baseline;skiplist_test.go/BenchmarkT_RemoveN_head;130;0;0
0-3-0;Baseline;skiplist_test.go/BenchmarkT_RemoveN_tail;285;0;0
0-3-0;Baseline;skiplist_test.go/BenchmarkT_RemoveN_mid;468;0;0
0-4-0;Baseline;skiplist_test.go/BenchmarkT_Insert_forward;594;112;4
0-4-0;Baseline;skiplist_test.go/BenchmarkT_Insert_reverse;498;112;4
0-4-0;Baseline;skiplist_test.go/BenchmarkT_Insert_shuffle;2097;111;4
0-4-0;Baseline;skiplist_test.go/BenchmarkT_Element_forward;425;8;0
0-4-0;Baseline;skiplist_test.go/BenchmarkT_Element_reverse;420;8;0
0-4-0;Baseline;skiplist_test.go/BenchmarkT_Element_shuffle;2173;8;0
0-4-0;Baseline;skiplist_test.go/BenchmarkT_ElementN_forward;264;0;0
0-4-0;Baseline;skiplist_test.go/BenchmarkT_ElementN_reverse;279;0;0
0-4-0;Baseline;skiplist_test.go/BenchmarkT_ElementN_shuffle;1610;0;0
0-4-0;Baseline;skiplist_test.go/BenchmarkT_Remove_forward;258;8;0
0-4-0;Baseline;skiplist_test.go/BenchmarkT_Remove_reverse;424;8;0
0-4-0;Baseline;skiplist_test.go/BenchmarkT_Remove_shuffle;1916;8;0
0-4-0;Baseline;skiplist_test.go/BenchmarkT_RemoveN_head;130;0;0
0-4-0;Baseline;skiplist_test.go/BenchmarkT_RemoveN_tail;284;0;0
0-4-0;Baseline;skiplist_test.go/BenchmarkT_RemoveN_mid;471;0;0
0-5-0;Baseline;skiplist_test.go/BenchmarkT_Insert_forward;629;112;4
0-5-0;Baseline;skiplist_test.go/BenchmarkT_Insert_reverse;545;112;4
0-5-0;Baseline;skiplist_test.go/BenchmarkT_Insert_shuffle;2096;111;4
0-5-0;Baseline;skiplist_test.go/BenchmarkT_Element_forward;426;8;0
0-5-0;Baseline;skiplist_test.go/BenchmarkT_Element_reverse;421;8;0
0-5-0;Baseline;skiplist_test.go/BenchmarkT_Element_shuffle;2172;8;0
0-5-0;Baseline;skiplist_test.go/BenchmarkT_ElementN_forward;263;0;0
0-5-0;Baseline;skiplist_test.go/BenchmarkT_ElementN_reverse;279;0;0
0-5-0;Baseline;skiplist_test.go/BenchmarkT_ElementN_shuffle;1606;0;0
0-5-0;Baseline;skiplist_test.go/BenchmarkT_Remove_forward;258;8;0
0-5-0;Baseline;skiplist_test.go/BenchmarkT_Remove_reverse;422;8;0
0-5-0;Baseline;skiplist_test.go/BenchmarkT_Remove_shuffle;1927;8;0
0-5-0;Baseline;skiplist_test.go/BenchmarkT_RemoveN_head;130;0;0
0-5-0;Baseline;skiplist_test.go/BenchmarkT_RemoveN_tail;284;0;0
0-5-0;Baseline;skiplist_test.go/BenchmarkT_RemoveN_mid;468;0;0
0-6-0;Baseline;skiplist_test.go/BenchmarkT_Insert_forward;635;112;4
0-6-0;Baseline;skiplist_test.go/BenchmarkT_Insert_reverse;501;112;4
0-6-0;Baseline;skiplist_test.go/BenchmarkT_Insert_shuffle;1969;111;4
0-6-0;Baseline;skiplist_test.go/BenchmarkT_Element_forward;418;8;0
0-6-0;Baseline;skiplist_test.go/BenchmarkT_Element_reverse;423;8;0
0-6-0;Baseline;skiplist_test.go/BenchmarkT_Element_shuffle;2169;8;0
0-6-0;Baseline;skiplist_test.go/BenchmarkT_ElementN_forward;262;0;0
0-6-0;Baseline;skiplist_test.go/BenchmarkT_ElementN_reverse;280;0;0
0-6-0;Baseline;skiplist_test.go/BenchmarkT_ElementN_shuffle;1603;0;0
0-6-0;Baseline;skiplist_test.go/BenchmarkT_Remove_forward;258;8;0
0-6-0;Baseline;skiplist_test.go/BenchmarkT_Remove_reverse;423;8;0
0-6-0;Baseline;skiplist_test.go/BenchmarkT_Remove_shuffle;1923;8;0
0-6-0;Baseline;skiplist_test.go/BenchmarkT_RemoveN_head;130;0;0
0-6-0;Baseline;skiplist_test.go/BenchmarkT_RemoveN_tail;285;0;0
0-6-0;Baseline;skiplist_test.go/BenchmarkT_RemoveN_mid;470;0;0
0-7-0;Baseline;skiplist_test.go/BenchmarkT_Insert_forward;678;112;4
0-7-0;Baseline;skiplist_test.go/BenchmarkT_Insert_reverse;492;112;4
0-7-0;Baseline;skiplist_test.go/BenchmarkT_Insert_shuffle;2008;111;4
0-7-0;Baseline;skiplist_test.go/BenchmarkT_Element_forward;420;8;0
0-7-0;Baseline;skiplist_test.go/BenchmarkT_Element_reverse;427;8;0
0-7-0;Baseline;skiplist_test.go/BenchmarkT_Element_shuffle;2176;8;0
0-7-0;Baseline;skiplist_test.go/BenchmarkT_ElementN_forward;263;0;0
0-7-0;Baseline;skiplist_test.go/BenchmarkT_ElementN_reverse;279;0;0
0-7-0;Baseline;skiplist_test.go/BenchmarkT_ElementN_shuffle;1604;0;0
0-7-0;Baseline;skiplist_test.go/BenchmarkT_Remove_forward;258;8;0
0-7-0;Baseline;skiplist_test.go/BenchmarkT_Remove_reverse;422;8;0
0-7-0;Baseline;skiplist_test.go/BenchmarkT_Remove_shuffle;1939;8;0
0-7-0;Baseline;skiplist_test.go/BenchmarkT_RemoveN_head;130;0;0
0-7-0;Baseline;skiplist_test.go/BenchmarkT_RemoveN_tail;284;0;0
0-7-0;Baseline;skiplist_test.go/BenchmarkT_RemoveN_mid;471;0;0
0-8-0;Baseline;skiplist_test.go/BenchmarkT_Insert_forward;620;112;4
0-8-0;Baseline;skiplist_test.go/BenchmarkT_Insert_reverse;532;112;4
0-8-0;Baseline;skiplist_test.go/BenchmarkT_Insert_shuffle;1958;111;4
0-8-0;Baseline;skiplist_test.go/BenchmarkT_Element_forward;419;8;0
0-8-0;Baseline;skiplist_test.go/BenchmarkT_Element_reverse;417;8;0
0-8-0;Baseline;skiplist_test.go/BenchmarkT_Element_shuffle;2177;8;0
0-8-0;Baseline;skiplist_test.go/BenchmarkT_ElementN_forward;263;0;0
0-8-0;Baseline;skiplist_test.go/BenchmarkT_ElementN_reverse;279;0;0
0-8-0;Baseline;skiplist_test.go/BenchmarkT_ElementN_shuffle;1616;0;0
0-8-0;Baseline;skiplist_test.go/BenchmarkT_Remove_forward;258;8;0
0-8-0;Baseline;skiplist_test.go/BenchmarkT_Remove_reverse;425;8;0
0-8-0;Baseline;skiplist_test.go/BenchmarkT_Remove_shuffle;1923;8;0
0-8-0;Baseline;skiplist_test.go/BenchmarkT_RemoveN_head;130;0;0
0-8-0;Baseline;skiplist_test.go/BenchmarkT_RemoveN_tail;288;0;0
0-8-0;Baseline;skiplist_test.go/BenchmarkT_RemoveN_mid;468;0;0
0-9-0;Baseline;skiplist_test.go/BenchmarkT_Insert_forward;597;112;4
0-9-0;Baseline;skiplist_test.go/BenchmarkT_Insert_reverse;529;112;4
0-9-0;Baseline;skiplist_test.go/BenchmarkT_Insert_shuffle;1955;111;4
0-9-0;Baseline;skiplist_test.go/BenchmarkT_Element_forward;416;8;0
0-9-0;Baseline;skiplist_test.go/BenchmarkT_Element_reverse;423;8;0
0-9-0;Baseline;skiplist_test.go/BenchmarkT_Element_shuffle;2168;8;0
0-9-0;Baseline;skiplist_test.go/BenchmarkT_ElementN_forward;260;0;0
0-9-0;Baseline;skiplist_test.go/BenchmarkT_ElementN_reverse;278;0;0
0-9-0;Baseline;skiplist_test.go/BenchmarkT_ElementN_shuffle;1610;0;0
0-9-0;Baseline;skiplist_test.go/BenchmarkT_Remove_forward;258;8;0
0-9-0;Baseline;skiplist_test.go/BenchmarkT_Remove_reverse;424;8;0
0-9-0;Baseline;skiplist_test.go/BenchmarkT_Remove_shuffle;1940;8;0
0-9-0;Baseline;skiplist_test.go/BenchmarkT_RemoveN_head;130;0;0
0-9-0;Baseline;skiplist_test.go/BenchmarkT_RemoveN_tail;286;0;0
0-9-0;Baseline;skiplist_test.go/BenchmarkT_RemoveN_mid;464;0;0
0-10-0;Baseline;skiplist_test.go/BenchmarkT_Insert_forward;758;112;4
0-10-0;Baseline;skiplist_test.go/BenchmarkT_Insert_reverse;491;112;4
0-10-0;Baseline;skiplist_test.go/BenchmarkT_Insert_shuffle;1979;111;4
0-10-0;Baseline;skiplist_test.go/BenchmarkT_Element_forward;415;8;0
0-10-0;Baseline;skiplist_test.go/BenchmarkT_Element_reverse;417;8;0
0-10-0;Baseline;skiplist_test.go/BenchmarkT_Element_shuffle;2163;8;0
0-10-0;Baseline;skiplist_test.go/BenchmarkT_ElementN_forward;262;0;0
0-10-0;Baseline;skiplist_test.go/BenchmarkT_ElementN_reverse;279;0;0
0-10-0;Baseline;skiplist_test.go/BenchmarkT_ElementN_shuffle;1610;0;0
0-10-0;Baseline;skiplist_test.go/BenchmarkT_Remove_forward;258;8;0
0-10-0;Baseline;skiplist_test.go/BenchmarkT_Remove_reverse;421;8;0
0-10-0;Baseline;skiplist_test.go/BenchmarkT_Remove_shuffle;1918;8;0
0-10-0;Baseline;skiplist_test.go/BenchmarkT_RemoveN_head;130;0;0
0-10-0;Baseline;skiplist_test.go/BenchmarkT_RemoveN_tail;285;0;0
0-10-0;Baseline;skiplist_test.go/BenchmarkT_RemoveN_mid;469;0;0
0-11-0;Baseline;skiplist_test.go/BenchmarkT_Insert_forward;664;112;4
0-11-0;Baseline;skiplist_test.go/BenchmarkT_Insert_reverse;546;112;4
0-11-0;Baseline;skiplist_test.go/BenchmarkT_Insert_shuffle;2094;111;4
0-11-0;Baseline;skiplist_test.go/BenchmarkT_Element_forward;417;8;0
0-11-0;Baseline;skiplist_test.go/BenchmarkT_Element_reverse;417;8;0
0-11-0;Baseline;skiplist_test.go/BenchmarkT_Element_shuffle;2164;8;0
0-11-0;Baseline;skiplist_test.go/BenchmarkT_ElementN_forward;264;0;0
0-11-0;Baseline;skiplist_test.go/BenchmarkT_ElementN_reverse;279;0;0
0-11-0;Baseline;skiplist_test.go/BenchmarkT_ElementN_shuffle;1615;0;0
0-11-0;Baseline;skiplist_test.go/BenchmarkT_Remove_forward;259;8;0
0-11-0;Baseline;skiplist_test.go/BenchmarkT_Remove_reverse;421;8;0
0-11-0;Baseline;skiplist_test.go/BenchmarkT_Remove_shuffle;1935;8;0
0-11-0;Baseline;skiplist_test.go/BenchmarkT_RemoveN_head;130;0;0
0-11-0;Baseline;skiplist_test.go/BenchmarkT_RemoveN_tail;283;0;0
0-11-0;Baseline;skiplist_test.go/BenchmarkT_RemoveN_mid;467;0;0
0-12-0;Baseline;skiplist_test.go/BenchmarkT_Insert_forward;594;112;4
0-12-0;Baseline;skiplist_test.go/BenchmarkT_Insert_reverse;548;112;4
0-12-0;Baseline;skiplist_test.go/BenchmarkT_Insert_shuffle;2309;111;4
0-12-0;Baseline;skiplist_test.go/BenchmarkT_Element_forward;415;8;0
0-12-0;Baseline;skiplist_test.go/BenchmarkT_Element_reverse;419;8;0
0-12-0;Baseline;skiplist_test.go/BenchmarkT_Element_shuffle;2165;8;0
0-12-0;Baseline;skiplist_test.go/BenchmarkT_ElementN_forward;261;0;0
0-12-0;Baseline;skiplist_test.go/BenchmarkT_ElementN_reverse;276;0;0
0-12-0;Baseline;skiplist_test.go/BenchmarkT_ElementN_shuffle;1611;0;0
0-12-0;Baseline;skiplist_test.go/BenchmarkT_Remove_forward;258;8;0
0-12-0;Baseline;skiplist_test.go/BenchmarkT_Remove_reverse;423;8;0
0-12-0;Baseline;skiplist_test.go/BenchmarkT_Remove_shuffle;1930;8;0
0-12-0;Baseline;skiplist_test.go/BenchmarkT_RemoveN_head;130;0;0
0-12-0;Baseline;skiplist_test.go/BenchmarkT_RemoveN_tail;285;0;0
0-12-0;Baseline;skiplist_test.go/BenchmarkT_RemoveN_mid;469;0;0
0-13-0;Baseline;skiplist_test.go/BenchmarkT_Insert_forward;629;112;4
0-13-0;Baseline;skiplist_test.go/BenchmarkT_Insert_reverse;508;112;4
0-13-0;Baseline;skiplist_test.go/BenchmarkT_Insert_shuffle;1959;111;4
0-13-0;Baseline;skiplist_test.go/BenchmarkT_Element_forward;417;8;0
0-13-0;Baseline;skiplist_test.go/BenchmarkT_Element_reverse;427;8;0
0-13-0;Baseline;skiplist_test.go/BenchmarkT_Element_shuffle;2162;8;0
0-13-0;Baseline;skiplist_test.go/BenchmarkT_ElementN_forward;263;0;0
0-13-0;Baseline;skiplist_test.go/BenchmarkT_ElementN_reverse;279;0;0
0-13-0;Baseline;skiplist_test.go/BenchmarkT_ElementN_shuffle;1607;0;0
0-13-0;Baseline;skiplist_test.go/BenchmarkT_Remove_forward;258;8;0
0-13-0;Baseline;skiplist_test.go/BenchmarkT_Remove_reverse;425;8;0
0-13-0;Baseline;skiplist_test.go/BenchmarkT_Remove_shuffle;1932;8;0
0-13-0;Baseline;skiplist_test.go/BenchmarkT_RemoveN_head;130;0;0
0-13-0;Baseline;skiplist_test.go/BenchmarkT_RemoveN_tail;287;0;0
0-13-0;Baseline;skiplist_test.go/BenchmarkT_RemoveN_mid;472;0;0
0-14-0;Baseline;skiplist_test.go/BenchmarkT_Insert_forward;614;112;4
0-14-0;Baseline;skiplist_test.go/BenchmarkT_Insert_reverse;542;112;4
0-14-0;Baseline;skiplist_test.go/BenchmarkT_Insert_shuffle;1961;111;4
0-14-0;Baseline;skiplist_test.go/BenchmarkT_Element_forward;427;8;0
0-14-0;Baseline;skiplist_test.go/BenchmarkT_Element_reverse;418;8;0
0-14-0;Baseline;skiplist_test.go/BenchmarkT_Element_shuffle;2162;8;0
0-14-0;Baseline;skiplist_test.go/BenchmarkT_ElementN_forward;264;0;0
0-14-0;Baseline;skiplist_test.go/BenchmarkT_ElementN_reverse;279;0;0
0-14-0;Baseline;skiplist_test.go/BenchmarkT_ElementN_shuffle;1601;0;0
0-14-0;Baseline;skiplist_test.go/BenchmarkT_Remove_forward;258;8;0
0-14-0;Baseline;skiplist_test.go/BenchmarkT_Remove_reverse;424;8;0
0-14-0;Baseline;skiplist_test.go/BenchmarkT_Remove_shuffle;1932;8;0
0-14-0;Baseline;skiplist_test.go/BenchmarkT_RemoveN_head;130;0;0
0-14-0;Baseline;skiplist_test.go/BenchmarkT_RemoveN_tail;283;0;0
0-14-0;Baseline;skiplist_test.go/BenchmarkT_RemoveN_mid;464;0;0
0-15-0;Baseline;skiplist_test.go/BenchmarkT_Insert_forward;597;112;4
0-15-0;Baseline;skiplist_test.go/BenchmarkT_Insert_reverse;565;112;4
0-15-0;Baseline;skiplist_test.go/BenchmarkT_Insert_shuffle;1985;111;4
0-15-0;Baseline;skiplist_test.go/BenchmarkT_Element_forward;418;8;0
0-15-0;Baseline;skiplist_test.go/BenchmarkT_Element_reverse;417;8;0
0-15-0;Baseline;skiplist_test.go/BenchmarkT_Element_shuffle;2161;8;0
0-15-0;Baseline;skiplist_test.go/BenchmarkT_ElementN_forward;263;0;0
0-15-0;Baseline;skiplist_test.go/BenchmarkT_ElementN_reverse;278;0;0
0-15-0;Baseline;skiplist_test.go/BenchmarkT_ElementN_shuffle;1603;0;0
0-15-0;Baseline;skiplist_test.go/BenchmarkT_Remove_forward;258;8;0
0-15-0;Baseline;skiplist_test.go/BenchmarkT_Remove_reverse;424;8;0
0-15-0;Baseline;skiplist_test.go/BenchmarkT_Remove_shuffle;1922;8;0
0-15-0;Baseline;skiplist_test.go/BenchmarkT_RemoveN_head;130;0;0
0-15-0;Baseline;skiplist_test.go/BenchmarkT_RemoveN_tail;288;0;0
0-15-0;Baseline;skiplist_test.go/BenchmarkT_RemoveN_mid;470;0;0
0-16-0;Baseline;skiplist_test.go/BenchmarkT_Insert_forward;639;112;4
0-16-0;Baseline;skiplist_test.go/BenchmarkT_Insert_reverse;518;112;4
0-16-0;Baseline;skiplist_test.go/BenchmarkT_Insert_shuffle;1968;111;4
0-16-0;Baseline;skiplist_test.go/BenchmarkT_Element_forward;419;8;0
0-16-0;Baseline;skiplist_test.go/BenchmarkT_Element_reverse;417;8;0
0-16-0;Baseline;skiplist_test.go/BenchmarkT_Element_shuffle;2184;8;0
0-16-0;Baseline;skiplist_test.go/BenchmarkT_ElementN_forward;264;0;0
0-16-0;Baseline;skiplist_test.go/BenchmarkT_ElementN_reverse;279;0;0
0-16-0;Baseline;skiplist_test.go/BenchmarkT_ElementN_shuffle;1603;0;0
0-16-0;Baseline;skiplist_test.go/BenchmarkT_Remove_forward;257;8;0
0-16-0;Baseline;skiplist_test.go/BenchmarkT_Remove_reverse;426;8;0
0-16-0;Baseline;skiplist_test.go/BenchmarkT_Remove_shuffle;1929;8;0
0-16-0;Baseline;skiplist_test.go/BenchmarkT_RemoveN_head;130;0;0
0-16-0;Baseline;skiplist_test.go/BenchmarkT_RemoveN_tail;289;0;0
0-16-0;Baseline;skiplist_test.go/BenchmarkT_RemoveN_mid;468;0;0
0-17-0;Baseline;skiplist_test.go/BenchmarkT_Insert_forward;685;112;4
0-17-0;Baseline;skiplist_test.go/BenchmarkT_Insert_reverse;546;112;4
0-17-0;Baseline;skiplist_test.go/BenchmarkT_Insert_shuffle;2251;111;4
0-17-0;Baseline;skiplist_test.go/BenchmarkT_Element_forward;417;8;0
0-17-0;Baseline;skiplist_test.go/BenchmarkT_Element_reverse;416;8;0
0-17-0;Baseline;skiplist_test.go/BenchmarkT_Element_shuffle;2181;8;0
0-17-0;Baseline;skiplist_test.go/BenchmarkT_ElementN_forward;264;0;0
0-17-0;Baseline;skiplist_test.go/BenchmarkT_ElementN_reverse;278;0;0
0-17-0;Baseline;skiplist_test.go/BenchmarkT_ElementN_shuffle;1607;0;0
0-17-0;Baseline;skiplist_test.go/BenchmarkT_Remove_forward;257;8;0
0-17-0;Baseline;skiplist_test.go/BenchmarkT_Remove_reverse;423;8;0
0-17-0;Baseline;skiplist_test.go/BenchmarkT_Remove_shuffle;1932;8;0
0-17-0;Baseline;skiplist_test.go/BenchmarkT_RemoveN_head;130;0;0
0-17-0;Baseline;skiplist_test.go/BenchmarkT_RemoveN_tail;285;0;0
0-17-0;Baseline;skiplist_test.go/BenchmarkT_RemoveN_mid;469;0;0
0-18-0;Baseline;skiplist_test.go/BenchmarkT_Insert_forward;595;112;4
0-18-0;Baseline;skiplist_test.go/BenchmarkT_Insert_reverse;498;112;4
0-18-0;Baseline;skiplist_test.go/BenchmarkT_Insert_shuffle;1967;111;4
0-18-0;Baseline;skiplist_test.go/BenchmarkT_Element_forward;427;8;0
0-18-0;Baseline;skiplist_test.go/BenchmarkT_Element_reverse;420;8;0
0-18-0;Baseline;skiplist_test.go/BenchmarkT_Element_shuffle;2169;8;0
0-18-0;Baseline;skiplist_test.go/BenchmarkT_ElementN_forward;265;0;0
0-18-0;Baseline;skiplist_test.go/BenchmarkT_ElementN_reverse;278;0;0
0-18-0;Baseline;skiplist_test.go/BenchmarkT_ElementN_shuffle;1605;0;0
0-18-0;Baseline;skiplist_test.go/BenchmarkT_Remove_forward;257;8;0
0-18-0;Baseline;skiplist_test.go/BenchmarkT_Remove_reverse;422;8;0
0-18-0;Baseline;skiplist_test.go/BenchmarkT_Remove_shuffle;1926;8;0
0-18-0;Baseline;skiplist_test.go/BenchmarkT_RemoveN_head;130;0;0
0-18-0;Baseline;skiplist_test.go/BenchmarkT_RemoveN_tail;285;0;0
0-18-0;Baseline;skiplist_test.go/BenchmarkT_RemoveN_mid;475;0;0
0-19-0;Baseline;skiplist_test.go/BenchmarkT_Insert_forward;638;112;4
0-19-0;Baseline;skiplist_test.go/BenchmarkT_Insert_reverse;489;112;4
0-19-0;Baseline;skiplist_test.go/BenchmarkT_Insert_shuffle;1959;111;4
0-19-0;Baseline;skiplist_test.go/BenchmarkT_Element_forward;418;8;0
0-19-0;Baseline;skiplist_test.go/BenchmarkT_Element_reverse;416;8;0
0-19-0;Baseline;skiplist_test.go/BenchmarkT_Element_shuffle;2161;8;0
0-19-0;Baseline;skiplist_test.go/BenchmarkT_ElementN_forward;264;0;0
0-19-0;Baseline;skiplist_test.go/BenchmarkT_ElementN_reverse;277;0;0
0-19-0;Baseline;skiplist_test.go/BenchmarkT_ElementN_shuffle;1614;0;0
0-19-0;Baseline;skiplist_test.go/BenchmarkT_Remove_forward;261;8;0
0-19-0;Baseline;skiplist_test.go/BenchmarkT_Remove_reverse;421;8;0
0-19-0;Baseline;skiplist_test.go/BenchmarkT_Remove_shuffle;1935;8;0
0-19-0;Baseline;skiplist_test.go/BenchmarkT_RemoveN_head;130;0;0
0-19-0;Baseline;skiplist_test.go/BenchmarkT_RemoveN_tail;286;0;0
0-19-0;Baseline;skiplist_test.go/BenchmarkT_RemoveN_mid;471;0;0
0-20-0;Baseline;skiplist_test.go/BenchmarkT_Insert_forward;654;112;4
0-20-0;Baseline;skiplist_test.go/BenchmarkT_Insert_reverse;529;112;4
0-20-0;Baseline;skiplist_test.go/BenchmarkT_Insert_shuffle;2008;111;4
0-20-0;Baseline;skiplist_test.go/BenchmarkT_Element_forward;413;8;0
0-20-0;Baseline;skiplist_test.go/BenchmarkT_Element_reverse;420;8;0
0-20-0;Baseline;skiplist_test.go/BenchmarkT_Element_shuffle;2171;8;0
0-20-0;Baseline;skiplist_test.go/BenchmarkT_ElementN_forward;262;0;0
0-20-0;Baseline;skiplist_test.go/BenchmarkT_ElementN_reverse;276;0;0
0-20-0;Baseline;skiplist_test.go/BenchmarkT_ElementN_shuffle;1606;0;0
0-20-0;Baseline;skiplist_test.go/BenchmarkT_Remove_forward;258;8;0
0-20-0;Baseline;skiplist_test.go/BenchmarkT_Remove_reverse;424;8;0
0-20-0;Baseline;skiplist_test.go/BenchmarkT_Remove_shuffle;1921;8;0
0-20-0;Baseline;skiplist_test.go/BenchmarkT_RemoveN_head;130;0;0
0-20-0;Baseline;skiplist_test.go/BenchmarkT_RemoveN_tail;287;0;0
0-20-0;Baseline;skiplist_test.go/BenchmarkT_RemoveN_mid;469;0;0
0-21-0;Baseline;skiplist_test.go/BenchmarkT_Insert_forward;608;112;4
0-21-0;Baseline;skiplist_test.go/BenchmarkT_Insert_reverse;493;112;4
0-21-0;Baseline;skiplist_test.go/BenchmarkT_Insert_shuffle;2014;111;4
0-21-0;Baseline;skiplist_test.go/BenchmarkT_Element_forward;435;8;0
0-21-0;Baseline;skiplist_test.go/BenchmarkT_Element_reverse;423;8;0
0-21-0;Baseline;skiplist_test.go/BenchmarkT_Element_shuffle;2174;8;0
0-21-0;Baseline;skiplist_test.go/BenchmarkT_ElementN_forward;262;0;0
0-21-0;Baseline;skiplist_test.go/BenchmarkT_ElementN_reverse;279;0;0
0-21-0;Baseline;skiplist_test.go/BenchmarkT_ElementN_shuffle;1607;0;0
0-21-0;Baseline;skiplist_test.go/BenchmarkT_Remove_forward;258;8;0
0-21-0;Baseline;skiplist_test.go/BenchmarkT_Remove_reverse;421;8;0
0-21-0;Baseline;skiplist_test.go/BenchmarkT_Remove_shuffle;1925;8;0
0-21-0;Baseline;skiplist_test.go/BenchmarkT_RemoveN_head;130;0;0
0-21-0;Baseline;skiplist_test.go/BenchmarkT_RemoveN_tail;286;0;0
0-21-0;Baseline;skiplist_test.go/BenchmarkT_RemoveN_mid;470;0;0
0-22-0;Baseline;skiplist_test.go/BenchmarkT_Insert_forward;623;112;4
0-22-0;Baseline;skiplist_test.go/BenchmarkT_Insert_reverse;493;112;4
0-22-0;Baseline;skiplist_test.go/BenchmarkT_Insert_shuffle;2009;111;4
0-22-0;Baseline;skiplist_test.go/BenchmarkT_Element_forward;416;8;0
0-22-0;Baseline;skiplist_test.go/BenchmarkT_Element_reverse;420;8;0
0-22-0;Baseline;skiplist_test.go/BenchmarkT_Element_shuffle;2168;8;0
0-22-0;Baseline;skiplist_test.go/BenchmarkT_ElementN_forward;264;0;0
0-22-0;Baseline;skiplist_test.go/BenchmarkT_ElementN_reverse;284;0;0
0-22-0;Baseline;skiplist_test.go/BenchmarkT_ElementN_shuffle;1604;0;0
0-22-0;Baseline;skiplist_test.go/BenchmarkT_Remove_forward;258;8;0
0-22-0;Baseline;skiplist_test.go/BenchmarkT_Remove_reverse;418;8;0
0-22-0;Baseline;skiplist_test.go/BenchmarkT_Remove_shuffle;1926;8;0
0-22-0;Baseline;skiplist_test.go/BenchmarkT_RemoveN_head;130;0;0
0-22-0;Baseline;skiplist_test.go/BenchmarkT_RemoveN_tail;284;0;0
0-22-0;Baseline;skiplist_test.go/BenchmarkT_RemoveN_mid;467;0;0
0-23-0;Baseline;skiplist_test.go/BenchmarkT_Insert_forward;594;112;4
0-23-0;Baseline;skiplist_test.go/BenchmarkT_Insert_reverse;540;112;4
0-23-0;Baseline;skiplist_test.go/BenchmarkT_Insert_shuffle;1966;111;4
0-23-0;Baseline;skiplist_test.go/BenchmarkT_Element_forward;425;8;0
0-23-0;Baseline;skiplist_test.go/BenchmarkT_Element_reverse;418;8;0
0-23-0;Baseline;skiplist_test.go/BenchmarkT_Element_shuffle;2169;8;0
0-23-0;Baseline;skiplist_test.go/BenchmarkT_ElementN_forward;260;0;0
0-23-0;Baseline;skiplist_test.go/BenchmarkT_ElementN_reverse;278;0;0
0-23-0;Baseline;skiplist_test.go/BenchmarkT_ElementN_shuffle;1610;0;0
0-23-0;Baseline;skiplist_test.go/BenchmarkT_Remove_forward;257;8;0
0-23-0;Baseline;skiplist_test.go/BenchmarkT_Remove_reverse;422;8;0
0-23-0;Baseline;skiplist_test.go/BenchmarkT_Remove_shuffle;1921;8;0
0-23-0;Baseline;skiplist_test.go/BenchmarkT_RemoveN_head;130;0;0
0-23-0;Baseline;skiplist_test.go/BenchmarkT_RemoveN_tail;285;0;0
0-23-0;Baseline;skiplist_test.go/BenchmarkT_RemoveN_mid;469;0;0
0-24-0;Baseline;skiplist_test.go/BenchmarkT_Insert_forward;622;112;4
0-24-0;Baseline;skiplist_test.go/BenchmarkT_Insert_reverse;491;112;4
0-24-0;Baseline;skiplist_test.go/BenchmarkT_Insert_shuffle;2083;111;4
0-24-0;Baseline;skiplist_test.go/BenchmarkT_Element_forward;424;8;0
0-24-0;Baseline;skiplist_test.go/BenchmarkT_Element_reverse;417;8;0
0-24-0;Baseline;skiplist_test.go/BenchmarkT_Element_shuffle;2170;8;0
0-24-0;Baseline;skiplist_test.go/BenchmarkT_ElementN_forward;269;0;0
0-24-0;Baseline;skiplist_test.go/BenchmarkT_ElementN_reverse;278;0;0
0-24-0;Baseline;skiplist_test.go/BenchmarkT_ElementN_shuffle;1615;0;0
0-24-0;Baseline;skiplist_test.go/BenchmarkT_Remove_forward;258;8;0
0-24-0;Baseline;skiplist_test.go/BenchmarkT_Remove_reverse;424;8;0
0-24-0;Baseline;skiplist_test.go/BenchmarkT_Remove_shuffle;1932;8;0
0-24-0;Baseline;skiplist_test.go/BenchmarkT_RemoveN_head;130;0;0
0-24-0;Baseline;skiplist_test.go/BenchmarkT_RemoveN_tail;286;0;0
0-24-0;Baseline;skiplist_test.go/BenchmarkT_RemoveN_mid;472;0;0
0-25-0;Baseline;skiplist_test.go/BenchmarkT_Insert_forward;639;112;4
0-25-0;Baseline;skiplist_test.go/BenchmarkT_Insert_reverse;498;112;4
0-25-0;Baseline;skiplist_test.go/BenchmarkT_Insert_shuffle;2026;111;4
0-25-0;Baseline;skiplist_test.go/BenchmarkT_Element_forward;418;8;0
0-25-0;Baseline;skiplist_test.go/BenchmarkT_Element_reverse;417;8;0
0-25-0;Baseline;skiplist_test.go/BenchmarkT_Element_shuffle;2160;8;0
0-25-0;Baseline;skiplist_test.go/BenchmarkT_ElementN_forward;262;0;0
0-25-0;Baseline;skiplist_test.go/BenchmarkT_ElementN_reverse;277;0;0
0-25-0;Baseline;skiplist_test.go/BenchmarkT_ElementN_shuffle;1608;0;0
0-25-0;Baseline;skiplist_test.go/BenchmarkT_Remove_forward;258;8;0
0-25-0;Baseline;skiplist_test.go/BenchmarkT_Remove_reverse;425;8;0
0-25-0;Baseline;skiplist_test.go/BenchmarkT_Remove_shuffle;1931;8;0
0-25-0;Baseline;skiplist_test.go/BenchmarkT_RemoveN_head;130;0;0
0-25-0;Baseline;skiplist_test.go/BenchmarkT_RemoveN_tail;284;0;0
0-25-0;Baseline;skiplist_test.go/BenchmarkT_RemoveN_mid;471;0;0
0-26-0;Baseline;skiplist_test.go/BenchmarkT_Insert_forward;614;112;4
0-26-0;Baseline;skiplist_test.go/BenchmarkT_Insert_reverse;614;112;4
0-26-0;Baseline;skiplist_test.go/BenchmarkT_Insert_shuffle;1968;111;4
0-26-0;Baseline;skiplist_test.go/BenchmarkT_Element_forward;416;8;0
0-26-0;Baseline;skiplist_test.go/BenchmarkT_Element_reverse;418;8;0
0-26-0;Baseline;skiplist_test.go/BenchmarkT_Element_shuffle;2179;8;0
0-26-0;Baseline;skiplist_test.go/BenchmarkT_ElementN_forward;261;0;0
0-26-0;Baseline;skiplist_test.go/BenchmarkT_ElementN_reverse;283;0;0
0-26-0;Baseline;skiplist_test.go/BenchmarkT_ElementN_shuffle;1615;0;0
0-26-0;Baseline;skiplist_test.go/BenchmarkT_Remove_forward;257;8;0
0-26-0;Baseline;skiplist_test.go/BenchmarkT_Remove_reverse;423;8;0
0-26-0;Baseline;skiplist_test.go/BenchmarkT_Remove_shuffle;1928;8;0
0-26-0;Baseline;skiplist_test.go/BenchmarkT_RemoveN_head;130;0;0
0-26-0;Baseline;skiplist_test.go/BenchmarkT_RemoveN_tail;284;0;0
0-26-0;Baseline;skiplist_test.go/BenchmarkT_RemoveN_mid;468;0;0
0-27-0;Baseline;skiplist_test.go/BenchmarkT_Insert_forward;596;112;4
0-27-0;Baseline;skiplist_test.go/BenchmarkT_Insert_reverse;489;112;4
0-27-0;Baseline;skiplist_test.go/BenchmarkT_Insert_shuffle;2020;111;4
0-27-0;Baseline;skiplist_test.go/BenchmarkT_Element_forward;416;8;0
0-27-0;Baseline;skiplist_test.go/BenchmarkT_Element_reverse;421;8;0
0-27-0;Baseline;skiplist_test.go/BenchmarkT_Element_shuffle;2183;8;0
0-27-0;Baseline;skiplist_test.go/BenchmarkT_ElementN_forward;264;0;0
0-27-0;Baseline;skiplist_test.go/BenchmarkT_ElementN_reverse;280;0;0
0-27-0;Baseline;skiplist_test.go/BenchmarkT_ElementN_shuffle;1609;0;0
0-27-0;Baseline;skiplist_test.go/BenchmarkT_Remove_forward;258;8;0
0-27-0;Baseline;skiplist_test.go/BenchmarkT_Remove_reverse;424;8;0
0-27-0;Baseline;skiplist_test.go/BenchmarkT_Remove_shuffle;1933;8;0
0-27-0;Baseline;skiplist_test.go/BenchmarkT_RemoveN_head;130;0;0
0-27-0;Baseline;skiplist_test.go/BenchmarkT_RemoveN_tail;286;0;0
0-27-0;Baseline;skiplist_test.go/BenchmarkT_RemoveN_mid;463;0;0
0-28-0;Baseline;skiplist_test.go/BenchmarkT_Insert_forward;626;112;4
0-28-0;Baseline;skiplist_test.go/BenchmarkT_Insert_reverse;545;112;4
0-28-0;Baseline;skiplist_test.go/BenchmarkT_Insert_shuffle;1955;111;4
0-28-0;Baseline;skiplist_test.go/BenchmarkT_Element_forward;426;8;0
0-28-0;Baseline;skiplist_test.go/BenchmarkT_Element_reverse;419;8;0
0-28-0;Baseline;skiplist_test.go/BenchmarkT_Element_shuffle;2179;8;0
0-28-0;Baseline;skiplist_test.go/BenchmarkT_ElementN_forward;261;0;0
0-28-0;Baseline;skiplist_test.go/BenchmarkT_ElementN_reverse;280;0;0
0-28-0;Baseline;skiplist_test.go/BenchmarkT_ElementN_shuffle;1608;0;0
0-28-0;Baseline;skiplist_test.go/BenchmarkT_Remove_forward;258;8;0
0-28-0;Baseline;skiplist_test.go/BenchmarkT_Remove_reverse;424;8;0
0-28-0;Baseline;skiplist_test.go/BenchmarkT_Remove_shuffle;1932;8;0
0-28-0;Baseline;skiplist_test.go/BenchmarkT_RemoveN_head;130;0;0
0-28-0;Baseline;skiplist_test.go/BenchmarkT_RemoveN_tail;283;0;0
0-28-0;Baseline;skiplist_test.go/BenchmarkT_RemoveN_mid;471;0;0
0-29-0;Baseline;skiplist_test.go/BenchmarkT_Insert_forward;625;112;4
0-29-0;Baseline;skiplist_test.go/BenchmarkT_Insert_reverse;544;112;4
0-29-0;Baseline;skiplist_test.go/BenchmarkT_Insert_shuffle;2115;111;4
0-29-0;Baseline;skiplist_test.go/BenchmarkT_Element_forward;415;8;0
0-29-0;Baseline;skiplist_test.go/BenchmarkT_Element_reverse;417;8;0
0-29-0;Baseline;skiplist_test.go/BenchmarkT_Element_shuffle;2164;8;0
0-29-0;Baseline;skiplist_test.go/BenchmarkT_ElementN_forward;264;0;0
0-29-0;Baseline;skiplist_test.go/BenchmarkT_ElementN_reverse;278;0;0
0-29-0;Baseline;skiplist_test.go/BenchmarkT_ElementN_shuffle;1607;0;0
0-29-0;Baseline;skiplist_test.go/BenchmarkT_Remove_forward;258;8;0
0-29-0;Baseline;skiplist_test.go/BenchmarkT_Remove_reverse;425;8;0
0-29-0;Baseline;skiplist_test.go/BenchmarkT_Remove_shuffle;1926;8;0
0-29-0;Baseline;skiplist_test.go/BenchmarkT_RemoveN_head;130;0;0
0-29-0;Baseline;skiplist_test.go/BenchmarkT_RemoveN_tail;286;0;0
0-29-0;Baseline;skiplist_test.go/BenchmarkT_RemoveN_mid;467;0;0
0-30-0;Baseline;skiplist_test.go/BenchmarkT_Insert_forward;595;112;4
0-30-0;Baseline;skiplist_test.go/BenchmarkT_Insert_reverse;488;112;4
0-30-0;Baseline;skiplist_test.go/BenchmarkT_Insert_shuffle;1962;111;4
0-30-0;Baseline;skiplist_test.go/BenchmarkT_Element_forward;427;8;0
0-30-0;Baseline;skiplist_test.go/BenchmarkT_Element_reverse;420;8;0
0-30-0;Baseline;skiplist_test.go/BenchmarkT_Element_shuffle;2173;8;0
0-30-0;Baseline;skiplist_test.go/BenchmarkT_ElementN_forward;264;0;0
0-30-0;Baseline;skiplist_test.go/BenchmarkT_ElementN_reverse;278;0;0
0-30-0;Baseline;skiplist_test.go/BenchmarkT_ElementN_shuffle;1606;0;0
0-30-0;Baseline;skiplist_test.go/BenchmarkT_Remove_forward;258;8;0
0-30-0;Baseline;skiplist_test.go/BenchmarkT_Remove_reverse;422;8;0
0-30-0;Baseline;skiplist_test.go/BenchmarkT_Remove_shuffle;1935;8;0
0-30-0;Baseline;skiplist_test.go/BenchmarkT_RemoveN_head;130;0;0
0-30-0;Baseline;skiplist_test.go/BenchmarkT_RemoveN_tail;287;0;0
0-30-0;Baseline;skiplist_test.go/BenchmarkT_RemoveN_mid;471;0;0
0-31-0;Baseline;skiplist_test.go/BenchmarkT_Insert_forward;600;112;4
0-31-0;Baseline;skiplist_test.go/BenchmarkT_Insert_reverse;495;112;4
0-31-0;Baseline;skiplist_test.go/BenchmarkT_Insert_shuffle;1961;111;4
0-31-0;Baseline;skiplist_test.go/BenchmarkT_Element_forward;417;8;0
0-31-0;Baseline;skiplist_test.go/BenchmarkT_Element_reverse;420;8;0
0-31-0;Baseline;skiplist_test.go/BenchmarkT_Element_shuffle;2178;8;0
0-31-0;Baseline;skiplist_test.go/BenchmarkT_ElementN_forward;262;0;0
0-31-0;Baseline;skiplist_test.go/BenchmarkT_ElementN_reverse;278;0;0
0-31-0;Baseline;skiplist_test.go/BenchmarkT_ElementN_shuffle;1615;0;0
0-31-0;Baseline;skiplist_test.go/BenchmarkT_Remove_forward;258;8;0
0-31-0;Baseline;skiplist_test.go/BenchmarkT_Remove_reverse;421;8;0
0-31-0;Baseline;skiplist_test.go/BenchmarkT_Remove_shuffle;1927;8;0
0-31-0;Baseline;skiplist_test.go/BenchmarkT_RemoveN_head;130;0;0
0-31-0;Baseline;skiplist_test.go/BenchmarkT_RemoveN_tail;287;0;0
0-31-0;Baseline;skiplist_test.go/BenchmarkT_RemoveN_mid;464;0;0
0-32-0;Baseline;skiplist_test.go/BenchmarkT_Insert_forward;680;112;4
0-32-0;Baseline;skiplist_test.go/BenchmarkT_Insert_reverse;488;112;4
0-32-0;Baseline;skiplist_test.go/BenchmarkT_Insert_shuffle;2091;111;4
0-32-0;Baseline;skiplist_test.go/BenchmarkT_Element_forward;418;8;0
0-32-0;Baseline;skiplist_test.go/BenchmarkT_Element_reverse;420;8;0
0-32-0;Baseline;skiplist_test.go/BenchmarkT_Element_shuffle;2161;8;0
0-32-0;Baseline;skiplist_test.go/BenchmarkT_ElementN_forward;268;0;0
0-32-0;Baseline;skiplist_test.go/BenchmarkT_ElementN_reverse;278;0;0
0-32-0;Baseline;skiplist_test.go/BenchmarkT_ElementN_shuffle;1603;0;0
0-32-0;Baseline;skiplist_test.go/BenchmarkT_Remove_forward;258;8;0
0-32-0;Baseline;skiplist_test.go/BenchmarkT_Remove_reverse;423;8;0
0-32-0;Baseline;skiplist_test.go/BenchmarkT_Remove_shuffle;1921;8;0
0-32-0;Baseline;skiplist_test.go/BenchmarkT_RemoveN_head;130;0;0
0-32-0;Baseline;skiplist_test.go/BenchmarkT_RemoveN_tail;288;0;0
0-32-0;Baseline;skiplist_test.go/BenchmarkT_RemoveN_mid;469;0;0
0-33-0;Baseline;skiplist_test.go/BenchmarkT_Insert_forward;631;112;4
0-33-0;Baseline;skiplist_test.go/BenchmarkT_Insert_reverse;517;112;4
0-33-0;Baseline;skiplist_test.go/BenchmarkT_Insert_shuffle;2148;111;4
0-33-0;Baseline;skiplist_test.go/BenchmarkT_Element_forward;420;8;0
0-33-0;Baseline;skiplist_test.go/BenchmarkT_Element_reverse;416;8;0
0-33-0;Baseline;skiplist_test.go/BenchmarkT_Element_shuffle;2182;8;0
0-33-0;Baseline;skiplist_test.go/BenchmarkT_ElementN_forward;264;0;0
0-33-0;Baseline;skiplist_test.go/BenchmarkT_ElementN_reverse;276;0;0
0-33-0;Baseline;skiplist_test.go/BenchmarkT_ElementN_shuffle;1604;0;0
0-33-0;Baseline;skiplist_test.go/BenchmarkT_Remove_forward;258;8;0
0-33-0;Baseline;skiplist_test.go/BenchmarkT_Remove_reverse;422;8;0
0-33-0;Baseline;skiplist_test.go/BenchmarkT_Remove_shuffle;1921;8;0
0-33-0;Baseline;skiplist_test.go/BenchmarkT_RemoveN_head;130;0;0
0-33-0;Baseline;skiplist_test.go/BenchmarkT_RemoveN_tail;285;0;0
0-33-0;Baseline;skiplist_test.go/BenchmarkT_RemoveN_mid;473;0;0
0-34-0;Baseline;skiplist_test.go/BenchmarkT_Insert_forward;639;112;4
0-34-0;Baseline;skiplist_test.go/BenchmarkT_Insert_reverse;493;112;4
0-34-0;Baseline;skiplist_test.go/BenchmarkT_Insert_shuffle;2099;111;4
0-34-0;Baseline;skiplist_test.go/BenchmarkT_Element_forward;415;8;0
0-34-0;Baseline;skiplist_test.go/BenchmarkT_Element_reverse;419;8;0
0-34-0;Baseline;skiplist_test.go/BenchmarkT_Element_shuffle;2161;8;0
0-34-0;Baseline;skiplist_test.go/BenchmarkT_ElementN_forward;261;0;0
0-34-0;Baseline;skiplist_test.go/BenchmarkT_ElementN_reverse;281;0;0
0-34-0;Baseline;skiplist_test.go/BenchmarkT_ElementN_shuffle;1611;0;0
0-34-0;Baseline;skiplist_test.go/BenchmarkT_Remove_forward;259;8;0
0-34-0;Baseline;skiplist_test.go/BenchmarkT_Remove_reverse;425;8;0
0-34-0;Baseline;skiplist_test.go/BenchmarkT_Remove_shuffle;1924;8;0
0-34-0;Baseline;skiplist_test.go/BenchmarkT_RemoveN_head;130;0;0
0-34-0;Baseline;skiplist_test.go/BenchmarkT_RemoveN_tail;284;0;0
0-34-0;Baseline;skiplist_test.go/BenchmarkT_RemoveN_mid;469;0;0
0-35-0;Baseline;skiplist_test.go/BenchmarkT_Insert_forward;597;112;4
0-35-0;Baseline;skiplist_test.go/BenchmarkT_Insert_reverse;489;112;4
0-35-0;Baseline;skiplist_test.go/BenchmarkT_Insert_shuffle;1958;111;4
0-35-0;Baseline;skiplist_test.go/BenchmarkT_Element_forward;417;8;0
0-35-0;Baseline;skiplist_test.go/BenchmarkT_Element_reverse;422;8;0
0-35-0;Baseline;skiplist_test.go/BenchmarkT_Element_shuffle;2173;8;0
0-35-0;Baseline;skiplist_test.go/BenchmarkT_ElementN_forward;262;0;0
0-35-0;Baseline;skiplist_test.go/BenchmarkT_ElementN_reverse;277;0;0
0-35-0;Baseline;skiplist_test.go/BenchmarkT_ElementN_shuffle;1613;0;0
0-35-0;Baseline;skiplist_test.go/BenchmarkT_Remove_forward;261;8;0
0-35-0;Baseline;skiplist_test.go/BenchmarkT_Remove_reverse;424;8;0
0-35-0;Baseline;skiplist_test.go/BenchmarkT_Remove_shuffle;1924;8;0
0-35-0;Baseline;skiplist_test.go/BenchmarkT_RemoveN_head;130;0;0
0-35-0;Baseline;skiplist_test.go/BenchmarkT_RemoveN_tail;284;0;0
0-35-0;Baseline;skiplist_test.go/BenchmarkT_RemoveN_mid;470;0;0
0-36-0;Baseline;skiplist_test.go/BenchmarkT_Insert_forward;709;112;4
0-36-0;Baseline;skiplist_test.go/BenchmarkT_Insert_reverse;546;112;4
0-36-0;Baseline;skiplist_test.go/BenchmarkT_Insert_shuffle;2091;111;4
0-36-0;Baseline;skiplist_test.go/BenchmarkT_Element_forward;417;8;0
0-36-0;Baseline;skiplist_test.go/BenchmarkT_Element_reverse;421;8;0
0-36-0;Baseline;skiplist_test.go/BenchmarkT_Element_shuffle;2170;8;0
0-36-0;Baseline;skiplist_test.go/BenchmarkT_ElementN_forward;266;0;0
0-36-0;Baseline;skiplist_test.go/BenchmarkT_ElementN_reverse;282;0;0
0-36-0;Baseline;skiplist_test.go/BenchmarkT_ElementN_shuffle;1605;0;0
0-36-0;Baseline;skiplist_test.go/BenchmarkT_Remove_forward;258;8;0
0-36-0;Baseline;skiplist_test.go/BenchmarkT_Remove_reverse;422;8;0
0-36-0;Baseline;skiplist_test.go/BenchmarkT_Remove_shuffle;1928;8;0
0-36-0;Baseline;skiplist_test.go/BenchmarkT_RemoveN_head;130;0;0
0-36-0;Baseline;skiplist_test.go/BenchmarkT_RemoveN_tail;285;0;0
0-36-0;Baseline;skiplist_test.go/BenchmarkT_RemoveN_mid;466;0;0
0-37-0;Baseline;skiplist_test.go/BenchmarkT_Insert_forward;628;112;4
0-37-0;Baseline;skiplist_test.go/BenchmarkT_Insert_reverse;489;112;4
0-37-0;Baseline;skiplist_test.go/BenchmarkT_Insert_shuffle;2318;111;4
0-37-0;Baseline;skiplist_test.go/BenchmarkT_Element_forward;417;8;0
0-37-0;Baseline;skiplist_test.go/BenchmarkT_Element_reverse;420;8;0
0-37-0;Baseline;skiplist_test.go/BenchmarkT_Element_shuffle;2168;8;0
0-37-0;Baseline;skiplist_test.go/BenchmarkT_ElementN_forward;264;0;0
0-37-0;Baseline;skiplist_test.go/BenchmarkT_ElementN_reverse;279;0;0
0-37-0;Baseline;skiplist_test.go/BenchmarkT_ElementN_shuffle;1614;0;0
0-37-0;Baseline;skiplist_test.go/BenchmarkT_Remove_forward;257;8;0
0-37-0;Baseline;skiplist_test.go/BenchmarkT_Remove_reverse;427;8;0
0-37-0;Baseline;skiplist_test.go/BenchmarkT_Remove_shuffle;1930;8;0
0-37-0;Baseline;skiplist_test.go/BenchmarkT_RemoveN_head;130;0;0
0-37-0;Baseline;skiplist_test.go/BenchmarkT_RemoveN_tail;285;0;0
0-37-0;Baseline;skiplist_test.go/BenchmarkT_RemoveN_mid;464;0;0
0-38-0;Baseline;skiplist_test.go/BenchmarkT_Insert_forward;681;112;4
0-38-0;Baseline;skiplist_test.go/BenchmarkT_Insert_reverse;492;112;4
0-38-0;Baseline;skiplist_test.go/BenchmarkT_Insert_shuffle;2019;111;4
0-38-0;Baseline;skiplist_test.go/BenchmarkT_Element_forward;417;8;0
0-38-0;Baseline;skiplist_test.go/BenchmarkT_Element_reverse;423;8;0
0-38-0;Baseline;skiplist_test.go/BenchmarkT_Element_shuffle;2162;8;0
0-38-0;Baseline;skiplist_test.go/BenchmarkT_ElementN_forward;264;0;0
0-38-0;Baseline;skiplist_test.go/BenchmarkT_ElementN_reverse;278;0;0
0-38-0;Baseline;skiplist_test.go/BenchmarkT_ElementN_shuffle;1600;0;0
0-38-0;Baseline;skiplist_test.go/BenchmarkT_Remove_forward;258;8;0
0-38-0;Baseline;skiplist_test.go/BenchmarkT_Remove_reverse;418;8;0
0-38-0;Baseline;skiplist_test.go/BenchmarkT_Remove_shuffle;1933;8;0
0-38-0;Baseline;skiplist_test.go/BenchmarkT_RemoveN_head;130;0;0
0-38-0;Baseline;skiplist_test.go/BenchmarkT_RemoveN_tail;291;0;0
0-38-0;Baseline;skiplist_test.go/BenchmarkT_RemoveN_mid;469;0;0
0-39-0;Baseline;skiplist_test.go/BenchmarkT_Insert_forward;627;112;4
0-39-0;Baseline;skiplist_test.go/BenchmarkT_Insert_reverse;530;112;4
0-39-0;Baseline;skiplist_test.go/BenchmarkT_Insert_shuffle;2143;111;4
0-39-0;Baseline;skiplist_test.go/BenchmarkT_Element_forward;414;8;0
0-39-0;Baseline;skiplist_test.go/BenchmarkT_Element_reverse;419;8;0
0-39-0;Baseline;skiplist_test.go/BenchmarkT_Element_shuffle;2161;8;0
0-39-0;Baseline;skiplist_test.go/BenchmarkT_ElementN_forward;263;0;0
0-39-0;Baseline;skiplist_test.go/BenchmarkT_ElementN_reverse;278;0;0
0-39-0;Baseline;skiplist_test.go/BenchmarkT_ElementN_shuffle;1604;0;0
0-39-0;Baseline;skiplist_test.go/BenchmarkT_Remove_forward;266;8;0
0-39-0;Baseline;skiplist_test.go/BenchmarkT_Remove_reverse;425;8;0
0-39-0;Baseline;skiplist_test.go/BenchmarkT_Remove_shuffle;1924;8;0
0-39-0;Baseline;skiplist_test.go/BenchmarkT_RemoveN_head;130;0;0
0-39-0;Baseline;skiplist_test.go/BenchmarkT_RemoveN_tail;287;0;0
0-39-0;Baseline;skiplist_test.go/BenchmarkT_RemoveN_mid;472;0;0
0-40-0;Baseline;skiplist_test.go/BenchmarkT_Insert_forward;691;112;4
0-40-0;Baseline;skiplist_test.go/BenchmarkT_Insert_reverse;490;112;4
0-40-0;Baseline;skiplist_test.go/BenchmarkT_Insert_shuffle;2024;111;4
0-40-0;Baseline;skiplist_test.go/BenchmarkT_Element_forward;420;8;0
0-40-0;Baseline;skiplist_test.go/BenchmarkT_Element_reverse;421;8;0
0-40-0;Baseline;skiplist_test.go/BenchmarkT_Element_shuffle;2171;8;0
0-40-0;Baseline;skiplist_test.go/BenchmarkT_ElementN_forward;261;0;0
0-40-0;Baseline;skiplist_test.go/BenchmarkT_ElementN_reverse;279;0;0
0-40-0;Baseline;skiplist_test.go/BenchmarkT_ElementN_shuffle;1607;0;0
0-40-0;Baseline;skiplist_test.go/BenchmarkT_Remove_forward;258;8;0
0-40-0;Baseline;skiplist_test.go/BenchmarkT_Remove_reverse;423;8;0
0-40-0;Baseline;skiplist_test.go/BenchmarkT_Remove_shuffle;1922;8;0
0-40-0;Baseline;skiplist_test.go/BenchmarkT_RemoveN_head;130;0;0
0-40-0;Baseline;skiplist_test.go/BenchmarkT_RemoveN_tail;285;0;0
0-40-0;Baseline;skiplist_test.go/BenchmarkT_RemoveN_mid;468;0;0
0-41-0;Baseline;skiplist_test.go/BenchmarkT_Insert_forward;613;112;4
0-41-0;Baseline;skiplist_test.go/BenchmarkT_Insert_reverse;489;112;4
0-41-0;Baseline;skiplist_test.go/BenchmarkT_Insert_shuffle;1969;111;4
0-41-0;Baseline;skiplist_test.go/BenchmarkT_Element_forward;425;8;0
0-41-0;Baseline;skiplist_test.go/BenchmarkT_Element_reverse;416;8;0
0-41-0;Baseline;skiplist_test.go/BenchmarkT_Element_shuffle;2178;8;0
0-41-0;Baseline;skiplist_test.go/BenchmarkT_ElementN_forward;263;0;0
0-41-0;Baseline;skiplist_test.go/BenchmarkT_ElementN_reverse;279;0;0
0-41-0;Baseline;skiplist_test.go/BenchmarkT_ElementN_shuffle;1607;0;0
0-41-0;Baseline;skiplist_test.go/BenchmarkT_Remove_forward;258;8;0
0-41-0;Baseline;skiplist_test.go/BenchmarkT_Remove_reverse;424;8;0
0-41-0;Baseline;skiplist_test.go/BenchmarkT_Remove_shuffle;1929;8;0
0-41-0;Baseline;skiplist_test.go/BenchmarkT_RemoveN_head;130;0;0
0-41-0;Baseline;skiplist_test.go/BenchmarkT_RemoveN_tail;283;0;0
0-41-0;Baseline;skiplist_test.go/BenchmarkT_RemoveN_mid;469;0;0
0-42-0;Baseline;skiplist_test.go/BenchmarkT_Insert_forward;601;112;4
0-42-0;Baseline;skiplist_test.go/BenchmarkT_Insert_reverse;488;112;4
0-42-0;Baseline;skiplist_test.go/BenchmarkT_Insert_shuffle;1989;111;4
0-42-0;Baseline;skiplist_test.go/BenchmarkT_Element_forward;423;8;0
0-42-0;Baseline;skiplist_test.go/BenchmarkT_Element_reverse;418;8;0
0-42-0;Baseline;skiplist_test.go/BenchmarkT_Element_shuffle;2167;8;0
0-42-0;Baseline;skiplist_test.go/BenchmarkT_ElementN_forward;262;0;0
0-42-0;Baseline;skiplist_test.go/BenchmarkT_ElementN_reverse;276;0;0
0-42-0;Baseline;skiplist_test.go/BenchmarkT_ElementN_shuffle;1614;0;0
0-42-0;Baseline;skiplist_test.go/BenchmarkT_Remove_forward;258;8;0
0-42-0;Baseline;skiplist_test.go/BenchmarkT_Remove_reverse;424;8;0
0-42-0;Baseline;skiplist_test.go/BenchmarkT_Remove_shuffle;1924;8;0
0-42-0;Baseline;skiplist_test.go/BenchmarkT_RemoveN_head;130;0;0
0-42-0;Baseline;skiplist_test.go/BenchmarkT_RemoveN_tail;283;0;0
0-42-0;Baseline;skiplist_test.go/BenchmarkT_RemoveN_mid;465;0;0
0-43-0;Baseline;skiplist_test.go/BenchmarkT_Insert_forward;622;112;4
0-43-0;Baseline;skiplist_test.go/BenchmarkT_Insert_reverse;543;112;4
0-43-0;Baseline;skiplist_test.go/BenchmarkT_Insert_shuffle;2102;111;4
0-43-0;Baseline;skiplist_test.go/BenchmarkT_Element_forward;417;8;0
0-43-0;Baseline;skiplist_test.go/BenchmarkT_Element_reverse;419;8;0
0-43-0;Baseline;skiplist_test.go/BenchmarkT_Element_shuffle;2159;8;0
0-43-0;Baseline;skiplist_test.go/BenchmarkT_ElementN_forward;267;0;0
0-43-0;Baseline;skiplist_test.go/BenchmarkT_ElementN_reverse;281;0;0
0-43-0;Baseline;skiplist_test.go/BenchmarkT_ElementN_shuffle;1603;0;0
0-43-0;Baseline;skiplist_test.go/BenchmarkT_Remove_forward;259;8;0
0-43-0;Baseline;skiplist_test.go/BenchmarkT_Remove_reverse;423;8;0
0-43-0;Baseline;skiplist_test.go/BenchmarkT_Remove_shuffle;1923;8;0
0-43-0;Baseline;skiplist_test.go/BenchmarkT_RemoveN_head;130;0;0
0-43-0;Baseline;skiplist_test.go/BenchmarkT_RemoveN_tail;284;0;0
0-43-0;Baseline;skiplist_test.go/BenchmarkT_RemoveN_mid;468;0;0
0-44-0;Baseline;skiplist_test.go/BenchmarkT_Insert_forward;593;112;4
0-44-0;Baseline;skiplist_test.go/BenchmarkT_Insert_reverse;509;112;4
0-44-0;Baseline;skiplist_test.go/BenchmarkT_Insert_shuffle;2000;111;4
0-44-0;Baseline;skiplist_test.go/BenchmarkT_Element_forward;417;8;0
0-44-0;Baseline;skiplist_test.go/BenchmarkT_Element_reverse;418;8;0
0-44-0;Baseline;skiplist_test.go/BenchmarkT_Element_shuffle;2166;8;0
0-44-0;Baseline;skiplist_test.go/BenchmarkT_ElementN_forward;261;0;0
0-44-0;Baseline;skiplist_test.go/BenchmarkT_ElementN_reverse;278;0;0
0-44-0;Baseline;skiplist_test.go/BenchmarkT_ElementN_shuffle;1614;0;0
0-44-0;Baseline;skiplist_test.go/BenchmarkT_Remove_forward;261;8;0
0-44-0;Baseline;skiplist_test.go/BenchmarkT_Remove_reverse;422;8;0
0-44-0;Baseline;skiplist_test.go/BenchmarkT_Remove_shuffle;1933;8;0
0-44-0;Baseline;skiplist_test.go/BenchmarkT_RemoveN_head;130;0;0
0-44-0;Baseline;skiplist_test.go/BenchmarkT_RemoveN_tail;284;0;0
0-44-0;Baseline;skiplist_test.go/BenchmarkT_RemoveN_mid;472;0;0
0-45-0;Baseline;skiplist_test.go/BenchmarkT_Insert_forward;608;112;4
0-45-0;Baseline;skiplist_test.go/BenchmarkT_Insert_reverse;521;112;4
0-45-0;Baseline;skiplist_test.go/BenchmarkT_Insert_shuffle;1996;111;4
0-45-0;Baseline;skiplist_test.go/BenchmarkT_Element_forward;417;8;0
0-45-0;Baseline;skiplist_test.go/BenchmarkT_Element_reverse;420;8;0
0-45-0;Baseline;skiplist_test.go/BenchmarkT_Element_shuffle;2171;8;0
0-45-0;Baseline;skiplist_test.go/BenchmarkT_ElementN_forward;266;0;0
0-45-0;Baseline;skiplist_test.go/BenchmarkT_ElementN_reverse;279;0;0
0-45-0;Baseline;skiplist_test.go/BenchmarkT_ElementN_shuffle;1602;0;0
0-45-0;Baseline;skiplist_test.go/BenchmarkT_Remove_forward;258;8;0
0-45-0;Baseline;skiplist_test.go/BenchmarkT_Remove_reverse;424;8;0
0-45-0;Baseline;skiplist_test.go/BenchmarkT_Remove_shuffle;1932;8;0
0-45-0;Baseline;skiplist_test.go/BenchmarkT_RemoveN_head;130;0;0
0-45-0;Baseline;skiplist_test.go/BenchmarkT_RemoveN_tail;286;0;0
0-45-0;Baseline;skiplist_test.go/BenchmarkT_RemoveN_mid;469;0;0
0-46-0;Baseline;skiplist_test.go/BenchmarkT_Insert_forward;680;112;4
0-46-0;Baseline;skiplist_test.go/BenchmarkT_Insert_reverse;546;112;4
0-46-0;Baseline;skiplist_test.go/BenchmarkT_Insert_shuffle;1961;111;4
0-46-0;Baseline;skiplist_test.go/BenchmarkT_Element_forward;425;8;0
0-46-0;Baseline;skiplist_test.go/BenchmarkT_Element_reverse;418;8;0
0-46-0;Baseline;skiplist_test.go/BenchmarkT_Element_shuffle;2179;8;0
0-46-0;Baseline;skiplist_test.go/BenchmarkT_ElementN_forward;261;0;0
0-46-0;Baseline;skiplist_test.go/BenchmarkT_ElementN_reverse;278;0;0
0-46-0;Baseline;skiplist_test.go/BenchmarkT_ElementN_shuffle;1611;0;0
0-46-0;Baseline;skiplist_test.go/BenchmarkT_Remove_forward;258;8;0
0-46-0;Baseline;skiplist_test.go/BenchmarkT_Remove_reverse;423;8;0
0-46-0;Baseline;skiplist_test.go/BenchmarkT_Remove_shuffle;1931;8;0
0-46-0;Baseline;skiplist_test.go/BenchmarkT_RemoveN_head;130;0;0
0-46-0;Baseline;skiplist_test.go/BenchmarkT_RemoveN_tail;285;0;0
0-46-0;Baseline;skiplist_test.go/BenchmarkT_RemoveN_mid;467;0;0
0-47-0;Baseline;skiplist_test.go/BenchmarkT_Insert_forward;627;112;4
0-47-0;Baseline;skiplist_test.go/BenchmarkT_Insert_reverse;545;112;4
0-47-0;Baseline;skiplist_test.go/BenchmarkT_Insert_shuffle;1961;111;4
0-47-0;Baseline;skiplist_test.go/BenchmarkT_Element_forward;419;8;0
0-47-0;Baseline;skiplist_test.go/BenchmarkT_Element_reverse;423;8;0
0-47-0;Baseline;skiplist_test.go/BenchmarkT_Element_shuffle;2165;8;0
0-47-0;Baseline;skiplist_test.go/BenchmarkT_ElementN_forward;265;0;0
0-47-0;Baseline;skiplist_test.go/BenchmarkT_ElementN_reverse;280;0;0
0-47-0;Baseline;skiplist_test.go/BenchmarkT_ElementN_shuffle;1613;0;0
0-47-0;Baseline;skiplist_test.go/BenchmarkT_Remove_forward;258;8;0
0-47-0;Baseline;skiplist_test.go/BenchmarkT_Remove_reverse;418;8;0
0-47-0;Baseline;skiplist_test.go/BenchmarkT_Remove_shuffle;1922;8;0
0-47-0;Baseline;skiplist_test.go/BenchmarkT_RemoveN_head;130;0;0
0-47-0;Baseline;skiplist_test.go/BenchmarkT_RemoveN_tail;285;0;0
0-47-0;Baseline;skiplist_test.go/BenchmarkT_RemoveN_mid;468;0;0
0-48-0;Baseline;skiplist_test.go/BenchmarkT_Insert_forward;608;112;4
0-48-0;Baseline;skiplist_test.go/BenchmarkT_Insert_reverse;490;112;4
0-48-0;Baseline;skiplist_test.go/BenchmarkT_Insert_shuffle;1961;111;4
0-48-0;Baseline;skiplist_test.go/BenchmarkT_Element_forward;416;8;0
0-48-0;Baseline;skiplist_test.go/BenchmarkT_Element_reverse;419;8;0
0-48-0;Baseline;skiplist_test.go/BenchmarkT_Element_shuffle;2163;8;0
0-48-0;Baseline;skiplist_test.go/BenchmarkT_ElementN_forward;262;0;0
0-48-0;Baseline;skiplist_test.go/BenchmarkT_ElementN_reverse;282;0;0
0-48-0;Baseline;skiplist_test.go/BenchmarkT_ElementN_shuffle;1610;0;0
0-48-0;Baseline;skiplist_test.go/BenchmarkT_Remove_forward;259;8;0
0-48-0;Baseline;skiplist_test.go/BenchmarkT_Remove_reverse;424;8;0
0-48-0;Baseline;skiplist_test.go/BenchmarkT_Remove_shuffle;1931;8;0
0-48-0;Baseline;skiplist_test.go/BenchmarkT_RemoveN_head;130;0;0
0-48-0;Baseline;skiplist_test.go/BenchmarkT_RemoveN_tail;284;0;0
0-48-0;Baseline;skiplist_test.go/BenchmarkT_RemoveN_mid;472;0;0
0-49-0;Baseline;skiplist_test.go/BenchmarkT_Insert_forward;628;112;4
0-49-0;Baseline;skiplist_test.go/BenchmarkT_Insert_reverse;501;112;4
0-49-0;Baseline;skiplist_test.go/BenchmarkT_Insert_shuffle;1957;111;4
0-49-0;Baseline;skiplist_test.go/BenchmarkT_Element_forward;416;8;0
0-49-0;Baseline;skiplist_test.go/BenchmarkT_Element_reverse;419;8;0
0-49-0;Baseline;skiplist_test.go/BenchmarkT_Element_shuffle;2173;8;0
0-49-0;Baseline;skiplist_test.go/BenchmarkT_ElementN_forward;266;0;0
0-49-0;Baseline;skiplist_test.go/BenchmarkT_ElementN_reverse;280;0;0
0-49-0;Baseline;skiplist_test.go/BenchmarkT_ElementN_shuffle;1616;0;0
0-49-0;Baseline;skiplist_test.go/BenchmarkT_Remove_forward;258;8;0
0-49-0;Baseline;skiplist_test.go/BenchmarkT_Remove_reverse;420;8;0
0-49-0;Baseline;skiplist_test.go/BenchmarkT_Remove_shuffle;1923;8;0
0-49-0;Baseline;skiplist_test.go/BenchmarkT_RemoveN_head;130;0;0
0-49-0;Baseline;skiplist_test.go/BenchmarkT_RemoveN_tail;282;0;0
0-49-0;Baseline;skiplist_test.go/BenchmarkT_RemoveN_mid;470;0;0
0-50-0;Baseline;skiplist_test.go/BenchmarkT_Insert_forward;599;112;4
0-50-0;Baseline;skiplist_test.go/BenchmarkT_Insert_reverse;488;112;4
0-50-0;Baseline;skiplist_test.go/BenchmarkT_Insert_shuffle;1997;111;4
0-50-0;Baseline;skiplist_test.go/BenchmarkT_Element_forward;419;8;0
0-50-0;Baseline;skiplist_test.go/BenchmarkT_Element_reverse;415;8;0
0-50-0;Baseline;skiplist_test.go/BenchmarkT_Element_shuffle;2181;8;0
0-50-0;Baseline;skiplist_test.go/BenchmarkT_ElementN_forward;265;0;0
0-50-0;Baseline;skiplist_test.go/BenchmarkT_ElementN_reverse;278;0;0
0-50-0;Baseline;skiplist_test.go/BenchmarkT_ElementN_shuffle;1606;0;0
0-50-0;Baseline;skiplist_test.go/BenchmarkT_Remove_forward;258;8;0
0-50-0;Baseline;skiplist_test.go/BenchmarkT_Remove_reverse;421;8;0
0-50-0;Baseline;skiplist_test.go/BenchmarkT_Remove_shuffle;1934;8;0
0-50-0;Baseline;skiplist_test.go/BenchmarkT_RemoveN_head;130;0;0
0-50-0;Baseline;skiplist_test.go/BenchmarkT_RemoveN_tail;285;0;0
0-50-0;Baseline;skiplist_test.go/BenchmarkT_RemoveN_mid;469;0;0
0-51-0;Baseline;skiplist_test.go/BenchmarkT_Insert_forward;768;112;4
0-51-0;Baseline;skiplist_test.go/BenchmarkT_Insert_reverse;544;112;4
0-51-0;Baseline;skiplist_test.go/BenchmarkT_Insert_shuffle;1963;111;4
0-51-0;Baseline;skiplist_test.go/BenchmarkT_Element_forward;429;8;0
0-51-0;Baseline;skiplist_test.go/BenchmarkT_Element_reverse;418;8;0
0-51-0;Baseline;skiplist_test.go/BenchmarkT_Element_shuffle;2179;8;0
0-51-0;Baseline;skiplist_test.go/BenchmarkT_ElementN_forward;262;0;0
0-51-0;Baseline;skiplist_test.go/BenchmarkT_ElementN_reverse;277;0;0
0-51-0;Baseline;skiplist_test.go/BenchmarkT_ElementN_shuffle;1618;0;0
0-51-0;Baseline;skiplist_test.go/BenchmarkT_Remove_forward;259;8;0
0-51-0;Baseline;skiplist_test.go/BenchmarkT_Remove_reverse;424;8;0
0-51-0;Baseline;skiplist_test.go/BenchmarkT_Remove_shuffle;1921;8;0
0-51-0;Baseline;skiplist_test.go/BenchmarkT_RemoveN_head;130;0;0
0-51-0;Baseline;skiplist_test.go/BenchmarkT_RemoveN_tail;284;0;0
0-51-0;Baseline;skiplist_test.go/BenchmarkT_RemoveN_mid;469;0;0
0-52-0;Baseline;skiplist_test.go/BenchmarkT_Insert_forward;624;112;4
0-52-0;Baseline;skiplist_test.go/BenchmarkT_Insert_reverse;554;112;4
0-52-0;Baseline;skiplist_test.go/BenchmarkT_Insert_shuffle;2124;111;4
0-52-0;Baseline;skiplist_test.go/BenchmarkT_Element_forward;416;8;0
0-52-0;Baseline;skiplist_test.go/BenchmarkT_Element_reverse;423;8;0
0-52-0;Baseline;skiplist_test.go/BenchmarkT_Element_shuffle;2161;8;0
0-52-0;Baseline;skiplist_test.go/BenchmarkT_ElementN_forward;266;0;0
0-52-0;Baseline;skiplist_test.go/BenchmarkT_ElementN_reverse;278;0;0
0-52-0;Baseline;skiplist_test.go/BenchmarkT_ElementN_shuffle;1604;0;0
0-52-0;Baseline;skiplist_test.go/BenchmarkT_Remove_forward;259;8;0
0-52-0;Baseline;skiplist_test.go/BenchmarkT_Remove_reverse;423;8;0
0-52-0;Baseline;skiplist_test.go/BenchmarkT_Remove_shuffle;1933;8;0
0-52-0;Baseline;skiplist_test.go/BenchmarkT_RemoveN_head;130;0;0
0-52-0;Baseline;skiplist_test.go/BenchmarkT_RemoveN_tail;287;0;0
0-52-0;Baseline;skiplist_test.go/BenchmarkT_RemoveN_mid;468;0;0
0-53-0;Baseline;skiplist_test.go/BenchmarkT_Insert_forward;597;112;4
0-53-0;Baseline;skiplist_test.go/BenchmarkT_Insert_reverse;550;112;4
0-53-0;Baseline;skiplist_test.go/BenchmarkT_Insert_shuffle;1987;111;4
0-53-0;Baseline;skiplist_test.go/BenchmarkT_Element_forward;415;8;0
0-53-0;Baseline;skiplist_test.go/BenchmarkT_Element_reverse;417;8;0
0-53-0;Baseline;skiplist_test.go/BenchmarkT_Element_shuffle;2160;8;0
0-53-0;Baseline;skiplist_test.go/BenchmarkT_ElementN_forward;262;0;0
0-53-0;Baseline;skiplist_test.go/BenchmarkT_ElementN_reverse;285;0;0
0-53-0;Baseline;skiplist_test.go/BenchmarkT_ElementN_shuffle;1610;0;0
0-53-0;Baseline;skiplist_test.go/BenchmarkT_Remove_forward;259;8;0
0-53-0;Baseline;skiplist_test.go/BenchmarkT_Remove_reverse;419;8;0
0-53-0;Baseline;skiplist_test.go/BenchmarkT_Remove_shuffle;1927;8;0
0-53-0;Baseline;skiplist_test.go/BenchmarkT_RemoveN_head;130;0;0
0-53-0;Baseline;skiplist_test.go/BenchmarkT_RemoveN_tail;283;0;0
0-53-0;Baseline;skiplist_test.go/BenchmarkT_RemoveN_mid;467;0;0
0-54-0;Baseline;skiplist_test.go/BenchmarkT_Insert_forward;684;112;4
0-54-0;Baseline;skiplist_test.go/BenchmarkT_Insert_reverse;488;112;4
0-54-0;Baseline;skiplist_test.go/BenchmarkT_Insert_shuffle;2010;111;4
0-54-0;Baseline;skiplist_test.go/BenchmarkT_Element_forward;418;8;0
0-54-0;Baseline;skiplist_test.go/BenchmarkT_Element_reverse;428;8;0
0-54-0;Baseline;skiplist_test.go/BenchmarkT_Element_shuffle;2175;8;0
0-54-0;Baseline;skiplist_test.go/BenchmarkT_ElementN_forward;262;0;0
0-54-0;Baseline;skiplist_test.go/BenchmarkT_ElementN_reverse;277;0;0
0-54-0;Baseline;skiplist_test.go/BenchmarkT_ElementN_shuffle;1604;0;0
0-54-0;Baseline;skiplist_test.go/BenchmarkT_Remove_forward;257;8;0
0-54-0;Baseline;skiplist_test.go/BenchmarkT_Remove_reverse;422;8;0
0-54-0;Baseline;skiplist_test.go/BenchmarkT_Remove_shuffle;1931;8;0
0-54-0;Baseline;skiplist_test.go/BenchmarkT_RemoveN_head;130;0;0
0-54-0;Baseline;skiplist_test.go/BenchmarkT_RemoveN_tail;290;0;0
0-54-0;Baseline;skiplist_test.go/BenchmarkT_RemoveN_mid;468;0;0
0-55-0;Baseline;skiplist_test.go/BenchmarkT_Insert_forward;682;112;4
0-55-0;Baseline;skiplist_test.go/BenchmarkT_Insert_reverse;489;112;4
0-55-0;Baseline;skiplist_test.go/BenchmarkT_Insert_shuffle;1976;111;4
0-55-0;Baseline;skiplist_test.go/BenchmarkT_Element_forward;431;8;0
0-55-0;Baseline;skiplist_test.go/BenchmarkT_Element_reverse;420;8;0
0-55-0;Baseline;skiplist_test.go/BenchmarkT_Element_shuffle;2171;8;0
0-55-0;Baseline;skiplist_test.go/BenchmarkT_ElementN_forward;264;0;0
0-55-0;Baseline;skiplist_test.go/BenchmarkT_ElementN_reverse;280;0;0
0-55-0;Baseline;skiplist_test.go/BenchmarkT_ElementN_shuffle;1621;0;0
0-55-0;Baseline;skiplist_test.go/BenchmarkT_Remove_forward;259;8;0
0-55-0;Baseline;skiplist_test.go/BenchmarkT_Remove_reverse;422;8;0
0-55-0;Baseline;skiplist_test.go/BenchmarkT_Remove_shuffle;1933;8;0
0-55-0;Baseline;skiplist_test.go/BenchmarkT_RemoveN_head;130;0;0
0-55-0;Baseline;skiplist_test.go/BenchmarkT_RemoveN_tail;285;0;0
0-55-0;Baseline;skiplist_test.go/BenchmarkT_RemoveN_mid;470;0;0
0-56-0;Baseline;skiplist_test.go/BenchmarkT_Insert_forward;685;112;4
0-56-0;Baseline;skiplist_test.go/BenchmarkT_Insert_reverse;491;112;4
0-56-0;Baseline;skiplist_test.go/BenchmarkT_Insert_shuffle;1956;111;4
0-56-0;Baseline;skiplist_test.go/BenchmarkT_Element_forward;415;8;0
0-56-0;Baseline;skiplist_test.go/BenchmarkT_Element_reverse;420;8;0
0-56-0;Baseline;skiplist_test.go/BenchmarkT_Element_shuffle;2173;8;0
0-56-0;Baseline;skiplist_test.go/BenchmarkT_ElementN_forward;262;0;0
0-56-0;Baseline;skiplist_test.go/BenchmarkT_ElementN_reverse;280;0;0
0-56-0;Baseline;skiplist_test.go/BenchmarkT_ElementN_shuffle;1608;0;0
0-56-0;Baseline;skiplist_test.go/BenchmarkT_Remove_forward;258;8;0
0-56-0;Baseline;skiplist_test.go/BenchmarkT_Remove_reverse;423;8;0
0-56-0;Baseline;skiplist_test.go/BenchmarkT_Remove_shuffle;1922;8;0
0-56-0;Baseline;skiplist_test.go/BenchmarkT_RemoveN_head;130;0;0
0-56-0;Baseline;skiplist_test.go/BenchmarkT_RemoveN_tail;287;0;0
0-56-0;Baseline;skiplist_test.go/BenchmarkT_RemoveN_mid;469;0;0
0-57-0;Baseline;skiplist_test.go/BenchmarkT_Insert_forward;622;112;4
0-57-0;Baseline;skiplist_test.go/BenchmarkT_Insert_reverse;631;112;4
0-57-0;Baseline;skiplist_test.go/BenchmarkT_Insert_shuffle;2026;111;4
0-57-0;Baseline;skiplist_test.go/BenchmarkT_Element_forward;429;8;0
0-57-0;Baseline;skiplist_test.go/BenchmarkT_Element_reverse;416;8;0
0-57-0;Baseline;skiplist_test.go/BenchmarkT_Element_shuffle;2164;8;0
0-57-0;Baseline;skiplist_test.go/BenchmarkT_ElementN_forward;264;0;0
0-57-0;Baseline;skiplist_test.go/BenchmarkT_ElementN_reverse;282;0;0
0-57-0;Baseline;skiplist_test.go/BenchmarkT_ElementN_shuffle;1612;0;0
0-57-0;Baseline;skiplist_test.go/BenchmarkT_Remove_forward;258;8;0
0-57-0;Baseline;skiplist_test.go/BenchmarkT_Remove_reverse;422;8;0
0-57-0;Baseline;skiplist_test.go/BenchmarkT_Remove_shuffle;1950;8;0
0-57-0;Baseline;skiplist_test.go/BenchmarkT_RemoveN_head;130;0;0
0-57-0;Baseline;skiplist_test.go/BenchmarkT_RemoveN_tail;288;0;0
0-57-0;Baseline;skiplist_test.go/BenchmarkT_RemoveN_mid;471;0;0
0-58-0;Baseline;skiplist_test.go/BenchmarkT_Insert_forward;658;112;4
0-58-0;Baseline;skiplist_test.go/BenchmarkT_Insert_reverse;489;112;4
0-58-0;Baseline;skiplist_test.go/BenchmarkT_Insert_shuffle;2055;111;4
0-58-0;Baseline;skiplist_test.go/BenchmarkT_Element_forward;417;8;0
0-58-0;Baseline;skiplist_test.go/BenchmarkT_Element_reverse;419;8;0
0-58-0;Baseline;skiplist_test.go/BenchmarkT_Element_shuffle;2164;8;0
0-58-0;Baseline;skiplist_test.go/BenchmarkT_ElementN_forward;264;0;0
0-58-0;Baseline;skiplist_test.go/BenchmarkT_ElementN_reverse;277;0;0
0-58-0;Baseline;skiplist_test.go/BenchmarkT_ElementN_shuffle;1617;0;0
0-58-0;Baseline;skiplist_test.go/BenchmarkT_Remove_forward;259;8;0
0-58-0;Baseline;skiplist_test.go/BenchmarkT_Remove_reverse;420;8;0
0-58-0;Baseline;skiplist_test.go/BenchmarkT_Remove_shuffle;1928;8;0
0-58-0;Baseline;skiplist_test.go/BenchmarkT_RemoveN_head;130;0;0
0-58-0;Baseline;skiplist_test.go/BenchmarkT_RemoveN_tail;288;0;0
0-58-0;Baseline;skiplist_test.go/BenchmarkT_RemoveN_mid;467;0;0
0-59-0;Baseline;skiplist_test.go/BenchmarkT_Insert_forward;601;112;4
0-59-0;Baseline;skiplist_test.go/BenchmarkT_Insert_reverse;488;112;4
0-59-0;Baseline;skiplist_test.go/BenchmarkT_Insert_shuffle;1982;111;4
0-59-0;Baseline;skiplist_test.go/BenchmarkT_Element_forward;416;8;0
0-59-0;Baseline;skiplist_test.go/BenchmarkT_Element_reverse;417;8;0
0-59-0;Baseline;skiplist_test.go/BenchmarkT_Element_shuffle;2167;8;0
0-59-0;Baseline;skiplist_test.go/BenchmarkT_ElementN_forward;261;0;0
0-59-0;Baseline;skiplist_test.go/BenchmarkT_ElementN_reverse;280;0;0
0-59-0;Baseline;skiplist_test.go/BenchmarkT_ElementN_shuffle;1610;0;0
0-59-0;Baseline;skiplist_test.go/BenchmarkT_Remove_forward;258;8;0
0-59-0;Baseline;skiplist_test.go/BenchmarkT_Remove_reverse;421;8;0
0-59-0;Baseline;skiplist_test.go/BenchmarkT_Remove_shuffle;1921;8;0
0-59-0;Baseline;skiplist_test.go/BenchmarkT_RemoveN_head;130;0;0
0-59-0;Baseline;skiplist_test.go/BenchmarkT_RemoveN_tail;285;0;0
0-59-0;Baseline;skiplist_test.go/BenchmarkT_RemoveN_mid;469;0;0
0-60-0;Baseline;skiplist_test.go/BenchmarkT_Insert_forward;610;112;4
0-60-0;Baseline;skiplist_test.go/BenchmarkT_Insert_reverse;627;112;4
0-60-0;Baseline;skiplist_test.go/BenchmarkT_Insert_shuffle;1997;111;4
0-60-0;Baseline;skiplist_test.go/BenchmarkT_Element_forward;416;8;0
0-60-0;Baseline;skiplist_test.go/BenchmarkT_Element_reverse;419;8;0
0-60-0;Baseline;skiplist_test.go/BenchmarkT_Element_shuffle;2175;8;0
0-60-0;Baseline;skiplist_test.go/BenchmarkT_ElementN_forward;263;0;0
0-60-0;Baseline;skiplist_test.go/BenchmarkT_ElementN_reverse;281;0;0
0-60-0;Baseline;skiplist_test.go/BenchmarkT_ElementN_shuffle;1607;0;0
0-60-0;Baseline;skiplist_test.go/BenchmarkT_Remove_forward;258;8;0
0-60-0;Baseline;skiplist_test.go/BenchmarkT_Remove_reverse;423;8;0
0-60-0;Baseline;skiplist_test.go/BenchmarkT_Remove_shuffle;1934;8;0
0-60-0;Baseline;skiplist_test.go/BenchmarkT_RemoveN_head;130;0;0
0-60-0;Baseline;skiplist_test.go/BenchmarkT_RemoveN_tail;284;0;0
0-60-0;Baseline;skiplist_test.go/BenchmarkT_RemoveN_mid;471;0;0
0-61-0;Baseline;skiplist_test.go/BenchmarkT_Insert_forward;678;112;4
0-61-0;Baseline;skiplist_test.go/BenchmarkT_Insert_reverse;488;112;4
0-61-0;Baseline;skiplist_test.go/BenchmarkT_Insert_shuffle;1962;111;4
0-61-0;Baseline;skiplist_test.go/BenchmarkT_Element_forward;425;8;0
0-61-0;Baseline;skiplist_test.go/BenchmarkT_Element_reverse;419;8;0
0-61-0;Baseline;skiplist_test.go/BenchmarkT_Element_shuffle;2161;8;0
0-61-0;Baseline;skiplist_test.go/BenchmarkT_ElementN_forward;263;0;0
0-61-0;Baseline;skiplist_test.go/BenchmarkT_ElementN_reverse;281;0;0
0-61-0;Baseline;skiplist_test.go/BenchmarkT_ElementN_shuffle;1604;0;0
0-61-0;Baseline;skiplist_test.go/BenchmarkT_Remove_forward;258;8;0
0-61-0;Baseline;skiplist_test.go/BenchmarkT_Remove_reverse;424;8;0
0-61-0;Baseline;skiplist_test.go/BenchmarkT_Remove_shuffle;1926;8;0
0-61-0;Baseline;skiplist_test.go/BenchmarkT_RemoveN_head;130;0;0
0-61-0;Baseline;skiplist_test.go/BenchmarkT_RemoveN_tail;285;0;0
0-61-0;Baseline;skiplist_test.go/BenchmarkT_RemoveN_mid;468;0;0
0-62-0;Baseline;skiplist_test.go/BenchmarkT_Insert_forward;594;112;4
0-62-0;Baseline;skiplist_test.go/BenchmarkT_Insert_reverse;490;112;4
0-62-0;Baseline;skiplist_test.go/BenchmarkT_Insert_shuffle;2014;111;4
0-62-0;Baseline;skiplist_test.go/BenchmarkT_Element_forward;417;8;0
0-62-0;Baseline;skiplist_test.go/BenchmarkT_Element_reverse;418;8;0
0-62-0;Baseline;skiplist_test.go/BenchmarkT_Element_shuffle;2182;8;0
0-62-0;Baseline;skiplist_test.go/BenchmarkT_ElementN_forward;262;0;0
0-62-0;Baseline;skiplist_test.go/BenchmarkT_ElementN_reverse;279;0;0
0-62-0;Baseline;skiplist_test.go/BenchmarkT_ElementN_shuffle;1612;0;0
0-62-0;Baseline;skiplist_test.go/BenchmarkT_Remove_forward;261;8;0
0-62-0;Baseline;skiplist_test.go/BenchmarkT_Remove_reverse;422;8;0
0-62-0;Baseline;skiplist_test.go/BenchmarkT_Remove_shuffle;1924;8;0
0-62-0;Baseline;skiplist_test.go/BenchmarkT_RemoveN_head;130;0;0
0-62-0;Baseline;skiplist_test.go/BenchmarkT_RemoveN_tail;287;0;0
0-62-0;Baseline;skiplist_test.go/BenchmarkT_RemoveN_mid;470;0;0
0-63-0;Baseline;skiplist_test.go/BenchmarkT_Insert_forward;645;112;4
0-63-0;Baseline;skiplist_test.go/BenchmarkT_Insert_reverse;626;112;4
0-63-0;Baseline;skiplist_test.go/BenchmarkT_Insert_shuffle;1966;111;4
0-63-0;Baseline;skiplist_test.go/BenchmarkT_Element_forward;422;8;0
0-63-0;Baseline;skiplist_test.go/BenchmarkT_Element_reverse;418;8;0
0-63-0;Baseline;skiplist_test.go/BenchmarkT_Element_shuffle;2169;8;0
0-63-0;Baseline;skiplist_test.go/BenchmarkT_ElementN_forward;262;0;0
0-63-0;Baseline;skiplist_test.go/BenchmarkT_ElementN_reverse;279;0;0
0-63-0;Baseline;skiplist_test.go/BenchmarkT_ElementN_shuffle;1620;0;0
0-63-0;Baseline;skiplist_test.go/BenchmarkT_Remove_forward;258;8;0
0-63-0;Baseline;skiplist_test.go/BenchmarkT_Remove_reverse;422;8;0
0-63-0;Baseline;skiplist_test.go/BenchmarkT_Remove_shuffle;1925;8;0
0-63-0;Baseline;skiplist_test.go/BenchmarkT_RemoveN_head;130;0;0
0-63-0;Baseline;skiplist_test.go/BenchmarkT_RemoveN_tail;285;0;0
0-63-0;Baseline;skiplist_test.go/BenchmarkT_RemoveN_mid;471;0;0
0-64-0;Baseline;skiplist_test.go/BenchmarkT_Insert_forward;622;112;4
0-64-0;Baseline;skiplist_test.go/BenchmarkT_Insert_reverse;489;112;4
0-64-0;Baseline;skiplist_test.go/BenchmarkT_Insert_shuffle;2022;111;4
0-64-0;Baseline;skiplist_test.go/BenchmarkT_Element_forward;419;8;0
0-64-0;Baseline;skiplist_test.go/BenchmarkT_Element_reverse;419;8;0
0-64-0;Baseline;skiplist_test.go/BenchmarkT_Element_shuffle;2163;8;0
0-64-0;Baseline;skiplist_test.go/BenchmarkT_ElementN_forward;264;0;0
0-64-0;Baseline;skiplist_test.go/BenchmarkT_ElementN_reverse;278;0;0
0-64-0;Baseline;skiplist_test.go/BenchmarkT_ElementN_shuffle;1603;0;0
0-64-0;Baseline;skiplist_test.go/BenchmarkT_Remove_forward;265;8;0
0-64-0;Baseline;skiplist_test.go/BenchmarkT_Remove_reverse;421;8;0
0-64-0;Baseline;skiplist_test.go/BenchmarkT_Remove_shuffle;1933;8;0
0-64-0;Baseline;skiplist_test.go/BenchmarkT_RemoveN_head;130;0;0
0-64-0;Baseline;skiplist_test.go/BenchmarkT_RemoveN_tail;289;0;0
0-64-0;Baseline;skiplist_test.go/BenchmarkT_RemoveN_mid;469;0;0
0-65-0;Baseline;skiplist_test.go/BenchmarkT_Insert_forward;592;112;4
0-65-0;Baseline;skiplist_test.go/BenchmarkT_Insert_reverse;573;112;4
0-65-0;Baseline;skiplist_test.go/BenchmarkT_Insert_shuffle;2127;111;4
0-65-0;Baseline;skiplist_test.go/BenchmarkT_Element_forward;425;8;0
0-65-0;Baseline;skiplist_test.go/BenchmarkT_Element_reverse;421;8;0
0-65-0;Baseline;skiplist_test.go/BenchmarkT_Element_shuffle;2174;8;0
0-65-0;Baseline;skiplist_test.go/BenchmarkT_ElementN_forward;262;0;0
0-65-0;Baseline;skiplist_test.go/BenchmarkT_ElementN_reverse;278;0;0
0-65-0;Baseline;skiplist_test.go/BenchmarkT_ElementN_shuffle;1611;0;0
0-65-0;Baseline;skiplist_test.go/BenchmarkT_Remove_forward;258;8;0
0-65-0;Baseline;skiplist_test.go/BenchmarkT_Remove_reverse;420;8;0
0-65-0;Baseline;skiplist_test.go/BenchmarkT_Remove_shuffle;1924;8;0
0-65-0;Baseline;skiplist_test.go/BenchmarkT_RemoveN_head;130;0;0
0-65-0;Baseline;skiplist_test.go/BenchmarkT_RemoveN_tail;286;0;0
0-65-0;Baseline;skiplist_test.go/BenchmarkT_RemoveN_mid;469;0;0
0-66-0;Baseline;skiplist_test.go/BenchmarkT_Insert_forward;605;112;4
0-66-0;Baseline;skiplist_test.go/BenchmarkT_Insert_reverse;489;112;4
0-66-0;Baseline;skiplist_test.go/BenchmarkT_Insert_shuffle;1953;111;4
0-66-0;Baseline;skiplist_test.go/BenchmarkT_Element_forward;419;8;0
0-66-0;Baseline;skiplist_test.go/BenchmarkT_Element_reverse;415;8;0
0-66-0;Baseline;skiplist_test.go/BenchmarkT_Element_shuffle;2167;8;0
0-66-0;Baseline;skiplist_test.go/BenchmarkT_ElementN_forward;266;0;0
0-66-0;Baseline;skiplist_test.go/BenchmarkT_ElementN_reverse;278;0;0
0-66-0;Baseline;skiplist_test.go/BenchmarkT_ElementN_shuffle;1617;0;0
0-66-0;Baseline;skiplist_test.go/BenchmarkT_Remove_forward;257;8;0
0-66-0;Baseline;skiplist_test.go/BenchmarkT_Remove_reverse;423;8;0
0-66-0;Baseline;skiplist_test.go/BenchmarkT_Remove_shuffle;1922;8;0
0-66-0;Baseline;skiplist_test.go/BenchmarkT_RemoveN_head;130;0;0
0-66-0;Baseline;skiplist_test.go/BenchmarkT_RemoveN_tail;284;0;0
0-66-0;Baseline;skiplist_test.go/BenchmarkT_RemoveN_mid;464;0;0
0-67-0;Baseline;skiplist_test.go/BenchmarkT_Insert_forward;599;112;4
0-67-0;Baseline;skiplist_test.go/BenchmarkT_Insert_reverse;504;112;4
0-67-0;Baseline;skiplist_test.go/BenchmarkT_Insert_shuffle;2023;111;4
0-67-0;Baseline;skiplist_test.go/BenchmarkT_Element_forward;425;8;0
0-67-0;Baseline;skiplist_test.go/BenchmarkT_Element_reverse;416;8;0
0-67-0;Baseline;skiplist_test.go/BenchmarkT_Element_shuffle;2176;8;0
0-67-0;Baseline;skiplist_test.go/BenchmarkT_ElementN_forward;262;0;0
0-67-0;Baseline;skiplist_test.go/BenchmarkT_ElementN_reverse;279;0;0
0-67-0;Baseline;skiplist_test.go/BenchmarkT_ElementN_shuffle;1605;0;0
0-67-0;Baseline;skiplist_test.go/BenchmarkT_Remove_forward;259;8;0
0-67-0;Baseline;skiplist_test.go/BenchmarkT_Remove_reverse;422;8;0
0-67-0;Baseline;skiplist_test.go/BenchmarkT_Remove_shuffle;1926;8;0
0-67-0;Baseline;skiplist_test.go/BenchmarkT_RemoveN_head;130;0;0
0-67-0;Baseline;skiplist_test.go/BenchmarkT_RemoveN_tail;287;0;0
0-67-0;Baseline;skiplist_test.go/BenchmarkT_RemoveN_mid;468;0;0
0-68-0;Baseline;skiplist_test.go/BenchmarkT_Insert_forward;639;112;4
0-68-0;Baseline;skiplist_test.go/BenchmarkT_Insert_reverse;544;112;4
0-68-0;Baseline;skiplist_test.go/BenchmarkT_Insert_shuffle;1965;111;4
0-68-0;Baseline;skiplist_test.go/BenchmarkT_Element_forward;417;8;0
0-68-0;Baseline;skiplist_test.go/BenchmarkT_Element_reverse;420;8;0
0-68-0;Baseline;skiplist_test.go/BenchmarkT_Element_shuffle;2160;8;0
0-68-0;Baseline;skiplist_test.go/BenchmarkT_ElementN_forward;262;0;0
0-68-0;Baseline;skiplist_test.go/BenchmarkT_ElementN_reverse;278;0;0
0-68-0;Baseline;skiplist_test.go/BenchmarkT_ElementN_shuffle;1600;0;0
0-68-0;Baseline;skiplist_test.go/BenchmarkT_Remove_forward;258;8;0
0-68-0;Baseline;skiplist_test.go/BenchmarkT_Remove_reverse;423;8;0
0-68-0;Baseline;skiplist_test.go/BenchmarkT_Remove_shuffle;1919;8;0
0-68-0;Baseline;skiplist_test.go/BenchmarkT_RemoveN_head;130;0;0
0-68-0;Baseline;skiplist_test.go/BenchmarkT_RemoveN_tail;286;0;0
0-68-0;Baseline;skiplist_test.go/BenchmarkT_RemoveN_mid;469;0;0
0-69-0;Baseline;skiplist_test.go/BenchmarkT_Insert_forward;599;112;4
0-69-0;Baseline;skiplist_test.go/BenchmarkT_Insert_reverse;493;112;4
0-69-0;Baseline;skiplist_test.go/BenchmarkT_Insert_shuffle;1956;111;4
0-69-0;Baseline;skiplist_test.go/BenchmarkT_Element_forward;417;8;0
0-69-0;Baseline;skiplist_test.go/BenchmarkT_Element_reverse;418;8;0
0-69-0;Baseline;skiplist_test.go/BenchmarkT_Element_shuffle;2156;8;0
0-69-0;Baseline;skiplist_test.go/BenchmarkT_ElementN_forward;264;0;0
0-69-0;Baseline;skiplist_test.go/BenchmarkT_ElementN_reverse;282;0;0
0-69-0;Baseline;skiplist_test.go/BenchmarkT_ElementN_shuffle;1608;0;0
0-69-0;Baseline;skiplist_test.go/BenchmarkT_Remove_forward;258;8;0
0-69-0;Baseline;skiplist_test.go/BenchmarkT_Remove_reverse;420;8;0
0-69-0;Baseline;skiplist_test.go/BenchmarkT_Remove_shuffle;1932;8;0
0-69-0;Baseline;skiplist_test.go/BenchmarkT_RemoveN_head;130;0;0
0-69-0;Baseline;skiplist_test.go/BenchmarkT_RemoveN_tail;286;0;0
0-69-0;Baseline;skiplist_test.go/BenchmarkT_RemoveN_mid;465;0;0
0-70-0;Baseline;skiplist_test.go/BenchmarkT_Insert_forward;599;112;4
0-70-0;Baseline;skiplist_test.go/BenchmarkT_Insert_reverse;488;112;4
0-70-0;Baseline;skiplist_test.go/BenchmarkT_Insert_shuffle;2017;111;4
0-70-0;Baseline;skiplist_test.go/BenchmarkT_Element_forward;414;8;0
0-70-0;Baseline;skiplist_test.go/BenchmarkT_Element_reverse;418;8;0
0-70-0;Baseline;skiplist_test.go/BenchmarkT_Element_shuffle;2165;8;0
0-70-0;Baseline;skiplist_test.go/BenchmarkT_ElementN_forward;263;0;0
0-70-0;Baseline;skiplist_test.go/BenchmarkT_ElementN_reverse;278;0;0
0-70-0;Baseline;skiplist_test.go/BenchmarkT_ElementN_shuffle;1601;0;0
0-70-0;Baseline;skiplist_test.go/BenchmarkT_Remove_forward;254;8;0
0-70-0;Baseline;skiplist_test.go/BenchmarkT_Remove_reverse;424;8;0
0-70-0;Baseline;skiplist_test.go/BenchmarkT_Remove_shuffle;1931;8;0
0-70-0;Baseline;skiplist_test.go/BenchmarkT_RemoveN_head;130;0;0
0-70-0;Baseline;skiplist_test.go/BenchmarkT_RemoveN_tail;285;0;0
0-70-0;Baseline;skiplist_test.go/BenchmarkT_RemoveN_mid;468;0;0
0-71-0;Baseline;skiplist_test.go/BenchmarkT_Insert_forward;676;112;4
0-71-0;Baseline;skiplist_test.go/BenchmarkT_Insert_reverse;491;112;4
0-71-0;Baseline;skiplist_test.go/BenchmarkT_Insert_shuffle;2096;111;4
0-71-0;Baseline;skiplist_test.go/BenchmarkT_Element_forward;417;8;0
0-71-0;Baseline;skiplist_test.go/BenchmarkT_Element_reverse;420;8;0
0-71-0;Baseline;skiplist_test.go/BenchmarkT_Element_shuffle;2164;8;0
0-71-0;Baseline;skiplist_test.go/BenchmarkT_ElementN_forward;261;0;0
0-71-0;Baseline;skiplist_test.go/BenchmarkT_ElementN_reverse;278;0;0
0-71-0;Baseline;skiplist_test.go/BenchmarkT_ElementN_shuffle;1610;0;0
0-71-0;Baseline;skiplist_test.go/BenchmarkT_Remove_forward;258;8;0
0-71-0;Baseline;skiplist_test.go/BenchmarkT_Remove_reverse;422;8;0
0-71-0;Baseline;skiplist_test.go/BenchmarkT_Remove_shuffle;1933;8;0
0-71-0;Baseline;skiplist_test.go/BenchmarkT_RemoveN_head;130;0;0
0-71-0;Baseline;skiplist_test.go/BenchmarkT_RemoveN_tail;288;0;0
0-71-0;Baseline;skiplist_test.go/BenchmarkT_RemoveN_mid;467;0;0
0-72-0;Baseline;skiplist_test.go/BenchmarkT_Insert_forward;624;112;4
0-72-0;Baseline;skiplist_test.go/BenchmarkT_Insert_reverse;491;112;4
0-72-0;Baseline;skiplist_test.go/BenchmarkT_Insert_shuffle;1959;111;4
0-72-0;Baseline;skiplist_test.go/BenchmarkT_Element_forward;418;8;0
0-72-0;Baseline;skiplist_test.go/BenchmarkT_Element_reverse;421;8;0
0-72-0;Baseline;skiplist_test.go/BenchmarkT_Element_shuffle;2161;8;0
0-72-0;Baseline;skiplist_test.go/BenchmarkT_ElementN_forward;265;0;0
0-72-0;Baseline;skiplist_test.go/BenchmarkT_ElementN_reverse;282;0;0
0-72-0;Baseline;skiplist_test.go/BenchmarkT_ElementN_shuffle;1610;0;0
0-72-0;Baseline;skiplist_test.go/BenchmarkT_Remove_forward;259;8;0
0-72-0;Baseline;skiplist_test.go/BenchmarkT_Remove_reverse;417;8;0
0-72-0;Baseline;skiplist_test.go/BenchmarkT_Remove_shuffle;1924;8;0
0-72-0;Baseline;skiplist_test.go/BenchmarkT_RemoveN_head;130;0;0
0-72-0;Baseline;skiplist_test.go/BenchmarkT_RemoveN_tail;284;0;0
0-72-0;Baseline;skiplist_test.go/BenchmarkT_RemoveN_mid;472;0;0
0-73-0;Baseline;skiplist_test.go/BenchmarkT_Insert_forward;692;112;4
0-73-0;Baseline;skiplist_test.go/BenchmarkT_Insert_reverse;489;112;4
0-73-0;Baseline;skiplist_test.go/BenchmarkT_Insert_shuffle;2013;111;4
0-73-0;Baseline;skiplist_test.go/BenchmarkT_Element_forward;417;8;0
0-73-0;Baseline;skiplist_test.go/BenchmarkT_Element_reverse;420;8;0
0-73-0;Baseline;skiplist_test.go/BenchmarkT_Element_shuffle;2172;8;0
0-73-0;Baseline;skiplist_test.go/BenchmarkT_ElementN_forward;264;0;0
0-73-0;Baseline;skiplist_test.go/BenchmarkT_ElementN_reverse;280;0;0
0-73-0;Baseline;skiplist_test.go/BenchmarkT_ElementN_shuffle;1604;0;0
0-73-0;Baseline;skiplist_test.go/BenchmarkT_Remove_forward;258;8;0
0-73-0;Baseline;skiplist_test.go/BenchmarkT_Remove_reverse;420;8;0
0-73-0;Baseline;skiplist_test.go/BenchmarkT_Remove_shuffle;1922;8;0
0-73-0;Baseline;skiplist_test.go/BenchmarkT_RemoveN_head;130;0;0
0-73-0;Baseline;skiplist_test.go/BenchmarkT_RemoveN_tail;288;0;0
0-73-0;Baseline;skiplist_test.go/BenchmarkT_RemoveN_mid;470;0;0
0-74-0;Baseline;skiplist_test.go/BenchmarkT_Insert_forward;678;112;4
0-74-0;Baseline;skiplist_test.go/BenchmarkT_Insert_reverse;522;112;4
0-74-0;Baseline;skiplist_test.go/BenchmarkT_Insert_shuffle;2101;111;4
0-74-0;Baseline;skiplist_test.go/BenchmarkT_Element_forward;431;8;0
0-74-0;Baseline;skiplist_test.go/BenchmarkT_Element_reverse;417;8;0
0-74-0;Baseline;skiplist_test.go/BenchmarkT_Element_shuffle;2161;8;0
0-74-0;Baseline;skiplist_test.go/BenchmarkT_ElementN_forward;260;0;0
0-74-0;Baseline;skiplist_test.go/BenchmarkT_ElementN_reverse;278;0;0
0-74-0;Baseline;skiplist_test.go/BenchmarkT_ElementN_shuffle;1605;0;0
0-74-0;Baseline;skiplist_test.go/BenchmarkT_Remove_forward;259;8;0
0-74-0;Baseline;skiplist_test.go/BenchmarkT_Remove_reverse;423;8;0
0-74-0;Baseline;skiplist_test.go/BenchmarkT_Remove_shuffle;1931;8;0
0-74-0;Baseline;skiplist_test.go/BenchmarkT_RemoveN_head;130;0;0
0-74-0;Baseline;skiplist_test.go/BenchmarkT_RemoveN_tail;284;0;0
0-74-0;Baseline;skiplist_test.go/BenchmarkT_RemoveN_mid;467;0;0
0-75-0;Baseline;skiplist_test.go/BenchmarkT_Insert_forward;689;112;4
0-75-0;Baseline;skiplist_test.go/BenchmarkT_Insert_reverse;546;112;4
0-75-0;Baseline;skiplist_test.go/BenchmarkT_Insert_shuffle;2148;111;4
0-75-0;Baseline;skiplist_test.go/BenchmarkT_Element_forward;427;8;0
0-75-0;Baseline;skiplist_test.go/BenchmarkT_Element_reverse;418;8;0
