0-0-0;Baseline;/libcentrifugo/engine/enginememory/engine_test.go/BenchmarkPublish;426;112;2
0-0-0;Baseline;/libcentrifugo/engine/enginememory/engine_test.go/BenchmarkPublishWithHistory;1729;1165;5
0-0-0;Baseline;/libcentrifugo/engine/enginememory/engine_test.go/BenchmarkOpAddPresence;154;0;0
0-0-0;Baseline;/libcentrifugo/engine/enginememory/engine_test.go/BenchmarkOpAddPresenceParallel;528;0;0
0-0-0;Baseline;/libcentrifugo/engine/enginememory/engine_test.go/BenchmarkOpPresence;715;944;2
0-0-0;Baseline;/libcentrifugo/engine/enginememory/engine_test.go/BenchmarkOpPresenceParallel;256;944;2
0-0-0;Baseline;/libcentrifugo/engine/enginememory/engine_test.go/BenchmarkOpHistory;168;0;0
0-0-0;Baseline;/libcentrifugo/engine/enginememory/engine_test.go/BenchmarkOpHistoryParallel;104;0;0
0-0-0;Baseline;/libcentrifugo/engine/engineredis/engine_test.go/BenchmarkConsistentIndex;181;23;2
0-0-0;Baseline;/libcentrifugo/engine/engineredis/engine_test.go/BenchmarkIndex;158;23;2
0-0-0;Baseline;/libcentrifugo/integration/integration_test.go/BenchmarkPubSubMessageReceive;1437;317;5
0-0-0;Baseline;/libcentrifugo/integration/integration_test.go/BenchmarkClientMsg;1222;235;2
0-0-0;Baseline;/libcentrifugo/integration/integration_test.go/BenchmarkEngineMessageUnmarshal;177;71;3
0-0-0;Baseline;/libcentrifugo/integration/integration_test.go/BenchmarkReceiveBroadcast;4789822;17929;201
0-0-0;Baseline;/libcentrifugo/integration/integration_test.go/BenchmarkAPIRequestPublish;9616;2782;30
0-0-0;Baseline;/libcentrifugo/integration/integration_test.go/BenchmarkAPIRequestPublishParallel;4245;2784;30
0-0-0;Baseline;/libcentrifugo/integration/integration_test.go/BenchmarkAPIRequestPublishMany;7793498;2261420;18050
0-0-0;Baseline;/libcentrifugo/integration/integration_test.go/BenchmarkAPIRequestPublishManyParallel;3555411;2261057;18050
0-0-0;Baseline;/libcentrifugo/integration/integration_test.go/BenchmarkAPIRequestBroadcast;3097994;1396570;9050
0-0-0;Baseline;/libcentrifugo/integration/integration_test.go/BenchmarkAPIRequestBroadcastMany;32777128;14298152;93036
0-0-0;Baseline;/libcentrifugo/metrics/hdrhistogram_test.go/BenchmarkRegistryRecording;66.4;0;0
0-0-0;Baseline;/libcentrifugo/metrics/hdrhistogram_test.go/BenchmarkRegistryRecordingParallel;296;0;0
0-0-0;Baseline;/libcentrifugo/metrics/metrics_test.go/BenchmarkAtomicCounterNoPad;439;0;0
0-0-0;Baseline;/libcentrifugo/metrics/metrics_test.go/BenchmarkAtomicCounterWithPad;312;0;0
0-0-0;Baseline;/libcentrifugo/node/node_test.go/BenchmarkNamespaceKey;24.7;0;0
0-0-0;Baseline;/libcentrifugo/proto/message_test.go/BenchmarkClientResponseMarshalJSON;1672;456;5
0-0-0;Baseline;/libcentrifugo/proto/message_test.go/BenchmarkClientResponseMarshalManual;282;96;1
0-0-0;Baseline;/libcentrifugo/proto/message_test.go/BenchmarkMsgMarshalJSON;1109;312;4
0-0-0;Baseline;/libcentrifugo/proto/message_test.go/BenchmarkMsgMarshalGogoprotobuf;106;48;1
0-0-0;Baseline;/libcentrifugo/queue/queue_test.go/BenchmarkQueueAdd;582;93;2
0-0-0;Baseline;/libcentrifugo/queue/queue_test.go/BenchmarkQueueAddConsume;3848464;1083283;20307
0-0-0;Baseline;/libcentrifugo/conns/hubs_test.go/BenchmarkSubHubBroadCast;745;402;5
0-1-0;Baseline;/libcentrifugo/queue/queue_test.go/BenchmarkQueueAdd;410;93;2
0-1-0;Baseline;/libcentrifugo/queue/queue_test.go/BenchmarkQueueAddConsume;3845862;1079981;20304
0-1-0;Baseline;/libcentrifugo/conns/hubs_test.go/BenchmarkSubHubBroadCast;817;402;5
0-1-0;Baseline;/libcentrifugo/engine/enginememory/engine_test.go/BenchmarkPublish;425;112;2
0-1-0;Baseline;/libcentrifugo/engine/enginememory/engine_test.go/BenchmarkPublishWithHistory;1762;1165;5
0-1-0;Baseline;/libcentrifugo/engine/enginememory/engine_test.go/BenchmarkOpAddPresence;154;0;0
0-1-0;Baseline;/libcentrifugo/engine/enginememory/engine_test.go/BenchmarkOpAddPresenceParallel;529;0;0
0-1-0;Baseline;/libcentrifugo/engine/enginememory/engine_test.go/BenchmarkOpPresence;715;944;2
0-1-0;Baseline;/libcentrifugo/engine/enginememory/engine_test.go/BenchmarkOpPresenceParallel;259;944;2
0-1-0;Baseline;/libcentrifugo/engine/enginememory/engine_test.go/BenchmarkOpHistory;166;0;0
0-1-0;Baseline;/libcentrifugo/engine/enginememory/engine_test.go/BenchmarkOpHistoryParallel;104;0;0
0-1-0;Baseline;/libcentrifugo/engine/engineredis/engine_test.go/BenchmarkConsistentIndex;181;24;2
0-1-0;Baseline;/libcentrifugo/engine/engineredis/engine_test.go/BenchmarkIndex;159;24;2
0-1-0;Baseline;/libcentrifugo/integration/integration_test.go/BenchmarkPubSubMessageReceive;1445;318;5
0-1-0;Baseline;/libcentrifugo/integration/integration_test.go/BenchmarkClientMsg;1240;236;2
0-1-0;Baseline;/libcentrifugo/integration/integration_test.go/BenchmarkEngineMessageUnmarshal;177;71;3
0-1-0;Baseline;/libcentrifugo/integration/integration_test.go/BenchmarkReceiveBroadcast;4725022;16171;201
0-1-0;Baseline;/libcentrifugo/integration/integration_test.go/BenchmarkAPIRequestPublish;9742;2782;30
0-1-0;Baseline;/libcentrifugo/integration/integration_test.go/BenchmarkAPIRequestPublishParallel;4267;2784;30
0-1-0;Baseline;/libcentrifugo/integration/integration_test.go/BenchmarkAPIRequestPublishMany;7789714;2261421;18050
0-1-0;Baseline;/libcentrifugo/integration/integration_test.go/BenchmarkAPIRequestPublishManyParallel;3522219;2261058;18050
0-1-0;Baseline;/libcentrifugo/integration/integration_test.go/BenchmarkAPIRequestBroadcast;2999967;1396565;9050
0-1-0;Baseline;/libcentrifugo/integration/integration_test.go/BenchmarkAPIRequestBroadcastMany;31892432;14298144;93036
0-1-0;Baseline;/libcentrifugo/metrics/metrics_test.go/BenchmarkAtomicCounterNoPad;438;0;0
0-1-0;Baseline;/libcentrifugo/metrics/metrics_test.go/BenchmarkAtomicCounterWithPad;312;0;0
0-1-0;Baseline;/libcentrifugo/metrics/hdrhistogram_test.go/BenchmarkRegistryRecording;66.5;0;0
0-1-0;Baseline;/libcentrifugo/metrics/hdrhistogram_test.go/BenchmarkRegistryRecordingParallel;293;0;0
0-1-0;Baseline;/libcentrifugo/node/node_test.go/BenchmarkNamespaceKey;24.7;0;0
0-1-0;Baseline;/libcentrifugo/proto/message_test.go/BenchmarkClientResponseMarshalJSON;1673;456;5
0-1-0;Baseline;/libcentrifugo/proto/message_test.go/BenchmarkClientResponseMarshalManual;283;96;1
0-1-0;Baseline;/libcentrifugo/proto/message_test.go/BenchmarkMsgMarshalJSON;1109;312;4
0-1-0;Baseline;/libcentrifugo/proto/message_test.go/BenchmarkMsgMarshalGogoprotobuf;106;48;1
0-2-0;Baseline;/libcentrifugo/integration/integration_test.go/BenchmarkPubSubMessageReceive;1457;318;5
0-2-0;Baseline;/libcentrifugo/integration/integration_test.go/BenchmarkClientMsg;1225;235;2
0-2-0;Baseline;/libcentrifugo/integration/integration_test.go/BenchmarkEngineMessageUnmarshal;177;71;3
0-2-0;Baseline;/libcentrifugo/integration/integration_test.go/BenchmarkReceiveBroadcast;4776116;26009;201
0-2-0;Baseline;/libcentrifugo/integration/integration_test.go/BenchmarkAPIRequestPublish;9717;2782;30
0-2-0;Baseline;/libcentrifugo/integration/integration_test.go/BenchmarkAPIRequestPublishParallel;4267;2784;30
0-2-0;Baseline;/libcentrifugo/integration/integration_test.go/BenchmarkAPIRequestPublishMany;7715065;2261420;18050
0-2-0;Baseline;/libcentrifugo/integration/integration_test.go/BenchmarkAPIRequestPublishManyParallel;3506664;2261054;18050
0-2-0;Baseline;/libcentrifugo/integration/integration_test.go/BenchmarkAPIRequestBroadcast;2996138;1396571;9050
0-2-0;Baseline;/libcentrifugo/integration/integration_test.go/BenchmarkAPIRequestBroadcastMany;32781350;14298212;93036
0-2-0;Baseline;/libcentrifugo/metrics/hdrhistogram_test.go/BenchmarkRegistryRecording;66.4;0;0
0-2-0;Baseline;/libcentrifugo/metrics/hdrhistogram_test.go/BenchmarkRegistryRecordingParallel;295;0;0
0-2-0;Baseline;/libcentrifugo/metrics/metrics_test.go/BenchmarkAtomicCounterNoPad;439;0;0
0-2-0;Baseline;/libcentrifugo/metrics/metrics_test.go/BenchmarkAtomicCounterWithPad;311;0;0
0-2-0;Baseline;/libcentrifugo/node/node_test.go/BenchmarkNamespaceKey;24.7;0;0
0-2-0;Baseline;/libcentrifugo/proto/message_test.go/BenchmarkClientResponseMarshalJSON;1674;456;5
0-2-0;Baseline;/libcentrifugo/proto/message_test.go/BenchmarkClientResponseMarshalManual;283;96;1
0-2-0;Baseline;/libcentrifugo/proto/message_test.go/BenchmarkMsgMarshalJSON;1110;312;4
0-2-0;Baseline;/libcentrifugo/proto/message_test.go/BenchmarkMsgMarshalGogoprotobuf;106;48;1
0-2-0;Baseline;/libcentrifugo/queue/queue_test.go/BenchmarkQueueAdd;488;84;2
0-2-0;Baseline;/libcentrifugo/queue/queue_test.go/BenchmarkQueueAddConsume;3833036;1082687;20308
0-2-0;Baseline;/libcentrifugo/conns/hubs_test.go/BenchmarkSubHubBroadCast;738;346;5
0-2-0;Baseline;/libcentrifugo/engine/enginememory/engine_test.go/BenchmarkPublish;425;112;2
0-2-0;Baseline;/libcentrifugo/engine/enginememory/engine_test.go/BenchmarkPublishWithHistory;1720;1165;5
0-2-0;Baseline;/libcentrifugo/engine/enginememory/engine_test.go/BenchmarkOpAddPresence;154;0;0
0-2-0;Baseline;/libcentrifugo/engine/enginememory/engine_test.go/BenchmarkOpAddPresenceParallel;531;0;0
0-2-0;Baseline;/libcentrifugo/engine/enginememory/engine_test.go/BenchmarkOpPresence;718;944;2
0-2-0;Baseline;/libcentrifugo/engine/enginememory/engine_test.go/BenchmarkOpPresenceParallel;257;944;2
0-2-0;Baseline;/libcentrifugo/engine/enginememory/engine_test.go/BenchmarkOpHistory;165;0;0
0-2-0;Baseline;/libcentrifugo/engine/enginememory/engine_test.go/BenchmarkOpHistoryParallel;104;0;0
0-2-0;Baseline;/libcentrifugo/engine/engineredis/engine_test.go/BenchmarkConsistentIndex;180;24;2
0-2-0;Baseline;/libcentrifugo/engine/engineredis/engine_test.go/BenchmarkIndex;158;24;2
0-3-0;Baseline;/libcentrifugo/conns/hubs_test.go/BenchmarkSubHubBroadCast;680;403;5
0-3-0;Baseline;/libcentrifugo/engine/enginememory/engine_test.go/BenchmarkPublish;427;112;2
0-3-0;Baseline;/libcentrifugo/engine/enginememory/engine_test.go/BenchmarkPublishWithHistory;1810;1165;5
0-3-0;Baseline;/libcentrifugo/engine/enginememory/engine_test.go/BenchmarkOpAddPresence;154;0;0
0-3-0;Baseline;/libcentrifugo/engine/enginememory/engine_test.go/BenchmarkOpAddPresenceParallel;526;0;0
0-3-0;Baseline;/libcentrifugo/engine/enginememory/engine_test.go/BenchmarkOpPresence;718;944;2
0-3-0;Baseline;/libcentrifugo/engine/enginememory/engine_test.go/BenchmarkOpPresenceParallel;258;944;2
0-3-0;Baseline;/libcentrifugo/engine/enginememory/engine_test.go/BenchmarkOpHistory;165;0;0
0-3-0;Baseline;/libcentrifugo/engine/enginememory/engine_test.go/BenchmarkOpHistoryParallel;104;0;0
0-3-0;Baseline;/libcentrifugo/engine/engineredis/engine_test.go/BenchmarkConsistentIndex;181;23;2
0-3-0;Baseline;/libcentrifugo/engine/engineredis/engine_test.go/BenchmarkIndex;158;24;2
0-3-0;Baseline;/libcentrifugo/integration/integration_test.go/BenchmarkPubSubMessageReceive;1430;317;5
0-3-0;Baseline;/libcentrifugo/integration/integration_test.go/BenchmarkClientMsg;1222;235;2
0-3-0;Baseline;/libcentrifugo/integration/integration_test.go/BenchmarkEngineMessageUnmarshal;177;71;3
0-3-0;Baseline;/libcentrifugo/integration/integration_test.go/BenchmarkReceiveBroadcast;4719537;29070;201
0-3-0;Baseline;/libcentrifugo/integration/integration_test.go/BenchmarkAPIRequestPublish;9710;2782;30
0-3-0;Baseline;/libcentrifugo/integration/integration_test.go/BenchmarkAPIRequestPublishParallel;4309;2784;30
0-3-0;Baseline;/libcentrifugo/integration/integration_test.go/BenchmarkAPIRequestPublishMany;7828903;2261421;18050
0-3-0;Baseline;/libcentrifugo/integration/integration_test.go/BenchmarkAPIRequestPublishManyParallel;3522949;2261056;18050
0-3-0;Baseline;/libcentrifugo/integration/integration_test.go/BenchmarkAPIRequestBroadcast;3015195;1396566;9050
0-3-0;Baseline;/libcentrifugo/integration/integration_test.go/BenchmarkAPIRequestBroadcastMany;32415236;14298150;93036
0-3-0;Baseline;/libcentrifugo/metrics/hdrhistogram_test.go/BenchmarkRegistryRecording;66.4;0;0
0-3-0;Baseline;/libcentrifugo/metrics/hdrhistogram_test.go/BenchmarkRegistryRecordingParallel;294;0;0
0-3-0;Baseline;/libcentrifugo/metrics/metrics_test.go/BenchmarkAtomicCounterNoPad;434;0;0
0-3-0;Baseline;/libcentrifugo/metrics/metrics_test.go/BenchmarkAtomicCounterWithPad;311;0;0
0-3-0;Baseline;/libcentrifugo/node/node_test.go/BenchmarkNamespaceKey;25.6;0;0
0-3-0;Baseline;/libcentrifugo/proto/message_test.go/BenchmarkClientResponseMarshalJSON;1678;456;5
0-3-0;Baseline;/libcentrifugo/proto/message_test.go/BenchmarkClientResponseMarshalManual;283;96;1
0-3-0;Baseline;/libcentrifugo/proto/message_test.go/BenchmarkMsgMarshalJSON;1109;312;4
0-3-0;Baseline;/libcentrifugo/proto/message_test.go/BenchmarkMsgMarshalGogoprotobuf;105;48;1
0-3-0;Baseline;/libcentrifugo/queue/queue_test.go/BenchmarkQueueAdd;558;93;2
0-3-0;Baseline;/libcentrifugo/queue/queue_test.go/BenchmarkQueueAddConsume;3844289;1082169;20309
0-4-0;Baseline;/libcentrifugo/engine/engineredis/engine_test.go/BenchmarkConsistentIndex;181;24;2
0-4-0;Baseline;/libcentrifugo/engine/engineredis/engine_test.go/BenchmarkIndex;158;23;2
0-4-0;Baseline;/libcentrifugo/integration/integration_test.go/BenchmarkPubSubMessageReceive;1431;317;5
0-4-0;Baseline;/libcentrifugo/integration/integration_test.go/BenchmarkClientMsg;1235;236;2
0-4-0;Baseline;/libcentrifugo/integration/integration_test.go/BenchmarkEngineMessageUnmarshal;177;71;3
0-4-0;Baseline;/libcentrifugo/integration/integration_test.go/BenchmarkReceiveBroadcast;4726849;28183;201
0-4-0;Baseline;/libcentrifugo/integration/integration_test.go/BenchmarkAPIRequestPublish;9717;2782;30
0-4-0;Baseline;/libcentrifugo/integration/integration_test.go/BenchmarkAPIRequestPublishParallel;4294;2784;30
0-4-0;Baseline;/libcentrifugo/integration/integration_test.go/BenchmarkAPIRequestPublishMany;7793939;2261420;18050
0-4-0;Baseline;/libcentrifugo/integration/integration_test.go/BenchmarkAPIRequestPublishManyParallel;3544365;2261057;18050
0-4-0;Baseline;/libcentrifugo/integration/integration_test.go/BenchmarkAPIRequestBroadcast;3000224;1396574;9050
0-4-0;Baseline;/libcentrifugo/integration/integration_test.go/BenchmarkAPIRequestBroadcastMany;31970660;14298146;93036
0-4-0;Baseline;/libcentrifugo/metrics/hdrhistogram_test.go/BenchmarkRegistryRecording;66.5;0;0
0-4-0;Baseline;/libcentrifugo/metrics/hdrhistogram_test.go/BenchmarkRegistryRecordingParallel;295;0;0
0-4-0;Baseline;/libcentrifugo/metrics/metrics_test.go/BenchmarkAtomicCounterNoPad;439;0;0
0-4-0;Baseline;/libcentrifugo/metrics/metrics_test.go/BenchmarkAtomicCounterWithPad;311;0;0
0-4-0;Baseline;/libcentrifugo/node/node_test.go/BenchmarkNamespaceKey;24.7;0;0
0-4-0;Baseline;/libcentrifugo/proto/message_test.go/BenchmarkClientResponseMarshalJSON;1674;456;5
0-4-0;Baseline;/libcentrifugo/proto/message_test.go/BenchmarkClientResponseMarshalManual;283;96;1
0-4-0;Baseline;/libcentrifugo/proto/message_test.go/BenchmarkMsgMarshalJSON;1108;312;4
0-4-0;Baseline;/libcentrifugo/proto/message_test.go/BenchmarkMsgMarshalGogoprotobuf;106;48;1
0-4-0;Baseline;/libcentrifugo/queue/queue_test.go/BenchmarkQueueAdd;536;84;2
0-4-0;Baseline;/libcentrifugo/queue/queue_test.go/BenchmarkQueueAddConsume;3862422;1081887;20297
0-4-0;Baseline;/libcentrifugo/conns/hubs_test.go/BenchmarkSubHubBroadCast;814;400;5
0-4-0;Baseline;/libcentrifugo/engine/enginememory/engine_test.go/BenchmarkPublish;425;112;2
0-4-0;Baseline;/libcentrifugo/engine/enginememory/engine_test.go/BenchmarkPublishWithHistory;1752;1165;5
0-4-0;Baseline;/libcentrifugo/engine/enginememory/engine_test.go/BenchmarkOpAddPresence;154;0;0
0-4-0;Baseline;/libcentrifugo/engine/enginememory/engine_test.go/BenchmarkOpAddPresenceParallel;534;0;0
0-4-0;Baseline;/libcentrifugo/engine/enginememory/engine_test.go/BenchmarkOpPresence;715;944;2
0-4-0;Baseline;/libcentrifugo/engine/enginememory/engine_test.go/BenchmarkOpPresenceParallel;264;944;2
0-4-0;Baseline;/libcentrifugo/engine/enginememory/engine_test.go/BenchmarkOpHistory;165;0;0
0-4-0;Baseline;/libcentrifugo/engine/enginememory/engine_test.go/BenchmarkOpHistoryParallel;103;0;0
0-5-0;Baseline;/libcentrifugo/engine/engineredis/engine_test.go/BenchmarkConsistentIndex;181;24;2
0-5-0;Baseline;/libcentrifugo/engine/engineredis/engine_test.go/BenchmarkIndex;158;24;2
0-5-0;Baseline;/libcentrifugo/integration/integration_test.go/BenchmarkPubSubMessageReceive;1435;316;5
0-5-0;Baseline;/libcentrifugo/integration/integration_test.go/BenchmarkClientMsg;1231;236;2
0-5-0;Baseline;/libcentrifugo/integration/integration_test.go/BenchmarkEngineMessageUnmarshal;176;71;3
0-5-0;Baseline;/libcentrifugo/integration/integration_test.go/BenchmarkReceiveBroadcast;4719393;34739;201
0-5-0;Baseline;/libcentrifugo/integration/integration_test.go/BenchmarkAPIRequestPublish;9691;2782;30
0-5-0;Baseline;/libcentrifugo/integration/integration_test.go/BenchmarkAPIRequestPublishParallel;4190;2784;30
0-5-0;Baseline;/libcentrifugo/integration/integration_test.go/BenchmarkAPIRequestPublishMany;7804026;2261421;18050
0-5-0;Baseline;/libcentrifugo/integration/integration_test.go/BenchmarkAPIRequestPublishManyParallel;3628580;2261053;18050
0-5-0;Baseline;/libcentrifugo/integration/integration_test.go/BenchmarkAPIRequestBroadcast;2933343;1396568;9050
0-5-0;Baseline;/libcentrifugo/integration/integration_test.go/BenchmarkAPIRequestBroadcastMany;31268092;14298189;93036
0-5-0;Baseline;/libcentrifugo/metrics/hdrhistogram_test.go/BenchmarkRegistryRecording;66.7;0;0
0-5-0;Baseline;/libcentrifugo/metrics/hdrhistogram_test.go/BenchmarkRegistryRecordingParallel;294;0;0
0-5-0;Baseline;/libcentrifugo/metrics/metrics_test.go/BenchmarkAtomicCounterNoPad;434;0;0
0-5-0;Baseline;/libcentrifugo/metrics/metrics_test.go/BenchmarkAtomicCounterWithPad;311;0;0
0-5-0;Baseline;/libcentrifugo/node/node_test.go/BenchmarkNamespaceKey;24.7;0;0
0-5-0;Baseline;/libcentrifugo/proto/message_test.go/BenchmarkClientResponseMarshalJSON;1672;456;5
0-5-0;Baseline;/libcentrifugo/proto/message_test.go/BenchmarkClientResponseMarshalManual;284;96;1
0-5-0;Baseline;/libcentrifugo/proto/message_test.go/BenchmarkMsgMarshalJSON;1106;312;4
0-5-0;Baseline;/libcentrifugo/proto/message_test.go/BenchmarkMsgMarshalGogoprotobuf;106;48;1
0-5-0;Baseline;/libcentrifugo/queue/queue_test.go/BenchmarkQueueAdd;589;93;2
0-5-0;Baseline;/libcentrifugo/queue/queue_test.go/BenchmarkQueueAddConsume;3849495;1082246;20303
0-5-0;Baseline;/libcentrifugo/conns/hubs_test.go/BenchmarkSubHubBroadCast;707;403;5
0-5-0;Baseline;/libcentrifugo/engine/enginememory/engine_test.go/BenchmarkPublish;425;112;2
0-5-0;Baseline;/libcentrifugo/engine/enginememory/engine_test.go/BenchmarkPublishWithHistory;1729;1165;5
0-5-0;Baseline;/libcentrifugo/engine/enginememory/engine_test.go/BenchmarkOpAddPresence;154;0;0
0-5-0;Baseline;/libcentrifugo/engine/enginememory/engine_test.go/BenchmarkOpAddPresenceParallel;530;0;0
0-5-0;Baseline;/libcentrifugo/engine/enginememory/engine_test.go/BenchmarkOpPresence;714;944;2
0-5-0;Baseline;/libcentrifugo/engine/enginememory/engine_test.go/BenchmarkOpPresenceParallel;260;944;2
0-5-0;Baseline;/libcentrifugo/engine/enginememory/engine_test.go/BenchmarkOpHistory;168;0;0
0-5-0;Baseline;/libcentrifugo/engine/enginememory/engine_test.go/BenchmarkOpHistoryParallel;104;0;0
0-6-0;Baseline;/libcentrifugo/proto/message_test.go/BenchmarkClientResponseMarshalJSON;1671;456;5
0-6-0;Baseline;/libcentrifugo/proto/message_test.go/BenchmarkClientResponseMarshalManual;283;96;1
0-6-0;Baseline;/libcentrifugo/proto/message_test.go/BenchmarkMsgMarshalJSON;1107;312;4
0-6-0;Baseline;/libcentrifugo/proto/message_test.go/BenchmarkMsgMarshalGogoprotobuf;106;48;1
0-6-0;Baseline;/libcentrifugo/queue/queue_test.go/BenchmarkQueueAdd;395;93;2
0-6-0;Baseline;/libcentrifugo/queue/queue_test.go/BenchmarkQueueAddConsume;3841470;1083352;20312
0-6-0;Baseline;/libcentrifugo/conns/hubs_test.go/BenchmarkSubHubBroadCast;672;346;5
0-6-0;Baseline;/libcentrifugo/engine/enginememory/engine_test.go/BenchmarkPublish;425;112;2
0-6-0;Baseline;/libcentrifugo/engine/enginememory/engine_test.go/BenchmarkPublishWithHistory;1735;1165;5
0-6-0;Baseline;/libcentrifugo/engine/enginememory/engine_test.go/BenchmarkOpAddPresence;154;0;0
0-6-0;Baseline;/libcentrifugo/engine/enginememory/engine_test.go/BenchmarkOpAddPresenceParallel;532;0;0
0-6-0;Baseline;/libcentrifugo/engine/enginememory/engine_test.go/BenchmarkOpPresence;716;944;2
0-6-0;Baseline;/libcentrifugo/engine/enginememory/engine_test.go/BenchmarkOpPresenceParallel;258;944;2
0-6-0;Baseline;/libcentrifugo/engine/enginememory/engine_test.go/BenchmarkOpHistory;166;0;0
0-6-0;Baseline;/libcentrifugo/engine/enginememory/engine_test.go/BenchmarkOpHistoryParallel;103;0;0
0-6-0;Baseline;/libcentrifugo/engine/engineredis/engine_test.go/BenchmarkConsistentIndex;181;23;2
0-6-0;Baseline;/libcentrifugo/engine/engineredis/engine_test.go/BenchmarkIndex;158;23;2
0-6-0;Baseline;/libcentrifugo/integration/integration_test.go/BenchmarkPubSubMessageReceive;1439;317;5
0-6-0;Baseline;/libcentrifugo/integration/integration_test.go/BenchmarkClientMsg;1230;235;2
0-6-0;Baseline;/libcentrifugo/integration/integration_test.go/BenchmarkEngineMessageUnmarshal;177;71;3
0-6-0;Baseline;/libcentrifugo/integration/integration_test.go/BenchmarkReceiveBroadcast;4781776;22725;201
0-6-0;Baseline;/libcentrifugo/integration/integration_test.go/BenchmarkAPIRequestPublish;9716;2782;30
0-6-0;Baseline;/libcentrifugo/integration/integration_test.go/BenchmarkAPIRequestPublishParallel;4255;2784;30
0-6-0;Baseline;/libcentrifugo/integration/integration_test.go/BenchmarkAPIRequestPublishMany;7842645;2261421;18050
0-6-0;Baseline;/libcentrifugo/integration/integration_test.go/BenchmarkAPIRequestPublishManyParallel;3519449;2261059;18050
0-6-0;Baseline;/libcentrifugo/integration/integration_test.go/BenchmarkAPIRequestBroadcast;2953135;1396567;9050
0-6-0;Baseline;/libcentrifugo/integration/integration_test.go/BenchmarkAPIRequestBroadcastMany;32346932;14298193;93036
0-6-0;Baseline;/libcentrifugo/metrics/metrics_test.go/BenchmarkAtomicCounterNoPad;434;0;0
0-6-0;Baseline;/libcentrifugo/metrics/metrics_test.go/BenchmarkAtomicCounterWithPad;311;0;0
0-6-0;Baseline;/libcentrifugo/metrics/hdrhistogram_test.go/BenchmarkRegistryRecording;66.5;0;0
0-6-0;Baseline;/libcentrifugo/metrics/hdrhistogram_test.go/BenchmarkRegistryRecordingParallel;294;0;0
0-6-0;Baseline;/libcentrifugo/node/node_test.go/BenchmarkNamespaceKey;24.7;0;0
0-7-0;Baseline;/libcentrifugo/node/node_test.go/BenchmarkNamespaceKey;24.7;0;0
0-7-0;Baseline;/libcentrifugo/proto/message_test.go/BenchmarkClientResponseMarshalJSON;1688;456;5
0-7-0;Baseline;/libcentrifugo/proto/message_test.go/BenchmarkClientResponseMarshalManual;286;96;1
0-7-0;Baseline;/libcentrifugo/proto/message_test.go/BenchmarkMsgMarshalJSON;1104;312;4
0-7-0;Baseline;/libcentrifugo/proto/message_test.go/BenchmarkMsgMarshalGogoprotobuf;105;48;1
0-7-0;Baseline;/libcentrifugo/queue/queue_test.go/BenchmarkQueueAdd;382;93;2
0-7-0;Baseline;/libcentrifugo/queue/queue_test.go/BenchmarkQueueAddConsume;3833681;1085466;20320
0-7-0;Baseline;/libcentrifugo/conns/hubs_test.go/BenchmarkSubHubBroadCast;811;402;5
0-7-0;Baseline;/libcentrifugo/engine/enginememory/engine_test.go/BenchmarkPublish;430;112;2
0-7-0;Baseline;/libcentrifugo/engine/enginememory/engine_test.go/BenchmarkPublishWithHistory;1700;1165;5
0-7-0;Baseline;/libcentrifugo/engine/enginememory/engine_test.go/BenchmarkOpAddPresence;161;0;0
0-7-0;Baseline;/libcentrifugo/engine/enginememory/engine_test.go/BenchmarkOpAddPresenceParallel;537;0;0
0-7-0;Baseline;/libcentrifugo/engine/enginememory/engine_test.go/BenchmarkOpPresence;716;944;2
0-7-0;Baseline;/libcentrifugo/engine/enginememory/engine_test.go/BenchmarkOpPresenceParallel;262;944;2
0-7-0;Baseline;/libcentrifugo/engine/enginememory/engine_test.go/BenchmarkOpHistory;166;0;0
0-7-0;Baseline;/libcentrifugo/engine/enginememory/engine_test.go/BenchmarkOpHistoryParallel;103;0;0
0-7-0;Baseline;/libcentrifugo/engine/engineredis/engine_test.go/BenchmarkConsistentIndex;180;24;2
0-7-0;Baseline;/libcentrifugo/engine/engineredis/engine_test.go/BenchmarkIndex;160;23;2
0-7-0;Baseline;/libcentrifugo/integration/integration_test.go/BenchmarkPubSubMessageReceive;1450;318;5
0-7-0;Baseline;/libcentrifugo/integration/integration_test.go/BenchmarkClientMsg;1232;235;2
0-7-0;Baseline;/libcentrifugo/integration/integration_test.go/BenchmarkEngineMessageUnmarshal;177;71;3
0-7-0;Baseline;/libcentrifugo/integration/integration_test.go/BenchmarkReceiveBroadcast;4664639;33207;201
0-7-0;Baseline;/libcentrifugo/integration/integration_test.go/BenchmarkAPIRequestPublish;9746;2782;30
0-7-0;Baseline;/libcentrifugo/integration/integration_test.go/BenchmarkAPIRequestPublishParallel;4269;2784;30
0-7-0;Baseline;/libcentrifugo/integration/integration_test.go/BenchmarkAPIRequestPublishMany;7843735;2261420;18050
0-7-0;Baseline;/libcentrifugo/integration/integration_test.go/BenchmarkAPIRequestPublishManyParallel;3525824;2261058;18050
0-7-0;Baseline;/libcentrifugo/integration/integration_test.go/BenchmarkAPIRequestBroadcast;2947616;1396570;9050
0-7-0;Baseline;/libcentrifugo/integration/integration_test.go/BenchmarkAPIRequestBroadcastMany;30921148;14298219;93036
0-7-0;Baseline;/libcentrifugo/metrics/hdrhistogram_test.go/BenchmarkRegistryRecording;66.5;0;0
0-7-0;Baseline;/libcentrifugo/metrics/hdrhistogram_test.go/BenchmarkRegistryRecordingParallel;295;0;0
0-7-0;Baseline;/libcentrifugo/metrics/metrics_test.go/BenchmarkAtomicCounterNoPad;439;0;0
0-7-0;Baseline;/libcentrifugo/metrics/metrics_test.go/BenchmarkAtomicCounterWithPad;312;0;0
0-8-0;Baseline;/libcentrifugo/engine/enginememory/engine_test.go/BenchmarkPublish;427;112;2
0-8-0;Baseline;/libcentrifugo/engine/enginememory/engine_test.go/BenchmarkPublishWithHistory;1744;1165;5
0-8-0;Baseline;/libcentrifugo/engine/enginememory/engine_test.go/BenchmarkOpAddPresence;154;0;0
0-8-0;Baseline;/libcentrifugo/engine/enginememory/engine_test.go/BenchmarkOpAddPresenceParallel;531;0;0
0-8-0;Baseline;/libcentrifugo/engine/enginememory/engine_test.go/BenchmarkOpPresence;715;944;2
0-8-0;Baseline;/libcentrifugo/engine/enginememory/engine_test.go/BenchmarkOpPresenceParallel;258;944;2
0-8-0;Baseline;/libcentrifugo/engine/enginememory/engine_test.go/BenchmarkOpHistory;166;0;0
0-8-0;Baseline;/libcentrifugo/engine/enginememory/engine_test.go/BenchmarkOpHistoryParallel;103;0;0
0-8-0;Baseline;/libcentrifugo/engine/engineredis/engine_test.go/BenchmarkConsistentIndex;180;23;2
0-8-0;Baseline;/libcentrifugo/engine/engineredis/engine_test.go/BenchmarkIndex;160;24;2
0-8-0;Baseline;/libcentrifugo/integration/integration_test.go/BenchmarkPubSubMessageReceive;1450;317;5
0-8-0;Baseline;/libcentrifugo/integration/integration_test.go/BenchmarkClientMsg;1234;236;2
0-8-0;Baseline;/libcentrifugo/integration/integration_test.go/BenchmarkEngineMessageUnmarshal;177;71;3
0-8-0;Baseline;/libcentrifugo/integration/integration_test.go/BenchmarkReceiveBroadcast;4806782;28202;201
0-8-0;Baseline;/libcentrifugo/integration/integration_test.go/BenchmarkAPIRequestPublish;9660;2782;30
0-8-0;Baseline;/libcentrifugo/integration/integration_test.go/BenchmarkAPIRequestPublishParallel;4176;2784;30
0-8-0;Baseline;/libcentrifugo/integration/integration_test.go/BenchmarkAPIRequestPublishMany;7822482;2261421;18050
0-8-0;Baseline;/libcentrifugo/integration/integration_test.go/BenchmarkAPIRequestPublishManyParallel;3533962;2261054;18050
0-8-0;Baseline;/libcentrifugo/integration/integration_test.go/BenchmarkAPIRequestBroadcast;2986965;1396572;9050
0-8-0;Baseline;/libcentrifugo/integration/integration_test.go/BenchmarkAPIRequestBroadcastMany;31693308;14298211;93036
0-8-0;Baseline;/libcentrifugo/metrics/hdrhistogram_test.go/BenchmarkRegistryRecording;66.4;0;0
0-8-0;Baseline;/libcentrifugo/metrics/hdrhistogram_test.go/BenchmarkRegistryRecordingParallel;294;0;0
0-8-0;Baseline;/libcentrifugo/metrics/metrics_test.go/BenchmarkAtomicCounterNoPad;431;0;0
0-8-0;Baseline;/libcentrifugo/metrics/metrics_test.go/BenchmarkAtomicCounterWithPad;311;0;0
0-8-0;Baseline;/libcentrifugo/node/node_test.go/BenchmarkNamespaceKey;26.1;0;0
0-8-0;Baseline;/libcentrifugo/proto/message_test.go/BenchmarkClientResponseMarshalJSON;1671;456;5
0-8-0;Baseline;/libcentrifugo/proto/message_test.go/BenchmarkClientResponseMarshalManual;283;96;1
0-8-0;Baseline;/libcentrifugo/proto/message_test.go/BenchmarkMsgMarshalJSON;1105;312;4
0-8-0;Baseline;/libcentrifugo/proto/message_test.go/BenchmarkMsgMarshalGogoprotobuf;106;48;1
0-8-0;Baseline;/libcentrifugo/queue/queue_test.go/BenchmarkQueueAdd;487;84;2
0-8-0;Baseline;/libcentrifugo/queue/queue_test.go/BenchmarkQueueAddConsume;3842745;1085707;20311
0-8-0;Baseline;/libcentrifugo/conns/hubs_test.go/BenchmarkSubHubBroadCast;688;403;5
0-9-0;Baseline;/libcentrifugo/engine/engineredis/engine_test.go/BenchmarkConsistentIndex;181;24;2
0-9-0;Baseline;/libcentrifugo/engine/engineredis/engine_test.go/BenchmarkIndex;158;24;2
0-9-0;Baseline;/libcentrifugo/integration/integration_test.go/BenchmarkPubSubMessageReceive;1437;317;5
0-9-0;Baseline;/libcentrifugo/integration/integration_test.go/BenchmarkClientMsg;1236;235;2
0-9-0;Baseline;/libcentrifugo/integration/integration_test.go/BenchmarkEngineMessageUnmarshal;177;71;3
0-9-0;Baseline;/libcentrifugo/integration/integration_test.go/BenchmarkReceiveBroadcast;4723827;34309;201
0-9-0;Baseline;/libcentrifugo/integration/integration_test.go/BenchmarkAPIRequestPublish;9879;2782;30
0-9-0;Baseline;/libcentrifugo/integration/integration_test.go/BenchmarkAPIRequestPublishParallel;4228;2784;30
0-9-0;Baseline;/libcentrifugo/integration/integration_test.go/BenchmarkAPIRequestPublishMany;7781020;2261420;18050
0-9-0;Baseline;/libcentrifugo/integration/integration_test.go/BenchmarkAPIRequestPublishManyParallel;3542186;2261060;18050
0-9-0;Baseline;/libcentrifugo/integration/integration_test.go/BenchmarkAPIRequestBroadcast;2961517;1396577;9050
0-9-0;Baseline;/libcentrifugo/integration/integration_test.go/BenchmarkAPIRequestBroadcastMany;31217536;14298163;93036
0-9-0;Baseline;/libcentrifugo/metrics/hdrhistogram_test.go/BenchmarkRegistryRecording;66.5;0;0
0-9-0;Baseline;/libcentrifugo/metrics/hdrhistogram_test.go/BenchmarkRegistryRecordingParallel;296;0;0
0-9-0;Baseline;/libcentrifugo/metrics/metrics_test.go/BenchmarkAtomicCounterNoPad;439;0;0
0-9-0;Baseline;/libcentrifugo/metrics/metrics_test.go/BenchmarkAtomicCounterWithPad;312;0;0
0-9-0;Baseline;/libcentrifugo/node/node_test.go/BenchmarkNamespaceKey;24.7;0;0
0-9-0;Baseline;/libcentrifugo/proto/message_test.go/BenchmarkClientResponseMarshalJSON;1694;456;5
0-9-0;Baseline;/libcentrifugo/proto/message_test.go/BenchmarkClientResponseMarshalManual;283;96;1
0-9-0;Baseline;/libcentrifugo/proto/message_test.go/BenchmarkMsgMarshalJSON;1109;312;4
0-9-0;Baseline;/libcentrifugo/proto/message_test.go/BenchmarkMsgMarshalGogoprotobuf;106;48;1
0-9-0;Baseline;/libcentrifugo/queue/queue_test.go/BenchmarkQueueAdd;489;84;2
0-9-0;Baseline;/libcentrifugo/queue/queue_test.go/BenchmarkQueueAddConsume;3831873;1087932;20321
0-9-0;Baseline;/libcentrifugo/conns/hubs_test.go/BenchmarkSubHubBroadCast;715;402;5
0-9-0;Baseline;/libcentrifugo/engine/enginememory/engine_test.go/BenchmarkPublish;425;112;2
0-9-0;Baseline;/libcentrifugo/engine/enginememory/engine_test.go/BenchmarkPublishWithHistory;1771;1165;5
0-9-0;Baseline;/libcentrifugo/engine/enginememory/engine_test.go/BenchmarkOpAddPresence;154;0;0
0-9-0;Baseline;/libcentrifugo/engine/enginememory/engine_test.go/BenchmarkOpAddPresenceParallel;529;0;0
0-9-0;Baseline;/libcentrifugo/engine/enginememory/engine_test.go/BenchmarkOpPresence;715;944;2
0-9-0;Baseline;/libcentrifugo/engine/enginememory/engine_test.go/BenchmarkOpPresenceParallel;259;944;2
0-9-0;Baseline;/libcentrifugo/engine/enginememory/engine_test.go/BenchmarkOpHistory;165;0;0
0-9-0;Baseline;/libcentrifugo/engine/enginememory/engine_test.go/BenchmarkOpHistoryParallel;104;0;0
0-10-0;Baseline;/libcentrifugo/proto/message_test.go/BenchmarkClientResponseMarshalJSON;1677;456;5
0-10-0;Baseline;/libcentrifugo/proto/message_test.go/BenchmarkClientResponseMarshalManual;283;96;1
0-10-0;Baseline;/libcentrifugo/proto/message_test.go/BenchmarkMsgMarshalJSON;1104;312;4
0-10-0;Baseline;/libcentrifugo/proto/message_test.go/BenchmarkMsgMarshalGogoprotobuf;106;48;1
0-10-0;Baseline;/libcentrifugo/queue/queue_test.go/BenchmarkQueueAdd;559;93;2
0-10-0;Baseline;/libcentrifugo/queue/queue_test.go/BenchmarkQueueAddConsume;3830784;1086667;20311
0-10-0;Baseline;/libcentrifugo/conns/hubs_test.go/BenchmarkSubHubBroadCast;806;403;5
0-10-0;Baseline;/libcentrifugo/engine/enginememory/engine_test.go/BenchmarkPublish;426;112;2
0-10-0;Baseline;/libcentrifugo/engine/enginememory/engine_test.go/BenchmarkPublishWithHistory;1818;1165;5
0-10-0;Baseline;/libcentrifugo/engine/enginememory/engine_test.go/BenchmarkOpAddPresence;154;0;0
0-10-0;Baseline;/libcentrifugo/engine/enginememory/engine_test.go/BenchmarkOpAddPresenceParallel;528;0;0
0-10-0;Baseline;/libcentrifugo/engine/enginememory/engine_test.go/BenchmarkOpPresence;716;944;2
0-10-0;Baseline;/libcentrifugo/engine/enginememory/engine_test.go/BenchmarkOpPresenceParallel;256;944;2
0-10-0;Baseline;/libcentrifugo/engine/enginememory/engine_test.go/BenchmarkOpHistory;165;0;0
0-10-0;Baseline;/libcentrifugo/engine/enginememory/engine_test.go/BenchmarkOpHistoryParallel;104;0;0
0-10-0;Baseline;/libcentrifugo/engine/engineredis/engine_test.go/BenchmarkConsistentIndex;181;24;2
0-10-0;Baseline;/libcentrifugo/engine/engineredis/engine_test.go/BenchmarkIndex;159;24;2
0-10-0;Baseline;/libcentrifugo/integration/integration_test.go/BenchmarkPubSubMessageReceive;1451;318;5
0-10-0;Baseline;/libcentrifugo/integration/integration_test.go/BenchmarkClientMsg;1221;236;2
0-10-0;Baseline;/libcentrifugo/integration/integration_test.go/BenchmarkEngineMessageUnmarshal;177;71;3
0-10-0;Baseline;/libcentrifugo/integration/integration_test.go/BenchmarkReceiveBroadcast;4775841;31690;201
0-10-0;Baseline;/libcentrifugo/integration/integration_test.go/BenchmarkAPIRequestPublish;9744;2782;30
0-10-0;Baseline;/libcentrifugo/integration/integration_test.go/BenchmarkAPIRequestPublishParallel;4297;2784;30
0-10-0;Baseline;/libcentrifugo/integration/integration_test.go/BenchmarkAPIRequestPublishMany;7788294;2261419;18050
0-10-0;Baseline;/libcentrifugo/integration/integration_test.go/BenchmarkAPIRequestPublishManyParallel;3590102;2261058;18050
0-10-0;Baseline;/libcentrifugo/integration/integration_test.go/BenchmarkAPIRequestBroadcast;2973164;1396571;9050
0-10-0;Baseline;/libcentrifugo/integration/integration_test.go/BenchmarkAPIRequestBroadcastMany;31696620;14298152;93036
0-10-0;Baseline;/libcentrifugo/metrics/metrics_test.go/BenchmarkAtomicCounterNoPad;438;0;0
0-10-0;Baseline;/libcentrifugo/metrics/metrics_test.go/BenchmarkAtomicCounterWithPad;311;0;0
0-10-0;Baseline;/libcentrifugo/metrics/hdrhistogram_test.go/BenchmarkRegistryRecording;66.8;0;0
0-10-0;Baseline;/libcentrifugo/metrics/hdrhistogram_test.go/BenchmarkRegistryRecordingParallel;295;0;0
0-10-0;Baseline;/libcentrifugo/node/node_test.go/BenchmarkNamespaceKey;24.7;0;0
0-11-0;Baseline;/libcentrifugo/engine/enginememory/engine_test.go/BenchmarkPublish;429;112;2
0-11-0;Baseline;/libcentrifugo/engine/enginememory/engine_test.go/BenchmarkPublishWithHistory;1707;1165;5
0-11-0;Baseline;/libcentrifugo/engine/enginememory/engine_test.go/BenchmarkOpAddPresence;155;0;0
0-11-0;Baseline;/libcentrifugo/engine/enginememory/engine_test.go/BenchmarkOpAddPresenceParallel;538;0;0
0-11-0;Baseline;/libcentrifugo/engine/enginememory/engine_test.go/BenchmarkOpPresence;715;944;2
0-11-0;Baseline;/libcentrifugo/engine/enginememory/engine_test.go/BenchmarkOpPresenceParallel;262;944;2
0-11-0;Baseline;/libcentrifugo/engine/enginememory/engine_test.go/BenchmarkOpHistory;165;0;0
0-11-0;Baseline;/libcentrifugo/engine/enginememory/engine_test.go/BenchmarkOpHistoryParallel;103;0;0
0-11-0;Baseline;/libcentrifugo/engine/engineredis/engine_test.go/BenchmarkConsistentIndex;180;24;2
0-11-0;Baseline;/libcentrifugo/engine/engineredis/engine_test.go/BenchmarkIndex;158;23;2
0-11-0;Baseline;/libcentrifugo/integration/integration_test.go/BenchmarkPubSubMessageReceive;1452;317;5
0-11-0;Baseline;/libcentrifugo/integration/integration_test.go/BenchmarkClientMsg;1231;235;2
0-11-0;Baseline;/libcentrifugo/integration/integration_test.go/BenchmarkEngineMessageUnmarshal;176;71;3
0-11-0;Baseline;/libcentrifugo/integration/integration_test.go/BenchmarkReceiveBroadcast;4734933;16175;201
0-11-0;Baseline;/libcentrifugo/integration/integration_test.go/BenchmarkAPIRequestPublish;9661;2782;30
0-11-0;Baseline;/libcentrifugo/integration/integration_test.go/BenchmarkAPIRequestPublishParallel;4244;2784;30
0-11-0;Baseline;/libcentrifugo/integration/integration_test.go/BenchmarkAPIRequestPublishMany;7808156;2261420;18050
0-11-0;Baseline;/libcentrifugo/integration/integration_test.go/BenchmarkAPIRequestPublishManyParallel;3595646;2261054;18050
0-11-0;Baseline;/libcentrifugo/integration/integration_test.go/BenchmarkAPIRequestBroadcast;3019933;1396568;9050
0-11-0;Baseline;/libcentrifugo/integration/integration_test.go/BenchmarkAPIRequestBroadcastMany;31002252;14298160;93036
0-11-0;Baseline;/libcentrifugo/metrics/hdrhistogram_test.go/BenchmarkRegistryRecording;66.4;0;0
0-11-0;Baseline;/libcentrifugo/metrics/hdrhistogram_test.go/BenchmarkRegistryRecordingParallel;295;0;0
0-11-0;Baseline;/libcentrifugo/metrics/metrics_test.go/BenchmarkAtomicCounterNoPad;439;0;0
0-11-0;Baseline;/libcentrifugo/metrics/metrics_test.go/BenchmarkAtomicCounterWithPad;312;0;0
0-11-0;Baseline;/libcentrifugo/node/node_test.go/BenchmarkNamespaceKey;26.1;0;0
0-11-0;Baseline;/libcentrifugo/proto/message_test.go/BenchmarkClientResponseMarshalJSON;1673;456;5
0-11-0;Baseline;/libcentrifugo/proto/message_test.go/BenchmarkClientResponseMarshalManual;283;96;1
0-11-0;Baseline;/libcentrifugo/proto/message_test.go/BenchmarkMsgMarshalJSON;1107;312;4
0-11-0;Baseline;/libcentrifugo/proto/message_test.go/BenchmarkMsgMarshalGogoprotobuf;106;48;1
0-11-0;Baseline;/libcentrifugo/queue/queue_test.go/BenchmarkQueueAdd;511;84;2
0-11-0;Baseline;/libcentrifugo/queue/queue_test.go/BenchmarkQueueAddConsume;3837174;1086632;20317
0-11-0;Baseline;/libcentrifugo/conns/hubs_test.go/BenchmarkSubHubBroadCast;751;346;5
0-12-0;Baseline;/libcentrifugo/engine/engineredis/engine_test.go/BenchmarkConsistentIndex;180;24;2
0-12-0;Baseline;/libcentrifugo/engine/engineredis/engine_test.go/BenchmarkIndex;158;24;2
0-12-0;Baseline;/libcentrifugo/integration/integration_test.go/BenchmarkPubSubMessageReceive;1443;317;5
0-12-0;Baseline;/libcentrifugo/integration/integration_test.go/BenchmarkClientMsg;1232;236;2
0-12-0;Baseline;/libcentrifugo/integration/integration_test.go/BenchmarkEngineMessageUnmarshal;177;71;3
0-12-0;Baseline;/libcentrifugo/integration/integration_test.go/BenchmarkReceiveBroadcast;5398992;16167;201
0-12-0;Baseline;/libcentrifugo/integration/integration_test.go/BenchmarkAPIRequestPublish;9685;2782;30
0-12-0;Baseline;/libcentrifugo/integration/integration_test.go/BenchmarkAPIRequestPublishParallel;4252;2784;30
0-12-0;Baseline;/libcentrifugo/integration/integration_test.go/BenchmarkAPIRequestPublishMany;7794488;2261419;18050
0-12-0;Baseline;/libcentrifugo/integration/integration_test.go/BenchmarkAPIRequestPublishManyParallel;3541353;2261057;18050
0-12-0;Baseline;/libcentrifugo/integration/integration_test.go/BenchmarkAPIRequestBroadcast;3034229;1396569;9050
0-12-0;Baseline;/libcentrifugo/integration/integration_test.go/BenchmarkAPIRequestBroadcastMany;32283088;14298178;93036
0-12-0;Baseline;/libcentrifugo/metrics/hdrhistogram_test.go/BenchmarkRegistryRecording;66.4;0;0
0-12-0;Baseline;/libcentrifugo/metrics/hdrhistogram_test.go/BenchmarkRegistryRecordingParallel;294;0;0
0-12-0;Baseline;/libcentrifugo/metrics/metrics_test.go/BenchmarkAtomicCounterNoPad;434;0;0
0-12-0;Baseline;/libcentrifugo/metrics/metrics_test.go/BenchmarkAtomicCounterWithPad;311;0;0
0-12-0;Baseline;/libcentrifugo/node/node_test.go/BenchmarkNamespaceKey;26.1;0;0
0-12-0;Baseline;/libcentrifugo/proto/message_test.go/BenchmarkClientResponseMarshalJSON;1671;456;5
0-12-0;Baseline;/libcentrifugo/proto/message_test.go/BenchmarkClientResponseMarshalManual;283;96;1
0-12-0;Baseline;/libcentrifugo/proto/message_test.go/BenchmarkMsgMarshalJSON;1110;312;4
0-12-0;Baseline;/libcentrifugo/proto/message_test.go/BenchmarkMsgMarshalGogoprotobuf;106;48;1
0-12-0;Baseline;/libcentrifugo/queue/queue_test.go/BenchmarkQueueAdd;558;93;2
0-12-0;Baseline;/libcentrifugo/queue/queue_test.go/BenchmarkQueueAddConsume;3837801;1079630;20301
0-12-0;Baseline;/libcentrifugo/conns/hubs_test.go/BenchmarkSubHubBroadCast;699;346;5
0-12-0;Baseline;/libcentrifugo/engine/enginememory/engine_test.go/BenchmarkPublish;425;112;2
0-12-0;Baseline;/libcentrifugo/engine/enginememory/engine_test.go/BenchmarkPublishWithHistory;1759;1165;5
0-12-0;Baseline;/libcentrifugo/engine/enginememory/engine_test.go/BenchmarkOpAddPresence;154;0;0
0-12-0;Baseline;/libcentrifugo/engine/enginememory/engine_test.go/BenchmarkOpAddPresenceParallel;533;0;0
0-12-0;Baseline;/libcentrifugo/engine/enginememory/engine_test.go/BenchmarkOpPresence;714;944;2
0-12-0;Baseline;/libcentrifugo/engine/enginememory/engine_test.go/BenchmarkOpPresenceParallel;261;944;2
0-12-0;Baseline;/libcentrifugo/engine/enginememory/engine_test.go/BenchmarkOpHistory;165;0;0
0-12-0;Baseline;/libcentrifugo/engine/enginememory/engine_test.go/BenchmarkOpHistoryParallel;103;0;0
0-13-0;Baseline;/libcentrifugo/conns/hubs_test.go/BenchmarkSubHubBroadCast;789;403;5
0-13-0;Baseline;/libcentrifugo/engine/enginememory/engine_test.go/BenchmarkPublish;425;112;2
0-13-0;Baseline;/libcentrifugo/engine/enginememory/engine_test.go/BenchmarkPublishWithHistory;1778;1165;5
0-13-0;Baseline;/libcentrifugo/engine/enginememory/engine_test.go/BenchmarkOpAddPresence;157;0;0
0-13-0;Baseline;/libcentrifugo/engine/enginememory/engine_test.go/BenchmarkOpAddPresenceParallel;536;0;0
0-13-0;Baseline;/libcentrifugo/engine/enginememory/engine_test.go/BenchmarkOpPresence;718;944;2
0-13-0;Baseline;/libcentrifugo/engine/enginememory/engine_test.go/BenchmarkOpPresenceParallel;260;944;2
0-13-0;Baseline;/libcentrifugo/engine/enginememory/engine_test.go/BenchmarkOpHistory;169;0;0
0-13-0;Baseline;/libcentrifugo/engine/enginememory/engine_test.go/BenchmarkOpHistoryParallel;103;0;0
0-13-0;Baseline;/libcentrifugo/engine/engineredis/engine_test.go/BenchmarkConsistentIndex;181;23;2
0-13-0;Baseline;/libcentrifugo/engine/engineredis/engine_test.go/BenchmarkIndex;158;23;2
0-13-0;Baseline;/libcentrifugo/integration/integration_test.go/BenchmarkPubSubMessageReceive;1443;317;5
0-13-0;Baseline;/libcentrifugo/integration/integration_test.go/BenchmarkClientMsg;1232;236;2
0-13-0;Baseline;/libcentrifugo/integration/integration_test.go/BenchmarkEngineMessageUnmarshal;177;71;3
0-13-0;Baseline;/libcentrifugo/integration/integration_test.go/BenchmarkReceiveBroadcast;4747323;16173;201
0-13-0;Baseline;/libcentrifugo/integration/integration_test.go/BenchmarkAPIRequestPublish;9710;2782;30
0-13-0;Baseline;/libcentrifugo/integration/integration_test.go/BenchmarkAPIRequestPublishParallel;4207;2784;30
0-13-0;Baseline;/libcentrifugo/integration/integration_test.go/BenchmarkAPIRequestPublishMany;7860470;2261421;18050
0-13-0;Baseline;/libcentrifugo/integration/integration_test.go/BenchmarkAPIRequestPublishManyParallel;3549847;2261062;18050
0-13-0;Baseline;/libcentrifugo/integration/integration_test.go/BenchmarkAPIRequestBroadcast;2994709;1396566;9050
0-13-0;Baseline;/libcentrifugo/integration/integration_test.go/BenchmarkAPIRequestBroadcastMany;30872402;14298175;93036
0-13-0;Baseline;/libcentrifugo/metrics/hdrhistogram_test.go/BenchmarkRegistryRecording;66.4;0;0
0-13-0;Baseline;/libcentrifugo/metrics/hdrhistogram_test.go/BenchmarkRegistryRecordingParallel;294;0;0
0-13-0;Baseline;/libcentrifugo/metrics/metrics_test.go/BenchmarkAtomicCounterNoPad;439;0;0
0-13-0;Baseline;/libcentrifugo/metrics/metrics_test.go/BenchmarkAtomicCounterWithPad;312;0;0
0-13-0;Baseline;/libcentrifugo/node/node_test.go/BenchmarkNamespaceKey;26.1;0;0
0-13-0;Baseline;/libcentrifugo/proto/message_test.go/BenchmarkClientResponseMarshalJSON;1663;456;5
0-13-0;Baseline;/libcentrifugo/proto/message_test.go/BenchmarkClientResponseMarshalManual;283;96;1
0-13-0;Baseline;/libcentrifugo/proto/message_test.go/BenchmarkMsgMarshalJSON;1107;312;4
0-13-0;Baseline;/libcentrifugo/proto/message_test.go/BenchmarkMsgMarshalGogoprotobuf;106;48;1
0-13-0;Baseline;/libcentrifugo/queue/queue_test.go/BenchmarkQueueAdd;557;93;2
0-13-0;Baseline;/libcentrifugo/queue/queue_test.go/BenchmarkQueueAddConsume;3841865;1085311;20310
0-14-0;Baseline;/libcentrifugo/node/node_test.go/BenchmarkNamespaceKey;26.1;0;0
0-14-0;Baseline;/libcentrifugo/proto/message_test.go/BenchmarkClientResponseMarshalJSON;1689;456;5
0-14-0;Baseline;/libcentrifugo/proto/message_test.go/BenchmarkClientResponseMarshalManual;282;96;1
0-14-0;Baseline;/libcentrifugo/proto/message_test.go/BenchmarkMsgMarshalJSON;1112;312;4
0-14-0;Baseline;/libcentrifugo/proto/message_test.go/BenchmarkMsgMarshalGogoprotobuf;106;48;1
0-14-0;Baseline;/libcentrifugo/queue/queue_test.go/BenchmarkQueueAdd;559;93;2
0-14-0;Baseline;/libcentrifugo/queue/queue_test.go/BenchmarkQueueAddConsume;3850655;1083179;20311
0-14-0;Baseline;/libcentrifugo/conns/hubs_test.go/BenchmarkSubHubBroadCast;599;346;5
0-14-0;Baseline;/libcentrifugo/engine/enginememory/engine_test.go/BenchmarkPublish;425;112;2
0-14-0;Baseline;/libcentrifugo/engine/enginememory/engine_test.go/BenchmarkPublishWithHistory;1716;1165;5
0-14-0;Baseline;/libcentrifugo/engine/enginememory/engine_test.go/BenchmarkOpAddPresence;156;0;0
0-14-0;Baseline;/libcentrifugo/engine/enginememory/engine_test.go/BenchmarkOpAddPresenceParallel;535;0;0
0-14-0;Baseline;/libcentrifugo/engine/enginememory/engine_test.go/BenchmarkOpPresence;715;944;2
0-14-0;Baseline;/libcentrifugo/engine/enginememory/engine_test.go/BenchmarkOpPresenceParallel;254;944;2
0-14-0;Baseline;/libcentrifugo/engine/enginememory/engine_test.go/BenchmarkOpHistory;166;0;0
0-14-0;Baseline;/libcentrifugo/engine/enginememory/engine_test.go/BenchmarkOpHistoryParallel;104;0;0
0-14-0;Baseline;/libcentrifugo/engine/engineredis/engine_test.go/BenchmarkConsistentIndex;181;23;2
0-14-0;Baseline;/libcentrifugo/engine/engineredis/engine_test.go/BenchmarkIndex;158;24;2
0-14-0;Baseline;/libcentrifugo/integration/integration_test.go/BenchmarkPubSubMessageReceive;1451;318;5
0-14-0;Baseline;/libcentrifugo/integration/integration_test.go/BenchmarkClientMsg;1226;235;2
0-14-0;Baseline;/libcentrifugo/integration/integration_test.go/BenchmarkEngineMessageUnmarshal;177;71;3
0-14-0;Baseline;/libcentrifugo/integration/integration_test.go/BenchmarkReceiveBroadcast;4777762;23183;201
0-14-0;Baseline;/libcentrifugo/integration/integration_test.go/BenchmarkAPIRequestPublish;9700;2782;30
0-14-0;Baseline;/libcentrifugo/integration/integration_test.go/BenchmarkAPIRequestPublishParallel;4232;2784;30
0-14-0;Baseline;/libcentrifugo/integration/integration_test.go/BenchmarkAPIRequestPublishMany;7766058;2261421;18050
0-14-0;Baseline;/libcentrifugo/integration/integration_test.go/BenchmarkAPIRequestPublishManyParallel;3548761;2261055;18050
0-14-0;Baseline;/libcentrifugo/integration/integration_test.go/BenchmarkAPIRequestBroadcast;3008724;1396575;9050
0-14-0;Baseline;/libcentrifugo/integration/integration_test.go/BenchmarkAPIRequestBroadcastMany;31780146;14298176;93036
0-14-0;Baseline;/libcentrifugo/metrics/hdrhistogram_test.go/BenchmarkRegistryRecording;66.5;0;0
0-14-0;Baseline;/libcentrifugo/metrics/hdrhistogram_test.go/BenchmarkRegistryRecordingParallel;294;0;0
0-14-0;Baseline;/libcentrifugo/metrics/metrics_test.go/BenchmarkAtomicCounterNoPad;439;0;0
0-14-0;Baseline;/libcentrifugo/metrics/metrics_test.go/BenchmarkAtomicCounterWithPad;312;0;0
0-15-0;Baseline;/libcentrifugo/engine/engineredis/engine_test.go/BenchmarkConsistentIndex;180;24;2
0-15-0;Baseline;/libcentrifugo/engine/engineredis/engine_test.go/BenchmarkIndex;158;23;2
0-15-0;Baseline;/libcentrifugo/integration/integration_test.go/BenchmarkPubSubMessageReceive;1435;316;5
0-15-0;Baseline;/libcentrifugo/integration/integration_test.go/BenchmarkClientMsg;1220;235;2
0-15-0;Baseline;/libcentrifugo/integration/integration_test.go/BenchmarkEngineMessageUnmarshal;176;71;3
0-15-0;Baseline;/libcentrifugo/integration/integration_test.go/BenchmarkReceiveBroadcast;4728716;30374;201
0-15-0;Baseline;/libcentrifugo/integration/integration_test.go/BenchmarkAPIRequestPublish;9737;2782;30
0-15-0;Baseline;/libcentrifugo/integration/integration_test.go/BenchmarkAPIRequestPublishParallel;4391;2784;30
0-15-0;Baseline;/libcentrifugo/integration/integration_test.go/BenchmarkAPIRequestPublishMany;7865069;2261418;18050
0-15-0;Baseline;/libcentrifugo/integration/integration_test.go/BenchmarkAPIRequestPublishManyParallel;3659291;2261057;18050
0-15-0;Baseline;/libcentrifugo/integration/integration_test.go/BenchmarkAPIRequestBroadcast;2951819;1396566;9050
0-15-0;Baseline;/libcentrifugo/integration/integration_test.go/BenchmarkAPIRequestBroadcastMany;32813590;14298169;93036
0-15-0;Baseline;/libcentrifugo/metrics/hdrhistogram_test.go/BenchmarkRegistryRecording;66.5;0;0
0-15-0;Baseline;/libcentrifugo/metrics/hdrhistogram_test.go/BenchmarkRegistryRecordingParallel;294;0;0
0-15-0;Baseline;/libcentrifugo/metrics/metrics_test.go/BenchmarkAtomicCounterNoPad;431;0;0
