directory,dep_mgr,exec_err,c1_commit,c1_results,c2_commit,c2_results
cumulus-1/data/00/83/269792,Get,true,,-1,,-1
cumulus-1/data/07/99/375626,Get,true,,-1,,-1
cumulus-1/data/08/e7/236550,Get,true,01acf83d0d615b4f8726e94edf4470985ee176de,1196,,-1
cumulus-1/data/09/cb/476170,Get,true,,-1,,-1
cumulus-1/data/09/f8/320757,Get,false,83418750ee775aa24194606fffe7fec391975a65,2092,7875d65f2aa33e0d47d7073ec94b99ea12ab75f8,0
cumulus-1/data/0a/95/361196,Get,true,,-1,,-1
cumulus-1/data/0b/a3/456692,Get,false,b2b6a672cf1e5b90748f79b8b81fc8c5cf0571a1,0,e560fe7fca8975809db1a0204fb4bda759bd5160,0
cumulus-1/data/10/64/421068,Get,false,49fee9c1c0db1c366003ede4cc665f9924a97521,1524,4a8c7ffc00a27b61b71e3d7234bbae34f5385efa,0
cumulus-1/data/13/4b/439268,Get,true,3e349594b18615fd3052c0711207ec28ffcdcecd,1288,,-1
cumulus-1/data/13/cc/372992,Get,true,0db4a625e949e956314d7d1adea9bf82384cc10c,0,,-1
cumulus-1/data/14/e8/202709,Get,true,5f73c61bd19f0ea02a45cc5aaab0837772b320ea,0,,-1
cumulus-1/data/15/dc/382902,Glide,true,714d4d04557fd068a7c2a1748241ce8428015a96,966,,-1
cumulus-1/data/16/1b/185085,Get,true,6b28917edfbacd50bff4d58f951cf80499c952c4,3395,,-1
cumulus-1/data/19/07/76194,Get,true,8232ab8918d91c72af1a9fb94d3edbe31d88b790,0,,-1
cumulus-1/data/24/75/71848,Get,false,2dfbae5fcf46374f166f8969cb07e167f1be6273,1601,1b1cbf74bb120d9b43b7289d0332b9520f4c4e4a,0
cumulus-1/data/27/e0/67609,Get,false,d0303fe809921458f417bcf828397a65db30a7e4,3199,2839212f9689e409c9144f01b83d55d0d1a3ee94,0
cumulus-1/data/2b/55/71511,Get,true,,-1,,-1
cumulus-1/data/2c/5c/308926,Get,true,,-1,,-1
cumulus-1/data/2c/b8/203675,Get,false,8c81ea47d4c41a385645e133e15510fc6a2a74b4,718,b02b57c4af7a9bab3afbc78fc90e572307ccda22,0
cumulus-1/data/2d/8f/401224,Get,true,c4f8f99b25c74a821ffa41ca2e339cc24a6b4a67,0,,-1
cumulus-1/data/30/37/371826,Get,true,908281bef77441f2d0ec1792189b4032a1dace0c,2475,,-1
cumulus-1/data/34/0b/197606,Get,true,6f85e810e2b9f5a34256f427579527699efcc7be,2805,,-1
cumulus-1/data/34/78/89423,Get,true,,-1,,-1
cumulus-1/data/37/85/165133,Get,false,8becc86e7db2305c7398053e939d50e804a4df72,2902,81be7776fb3f74ff98f706348ef0bfa914fe2042,3070
cumulus-1/data/39/81/246621,Get,false,7b7b6a0d49740e36cd39226913b38cecf9ef76cb,2638,357a1faf3a5369c444dfb4b529a167f67be62e75,0
cumulus-1/data/3d/e2/109203,Get,true,,-1,,-1
cumulus-1/data/3e/5d/360024,Glide,true,b53b701fc3af89fdf5f2999ebbc3b778e8c18ccc,1524,,-1
cumulus-1/data/45/1c/370411,Get,true,afad843cf1d20085a2b1da225b4a5e777c958058,342,,-1
cumulus-1/data/45/87/171932,Get,true,0d3ff14e39c9f3dc59b579648b9a18b893d149c6,3662,,-1
cumulus-1/data/46/0b/137934,Get,false,51eb1ee00b6d931c66d229ceeb7c31b985563420,3380,d4d579d13ebc6f92a4bdd5afee5b420f27b25d0a,0
cumulus-1/data/46/fc/193616,Godep,true,bba90f98c069e2079036ae7661612b771e4bfd4c,0,,-1
cumulus-1/data/4a/0c/152436,Get,false,abff1900528dbdaf6f3f5aa92c398be1eaf2a9f7,3783,1f25c5459afcff0564296d9577fdd8332dbfd990,0
cumulus-1/data/4e/34/267439,Get,true,,-1,,-1
cumulus-1/data/52/37/124978,Get,true,,-1,,-1
cumulus-1/data/55/bd/38005,Glide,true,,-1,,-1
cumulus-1/data/5a/58/36393,Godep,true,,-1,,-1
cumulus-1/data/63/ac/57727,Get,true,3a36ffa8b5bf7cd329c8834c6b743d6930dad12f,2909,,-1
cumulus-1/data/65/3f/312091,Glide,true,05f225d85d87eb636844ec89b21f0c406c6f6000,1291,,-1
cumulus-1/data/65/45/451515,Get,true,c403abf24e897e06d1beb5252c4efa3654ca4626,3359,,-1
cumulus-1/data/66/9c/135203,Get,true,34d48bb938155e3b408f014835ee1f6e3b4c2672,3360,,-1
cumulus-1/data/66/bf/243078,Get,true,,-1,,-1
cumulus-1/data/67/4c/134941,Get,false,1542d55ca53d2d8d7b38e890f7a4be90014356af,3021,bbe867c339c8c2c1a329b04717a53cc31e8afc96,0
cumulus-1/data/67/db/436572,Get,true,0866df4b85a18d652b6965be022d007cdf076822,2988,,-1
cumulus-1/data/67/f2/70435,Get,true,af910652e552060bac746a8d0aa351a186ea994d,0,,-1
cumulus-1/data/6a/81/381441,Get,false,259d2a102b871d17f30e3cd9881a642961a1e486,3361,a24182b46d609a25641464892ca9c9225b2fdb94,0
cumulus-1/data/6d/dc/102026,Get,false,71d90a747d46230c243161bd6ed325617007d452,3143,91fac349db98f2ed3ba6c00af5703f9aefd04c76,0
cumulus-1/data/6f/1d/5991,gpm,true,,-1,,-1
cumulus-1/data/73/ae/297206,Glide,true,102aaf5a8ffda1846413fb22805a94def2045b9f,989,,-1
cumulus-1/data/74/82/377,Get,true,,-1,,-1
cumulus-1/data/7a/ee/365373,Get,true,4373553837df2965019076e4116cbbfe2614150c,3791,,-1
cumulus-1/data/7b/96/4610,Get,true,,-1,,-1
cumulus-1/data/7d/68/365365,Get,true,,-1,,-1
cumulus-1/data/7f/c0/177916,Glide,true,a468ff9747a9005bd421e89d9c2977d7d196c914,3313,,-1
cumulus-1/data/7f/da/52358,Get,true,1ec54edf951f2c30e83726f57bff1037be97ab76,0,,-1
cumulus-1/data/85/43/243746,Get,true,e9cf4fae01b5a8ff89d0ec6b32f0d9c9f79aefdd,1485,,-1
cumulus-1/data/87/6e/90366,Get,true,cb568a3e5cc06256f91a2da5a87455f717eb33f4,1867,,-1
cumulus-1/data/89/2c/347961,Get,true,14ec02216b72697239343f696f6e86a8c84cd54f,2353,,-1
cumulus-1/data/8a/8d/463813,Get,true,,-1,,-1
cumulus-1/data/8e/c4/243418,Get,true,0244aa9b56bd8392da9dd02dc810c56a5ba9a4d5,1695,,-1
cumulus-1/data/95/19/384931,Godep,true,a5f75b4ec210a10c0b4e3ceae7cf6dc16fb35043,2154,,-1
cumulus-1/data/9a/50/460543,Get,true,,-1,,-1
cumulus-1/data/a0/0e/185631,Get,false,3ad7b4379454d41dc287081d455492b3b00b81df,3346,89e12b382f458170d0b76ba6f4550bbdaf1b4789,3578
cumulus-1/data/a3/80/414695,Get,false,6ed8f70898cf9ae624f665d4ad1fa86f872712bf,2565,cb65e7f94a849e888c7590e39050270f6e6284e9,0
cumulus-1/data/a3/f2/182120,Get,true,fd5f0dd25a809c61cd4f7f6dfa3d55864961cb80,0,,-1
cumulus-1/data/a4/27/391448,Get,true,d56f99c176184375ba9e28bdc96286825f206711,0,,-1
cumulus-1/data/a4/ef/227585,Get,true,,-1,,-1
cumulus-1/data/a5/bb/261572,Get,true,,-1,,-1
cumulus-1/data/a7/16/174911,Glide,true,948d80b1988264b0fb6ef009b1a989511f08227e,2172,,-1
cumulus-1/data/ac/2f/107363,Get,true,,-1,,-1
cumulus-1/data/b0/e1/187264,Get,false,40f6a2ed4e5b89731ce4f50558f49540ac43237b,2960,8d9dcf01e4f7c620bb915ed25f22ec478f4e9191,0
cumulus-1/data/b0/fe/223066,Get,true,6c64ce0d958a844106715cfaf52d7bd8ceef4af6,520,,-1
cumulus-1/data/b2/7d/422751,Get,false,4098a5faeff15130723df4c809d39c4d5faac3e4,3214,7e417402bf021a519dbd0a915701e3fa23934955,0
cumulus-1/data/b2/8c/185397,Get,false,5fdf0ec469b68d844cbe36ace8101ead16359f1d,2562,ff884a3be97c4595181e2cd7b118fd77263de70d,0
cumulus-1/data/b4/46/20204,Get,true,,-1,,-1
cumulus-1/data/b5/52/151253,Get,true,,-1,,-1
cumulus-1/data/b5/7d/151125,Get,true,a8fd883642f438ba06bd46c793dc8562b2eb7749,3216,,-1
cumulus-1/data/b7/15/179775,Get,true,1afac3428dd45c5495ba844f2f257d6b0e2493fd,0,,-1
cumulus-1/data/ba/e1/333210,Get,true,b282640b93f349cd208f8d5921df2cfaf5780ee2,0,,-1
cumulus-1/data/bb/91/344131,Get,true,001601eca21b31894f024751a8645875422d9914,2506,,-1
cumulus-1/data/bd/29/104149,Get,true,8ce6181c2609699e4c7cd30994b76a850a9cdadc,3776,,-1
cumulus-1/data/bd/99/381256,Glide,false,3db44335a0752c671ce44d2ca3ffa2b9990c1173,1666,5abe00c75b851fe9890f9c096e2522d4f7449680,0
cumulus-1/data/be/0d/101707,Get,false,ac27d1805a555e1754fa177216ee07f4e63c30b5,2865,f3e8327e119e3347bff62194b3a4ef8332e3e52f,0
cumulus-1/data/bf/3e/344993,Get,true,9d92c1999f49cbdcf4239b5e5f6845b7d391f175,2508,,-1
cumulus-1/data/c0/fb/24081,Get,true,7ef6ac766e6ae6565d082792eb10d006736fd8d1,178,,-1
cumulus-1/data/c2/2a/218703,Get,true,7438d6acf5626e9b9356ab385f56646a13e606ae,2004,,-1
cumulus-1/data/c2/83/111521,Get,true,7f424c60224c4b1ff1715308818a005ceb8ae29f,2144,,-1
cumulus-1/data/c4/d3/374679,Get,true,89fbe9474b3758ff3adf0b7b29c95aeed115fb7b,0,,-1
cumulus-1/data/c7/91/322131,Get,true,bbeae29fdd2bcb360124d717a6420bd55ef8f511,2969,,-1
cumulus-1/data/c8/f7/157067,Godep,true,088c26abd2beeef150a2600c8f9fff7616561ad7,1758,,-1
cumulus-1/data/c9/d4/82757,Get,true,9d978217a2f84fab35dd17731da1e1c23be32d14,0,,-1
cumulus-1/data/cd/cb/338740,Get,true,,-1,,-1
cumulus-1/data/cf/39/474824,Get,false,ecbba09f83427b7fefe2e9f9c394f6d92827e1a6,2524,4976678721f4d42db0af0c7230128b4b1e832591,0
cumulus-1/data/cf/cd/431519,Get,true,,-1,,-1
cumulus-1/data/d0/ad/334411,Get,true,c3b082f2e95dffb84fb9462ac5916c9ed20198f5,0,,-1
cumulus-1/data/d1/de/351452,Get,true,,-1,,-1
cumulus-1/data/d2/2a/41469,Get,true,,-1,,-1
cumulus-1/data/d5/7c/182457,Get,true,,-1,,-1
cumulus-1/data/d7/aa/213570,Get,true,0f25ebdb0f66fac3de939396a6eeb64d3cee23cd,1990,,-1
cumulus-1/data/d9/8a/233006,Get,true,943ffb0696b6300ae92e2e6a480a8933eb3983f7,0,,-1
cumulus-1/data/e0/b7/325478,Get,true,,-1,,-1
cumulus-1/data/e5/15/130129,Get,true,6ebcb988982967981b36671b347a10a783eaa47f,3273,,-1
cumulus-1/data/e5/3d/191211,Get,true,f77a47258e001a0bd32a25d85b54bac1c3347ef3,2219,,-1
cumulus-1/data/e6/f8/228182,Get,false,b938d81255b5473c57635324295cb0fe398c7a58,3212,94ca208ccbc5c02a86d0343540c4ebc84ce52ea9,0
cumulus-1/data/e7/4b/300803,gvt,true,,-1,,-1
cumulus-1/data/e8/51/298718,Get,true,e46719b2fef404d2e531c0dd9055b1c95ff01e2e,1692,,-1
cumulus-1/data/e9/02/91676,Get,true,,-1,,-1
cumulus-1/data/ea/2a/208911,Get,false,00c72d48d5aaaf3058e26d9641164c43ba239f33,3347,d0b3a022b4fd57fbb1dde44ea5de1148c2a03f15,2991
cumulus-1/data/ea/8f/29974,Get,true,,-1,,-1
cumulus-1/data/ed/08/54203,Get,true,,-1,,-1
cumulus-1/data/f0/89/25754,Get,false,747f51edf866a77ee45c0a366d6ed268223c1a73,1802,9f748858e1cec742acf26f1b23b3177daccf7c7f,1810
cumulus-1/data/f0/b7/445709,Get,true,,-1,,-1
cumulus-1/data/f4/1b/445254,Get,true,16fac57fb59a2a0874d6c7b5d2dff934848f8747,2843,,-1
cumulus-1/data/f4/ff/406797,Godep,false,16f58a83dddc763fe09b2bb8b2540c64d3721858,0,8fe8a892ba286aef32a09328396444fd46d2c09d,0
cumulus-1/data/f5/af/464016,Get,false,891127d8d1b52734debe1b3c3d7e747502b6c366,3227,428642c9f1e452287f8cb4d9789282ae6a1afca9,0
cumulus-1/data/f6/38/246834,Get,true,251e7f0fa7d4b29ae53f11bfbc901442371bcfde,744,,-1
cumulus-1/data/f6/78/282118,Get,false,8f850f666a28216bd3676e386d868343e2ab116c,2044,cff301145de91290bed2240f39770e8b7c579d2b,0
cumulus-1/data/f9/78/467147,Get,true,,-1,,-1
cumulus-1/data/f9/f8/411907,gpm,true,,-1,,-1
cumulus-1/data/fa/3c/455555,Get,false,2831979ac77ee756fa448d4a9f2e6c2219c8382c,3480,5aa0629ea3cf8a568a07d1dfeb2c41d2a6f56e0d,3793
cumulus-1/data/fc/7e/82559,Get,true,,-1,,-1
cumulus-1/data/fd/02/313912,Get,true,,-1,,-1
cumulus-2/data/00/38/292684,Get,true,cbd310e60cb524a38f99c0540f550133ed0d6eea,0,,-1
cumulus-2/data/01/24/83581,Get,true,b49238df8538b0cbdc903f7efec8c5dbff1fed2f,3172,,-1
cumulus-2/data/03/e2/402202,Get,true,,-1,,-1
cumulus-2/data/06/3c/236180,Get,true,2f5df55504ebc322e4d52d34df6a1f5b503bf26d,2328,,-1
cumulus-2/data/07/8a/62547,Get,false,ba0abeacc3dcca5b9b20f31509c46794edbc9965,3327,fc48e29600922ffa64526c67b2aa7a20d689e1ce,5060
cumulus-2/data/08/af/242287,Get,true,,-1,,-1
cumulus-2/data/09/3b/251927,Get,true,,-1,,-1
cumulus-2/data/0d/2f/374194,Get,true,b893b9448d075a17008d94413004e337705bb212,0,,-1
cumulus-2/data/0d/68/347191,Get,true,,-1,,-1
cumulus-2/data/11/0d/71570,Get,true,8554e18a96c91918e49c8cb375ece4876e69c1f0,0,,-1
cumulus-2/data/13/d8/189606,Get,true,8cae5764dd5d63d033d9c9bb276598094ee34cc7,3847,,-1
cumulus-2/data/14/0c/154896,Get,true,87006441968485a9dc330018b02bd7a015f5a12b,770,,-1
cumulus-2/data/14/69/249955,Get,true,f6629bc6b1a0d7b52e1e025bfc8f6eaf75e7bd2a,3182,,-1
cumulus-2/data/15/a8/474846,Get,true,,-1,,-1
cumulus-2/data/16/02/263228,Get,false,bda2cfbebf53a9bb579207fefd1edd126894241b,1200,566bf243a4cef815040364269c260a797491ba03,0
cumulus-2/data/16/cc/269023,Get,true,,-1,,-1
cumulus-2/data/1d/70/122250,Get,false,a1c4500d4bee4ecb9a38d6cded7c13e86f2b1e28,2605,c6e1da0625d314eab06d22c0d7dec76e7c39090e,2729
cumulus-2/data/21/b2/394979,Get,false,37252881b3a87eaa2eb04b0ff2211f54f45199ab,2434,ba96bab6ed3fdf073608ee0f025057703657f79b,0
cumulus-2/data/22/f2/264692,Get,true,caab90145b05376536bbab332312f4812123e197,1949,,-1
cumulus-2/data/24/71/360042,Get,true,e5ee8fc0b249a7be14ff52a98688120dbf7ff06a,145,,-1
cumulus-2/data/26/e1/418931,Get,true,d9bd385d68c068f1fabb5057e3dedcbcbb039d0f,3277,,-1
cumulus-2/data/27/83/102720,Get,false,65671c440e8fa4ccbbc5a5c6c499a3c9a039f84f,3602,1ce1d027aea295c4efdedf2d511cb45584d3124a,0
cumulus-2/data/28/d7/335166,Get,true,e9042807f4f5bf47563df6992d3ea0857313e2be,2481,,-1
cumulus-2/data/2b/40/121612,Get,true,4a1e882c79dcf4ec00d2e29fac74b9c8938d5052,3160,,-1
cumulus-2/data/34/6e/295299,Get,true,0bf5dcad4ada2814c3c00f996a982270bb81a506,3629,,-1
cumulus-2/data/3b/ba/321066,Get,true,b80c151b4f94db880307b473b049fc65d7fc5a2a,2543,,-1
cumulus-2/data/3e/e1/440718,Get,false,1139cdac1a56e404b5382e3a3503a2c587d2c0c3,3461,6c87427477f6f28b74d133975db5d97cd9a92939,0
cumulus-2/data/3f/88/465751,Get,true,,-1,,-1
cumulus-2/data/45/a9/338853,Get,true,,-1,,-1
cumulus-2/data/45/c7/229510,Get,true,,-1,,-1
cumulus-2/data/46/0c/330151,Get,true,,-1,,-1
cumulus-2/data/46/7b/449103,Get,true,54608bb65939fc94439865d46598a57f7f15fb0e,2565,,-1
cumulus-2/data/46/cc/466912,Get,true,08e10f212ba5d1a2be60d3b61c490a1918461e9f,3054,,-1
cumulus-2/data/47/0e/12054,Godep,true,fa5c0d40cdd9a2524340b3ee5555e5f0536e42a8,0,,-1
cumulus-2/data/47/19/6676,Get,false,8931874cad5cacc627b94fcbcb182460e174aeef,3012,ca021894dd830e4093200465a8f3d3fac0b0d8db,3507
cumulus-2/data/4b/82/361236,Get,true,,-1,,-1
cumulus-2/data/4d/76/213408,Get,true,40a2567d3dca09368d5f53045840490cfc9c62c3,3047,,-1
cumulus-2/data/54/6a/375658,Get,true,4d7077956293261309684d3cf1af673f773c6819,2242,,-1
cumulus-2/data/56/79/218289,Glide,true,7f3c697b6e4c624aa0f8d29ff97e9bfe20deb8f9,1093,,-1
cumulus-2/data/59/a8/436618,Get,true,,-1,,-1
cumulus-2/data/59/ab/140751,Get,true,1031fa0ce2f20c1c0e1e1b51951d8ea02c84fa05,0,,-1
cumulus-2/data/5a/88/375963,Get,true,0ff28e741439d79d5896d57490a3da8d5e65fa17,3036,,-1
cumulus-2/data/5a/d3/255626,Get,false,b9127a139315e57ebc26030e7decf72d0a20acb4,3706,70b9150cff0f74fc85310b5a47643aab455ba579,0
cumulus-2/data/5c/f3/95727,Get,false,6abbd1b822699a4925c76df1740b266f17c2c9ae,3177,0a19add008eb8fd14f52456b0fd0463d51d0595f,0
cumulus-2/data/5d/ec/381128,Get,true,,-1,,-1
cumulus-2/data/5e/d4/420628,Get,true,9e3ea3e806141087fbb83a8a8e7038bf73eff120,24,,-1
cumulus-2/data/60/3b/423620,Get,true,035149e07ba1cf0bbd1bc083f894f443b024347e,0,,-1
cumulus-2/data/60/a5/437633,Get,true,,-1,,-1
cumulus-2/data/69/6f/472566,Get,true,67424dce7b47e42b7f2373557878fd6e3f2d8c44,2628,,-1
cumulus-2/data/6c/43/392641,Glide,true,,-1,,-1
cumulus-2/data/6c/d4/164625,Get,true,116c2a8f2978d4f3bf04fefbe90a4eb29af882f2,0,,-1
cumulus-2/data/6e/25/75415,Govendor,true,,-1,,-1
cumulus-2/data/6f/1a/56719,Get,true,0a025b7e63adc15a622f29b0b2c4c3848243bbf6,3178,,-1
cumulus-2/data/6f/c2/91056,Get,true,e1e53277000d9ba09da1c8e0d73119c38e6b052e,3246,,-1
cumulus-2/data/74/5a/48161,gvt,true,,-1,,-1
cumulus-2/data/75/4a/406056,Get,true,d8fd13e6951f2ce46f0964a58149cf2f103cac9a,0,,-1
cumulus-2/data/76/7d/233802,Get,true,ebc7cef66d592b36b291cb3d53002ad971e291bc,0,,-1
cumulus-2/data/77/31/138230,Get,true,,-1,,-1
cumulus-2/data/78/a9/254554,Get,true,,-1,,-1
cumulus-2/data/79/48/222857,Get,true,d1c7836dd7a8bed502d4eda846d6fc88fcd48bbd,3566,,-1
cumulus-2/data/7a/4e/94868,Govendor,true,aa90671e0757094e528bd817a0113a719062250c,1106,,-1
cumulus-2/data/7c/87/402043,Get,true,0a1032732ea92f86ab22e27b9d55cd182f2f4a1b,0,,-1
cumulus-2/data/7f/56/439094,Get,true,c6f59505fb697eb388312c1018b65fa6ed6c44bb,0,,-1
cumulus-2/data/7f/97/62286,Get,false,6b7f6983c24c11981805683d7a624c5c032311ec,0,440447faac35514ee612aa849bbff6ad585190b7,0
cumulus-2/data/81/02/156096,Glide,true,,-1,,-1
cumulus-2/data/81/8c/429874,Glide,true,13c71b4ee127a3be43cfe30fd4e52ca4a395bb6e,2004,,-1
cumulus-2/data/84/82/284966,Godep,true,ebc27d05169d229611b4aafb681f5aa353e12020,0,,-1
cumulus-2/data/8a/c2/354468,Get,true,a539ee1a749a2b895533f979515ac7e6e0f5b650,3162,,-1
cumulus-2/data/8b/eb/255450,Get,true,9601c9808f2de0d7afe894ae844af2e494b94bb7,1075,,-1
cumulus-2/data/90/23/193387,Get,false,d10c0e9cfeac32cd94ee57c8eb8728abd6594618,2435,27a1ae8e983040df4c37e401e01312333b479b17,0
cumulus-2/data/97/99/230555,Glide,true,,-1,,-1
cumulus-2/data/97/d6/421485,Get,true,6a5e28554805e78ea6141142aba763936c4761c0,2956,,-1
cumulus-2/data/9e/09/365733,Get,true,199ff11a87615c83f1d770a9be76ad7160a51b97,0,,-1
cumulus-2/data/9f/e4/235622,Get,false,6564ff05cc50b880cde8fa1d4265e7ee3a4aba68,0,36322b638beeb0fe3e6b3a20b4ad575fd1434200,0
cumulus-2/data/a0/ff/297557,Get,true,50e616f764d85b7fe4b48d4dcf3bb8ce9ab97366,3121,,-1
cumulus-2/data/a1/80/144927,Get,true,553a641470496b2327abcac10b36396bd98e45c9,1990,,-1
cumulus-2/data/a1/f3/243636,Get,true,0e4ae46ea3f08de351074b643d649d5d00661a3c,0,,-1
cumulus-2/data/a7/fb/172167,Get,true,e20ffa3da443071c7b3d164dec5b1f80dfb2ecf3,1878,,-1
cumulus-2/data/aa/6b/6369,Get,true,5fecf9ce9b60b15f9cf951571575c418fc4b1d3a,3036,,-1
cumulus-2/data/ab/22/309713,Get,true,,-1,,-1
cumulus-2/data/ae/1c/297893,Get,true,,-1,,-1
cumulus-2/data/ae/84/359791,Get,true,,-1,,-1
cumulus-2/data/af/c5/264230,Get,true,e790cca94e6cc75c7064b1332e63811d4aae1a53,2820,,-1
cumulus-2/data/af/f9/269863,Get,false,9250637df1083710a57c981a0fd555511eebf99f,3301,a4fac9c8164ad3a585531cd3bd5b4f226b52ad63,0
cumulus-2/data/b1/3f/247181,Govendor,true,57257cd684ffd21d68ee5e8647717ef50f239646,2206,,-1
cumulus-2/data/b1/8c/216766,Get,true,,-1,,-1
cumulus-2/data/b2/df/451496,Get,true,,-1,,-1
cumulus-2/data/b4/fa/307445,Get,true,20d04065dbc6f79aac03bbfd49b6a9e0658f5842,0,,-1
cumulus-2/data/b8/94/22929,Get,true,,-1,,-1
cumulus-2/data/b9/02/176015,Glide,true,a204d799893d034d77a0887deb07655a7d793cb2,1532,,-1
cumulus-2/data/bb/99/75067,Get,false,960c4aa2da14eb1cd8722a97060af557943ee3ec,2527,df1f1317967381f224717825633bb31354d8767c,0
cumulus-2/data/bb/ee/344588,Get,true,89d8475e78565b97e913296b18e69c0760f37131,2258,,-1
cumulus-2/data/be/04/244138,Get,true,a564164fd0d8af7275b3199f94731a62450e3193,2946,,-1
cumulus-2/data/c0/01/154702,Get,true,c463f7ed034f0b387f6a50c6bfd44194c3ebaab3,2937,,-1
cumulus-2/data/c0/73/472515,Get,true,,-1,,-1
cumulus-2/data/c2/ec/355858,Glide,true,0cebd4eaef5eb7430bdde80761471b05af366a8d,1198,,-1
cumulus-2/data/c5/99/444704,Get,true,9438fae607eddba286723575340f45bc1831a4f1,2126,,-1
cumulus-2/data/c8/0d/336313,Get,false,95aba8dadfa9fe369d48ae9227e342417bcec195,541,53107b6c24de1a415c64abb895a8223b3218e6a3,0
cumulus-2/data/c8/42/173760,Get,true,89b14352547bfb1b93bc3447638076e321a8209a,3407,,-1
cumulus-2/data/cd/81/147106,Godep,true,55a07c00cd68250e328b151922fe1de7d80bf545,573,,-1
cumulus-2/data/cd/95/340481,Get,false,4044bc29b28064db4f08e947c4972d5ca3e0f3c8,2127,0e9d640108a47e321315535fae01d5e421ec49b7,841
cumulus-2/data/cd/c9/157003,Get,true,a0cbe4026e4236b898f12031c312e39becd63ae6,3054,,-1
cumulus-2/data/cd/d3/339397,Get,true,,-1,,-1
cumulus-2/data/cf/d6/250749,Get,true,72acac2207479d21dd45898c2a4264246c818148,0,,-1
cumulus-2/data/d7/09/56329,Get,true,,-1,,-1
cumulus-2/data/d8/0e/436387,Get,true,55bdaa3f4bf4cf91acd94701fa2044fb487c455b,2540,,-1
cumulus-2/data/d8/35/114479,Get,true,,-1,,-1
cumulus-2/data/da/82/273779,Get,true,,-1,,-1
cumulus-2/data/db/d3/258864,Get,true,7c323a5734063ddd22044039f010d34c8365d13d,306,,-1
cumulus-2/data/de/21/449509,Get,true,,-1,,-1
cumulus-2/data/e0/e2/179367,Get,true,,-1,,-1
cumulus-2/data/e2/87/322193,Get,true,,-1,,-1
cumulus-2/data/e3/b6/165975,Get,true,,-1,,-1
cumulus-2/data/e7/f9/231999,Get,true,18d548df635f0d2c5c0e6bfc500d425ba1859403,1511,,-1
cumulus-2/data/f0/5e/113600,Godep,false,9d21ea6de38bd371e34bde196ceaee94cdac8a2c,1679,58541588cdf85e519881e941de79af06a5f98683,0
cumulus-2/data/f2/83/139339,Get,false,f71873811a1323b04a1e2fdd68b2a1c0ee7bee80,263,b094997b572d863ec92eaf0fb7a83787664de93f,2731
cumulus-2/data/f3/56/43118,Get,true,,-1,,-1
cumulus-2/data/f3/b5/69103,Get,true,0b952b033508e022d1781dbdcb83f6fb7acdaa3a,0,,-1
cumulus-2/data/f6/de/317197,Get,true,,-1,,-1
cumulus-2/data/f9/10/473770,Get,true,970db520ece77730c7e4724c61121037378659d9,3205,,-1
cumulus-2/data/fb/70/36854,Get,false,22ee27d5ccd5d820825b22af245712dd81743095,0,c9cf5b600648d6afc341992ce7dfb248d7cde270,0
cumulus-2/data/fc/9f/288793,Get,true,,-1,,-1
cumulus-3/data/00/3d/274035,Get,true,,-1,,-1
cumulus-3/data/00/dd/44521,Get,false,637728756caf5542b6be03251bbc28a17493b3f9,2816,641fa50e6cbe6e840c1becd03c5de9ace6cf01be,0
cumulus-3/data/06/a0/257574,Get,true,dc5529a643e8c19714ceb7c159692db6866d5750,2691,,-1
cumulus-3/data/0a/e8/368285,Get,false,8fc64b197ee2b9805a74fa837cf6d6d9ac26ed23,2924,b35f4d4d9079c9fa373cc4549084a90b71e73c47,0
cumulus-3/data/0e/92/138585,Get,true,,-1,,-1
cumulus-3/data/0e/f4/434490,Get,true,,-1,,-1
cumulus-3/data/15/a1/438982,Govendor,true,27ca5ecb5ef7d385a4fa246e1b0635e8488cc21f,399,,-1
cumulus-3/data/18/32/471917,Get,false,adfb02f3172f79816912bcf58f2b58531624ae68,0,b05d0d8eebd6e27f92b3757115f4146adde276f1,0
cumulus-3/data/18/f0/439881,Glide,true,17a471bd7e54e28d1cdf60d98ad1b4ec1153ed9a,0,,-1
cumulus-3/data/19/40/109719,Glide,true,d40845d5cef009faa678df19d1cb3bdcc5a1df03,4816,,-1
cumulus-3/data/1a/8d/331261,Get,true,e3d09bbcbf6d7721468bbe5deb35fe71da57d0f3,0,,-1
cumulus-3/data/23/7f/262503,Get,false,dec023e6f5ff98e8ac96891f751a72dcc61503ae,0,b192e6f1c5947ea1110332cfe572f3f9d560ec45,0
cumulus-3/data/25/3d/446766,Get,true,22b94e9b23f9a03e2fc8987a5908ec14f290702b,4456,,-1
cumulus-3/data/2d/09/460805,Get,true,c09b206546d1c7448bee892c56c21cc2bcd7e973,1727,,-1
cumulus-3/data/2e/2e/397223,Get,true,,-1,,-1
cumulus-3/data/32/62/262730,Get,false,a509d071de2811703b877e94d7c91e27fb8c5086,0,fa5c5c62e6bbca210cee08d9601a935f4d05fbab,0
cumulus-3/data/33/1c/16046,Get,true,84403ded544328c99be3472727667179eef23a91,0,,-1
cumulus-3/data/34/66/59937,Get,true,,-1,,-1
cumulus-3/data/37/9a/438337,Get,true,a2284a01c143e355985d192edf3b62a053747c70,3403,,-1
cumulus-3/data/39/4a/318699,Govendor,true,9ed6c4f34618f7866406e03fc907e94cb0064b30,497,,-1
cumulus-3/data/39/e5/378553,Get,false,27c40922c40b43fe04554d8223a402af3ea333f3,1453,bac8091de032351c1c3edca1eaacfe7ccf341df7,0
cumulus-3/data/3a/17/160270,Get,false,a6dae5bc419c44ebba48550cce02b074792e9899,3640,3b30e0e13e6a171d546a4540b1c26aead6962b49,0
cumulus-3/data/3a/96/228198,Get,true,cc6e9248b70847455f4adc9495ae272db2b4820c,2403,,-1
cumulus-3/data/3a/b3/285480,Govendor,true,,-1,,-1
cumulus-3/data/3b/00/66789,Govendor,true,67eda269b2ad01adf61cfbb4e8179b28beb7cc0c,745,,-1
cumulus-3/data/3b/67/67992,Get,true,,-1,,-1
cumulus-3/data/3f/fd/59774,Get,true,,-1,,-1
cumulus-3/data/45/24/336078,Get,false,43b85ad77caf66f9a964128da8c6c22aee23c1bb,3076,466e3a0549ffc72e22ad294735626b12a279fe83,4152
cumulus-3/data/45/e2/227881,Glide,true,73a584e7d57533503d8b0074bb151688b5c3dcfc,2002,,-1
cumulus-3/data/57/46/234458,Get,true,,-1,,-1
cumulus-3/data/5d/ae/135005,Get,true,4553269743755b02f6aefd5c4a7ba47c19be25ec,0,,-1
cumulus-3/data/5e/f5/253055,Get,true,970526e60a75df7c6804b6bca4775d1efa856d6f,3165,,-1
cumulus-3/data/5e/f7/425460,Glide,true,,-1,,-1
cumulus-3/data/62/c8/388275,Get,true,,-1,,-1
cumulus-3/data/64/fd/89041,Get,true,,-1,,-1
cumulus-3/data/68/0b/438372,Get,true,d492bfd973c24026ab784c1c1821af426bc80e90,0,,-1
cumulus-3/data/6a/d8/53950,Get,true,5910c8f451f50f85f329aa7efa1eca0e8dc60f12,3514,,-1
cumulus-3/data/6b/b5/426506,Get,false,a903e875425ca3652d578af4cfb9a2c38181d3db,1986,422b4f3f6e28b18263dd32c281322959441ae800,0
cumulus-3/data/6c/a9/319751,Get,true,cf07a88c0746e196780b10816ea4d7294434b4c1,3632,,-1
cumulus-3/data/6d/fe/29140,Get,true,,-1,,-1
cumulus-3/data/6f/35/306661,Get,true,2fcb9b14416ac1572368eca0e5c1394594930375,0,,-1
cumulus-3/data/6f/b3/113652,Get,true,b765e791b61c6db0b9ff62072092d28395aeb106,3850,,-1
cumulus-3/data/70/5b/61151,Glide,true,2f310ecedb10b86341cd5c2ae0be4656755337fa,0,,-1
cumulus-3/data/72/d9/126754,Get,true,bdd701a3ca13e90e0ba2fd5642e4f54afbefc699,2898,,-1
cumulus-3/data/73/06/37887,Get,true,,-1,,-1
cumulus-3/data/76/92/127102,Get,true,6a5a97332ef75427e1e3d684626da9c2ccc88c02,2947,,-1
cumulus-3/data/77/75/355132,Get,true,3833b1fed7c8eba0f2fdf5ed7f5858c26c4a6500,430,,-1
cumulus-3/data/7b/2b/391290,Get,true,5fee90babde75fb6e9065a9c6459202a3a47ae32,0,,-1
cumulus-3/data/7b/63/462992,Get,true,,-1,,-1
cumulus-3/data/7d/57/178271,Get,true,,-1,,-1
cumulus-3/data/7d/70/86468,Get,false,d91c9f43689d8565046de42f51a19bb80ebb8360,0,ff3b41e1e4175d22949544ae9b7bddc02a694a75,0
cumulus-3/data/7e/d4/54081,Get,true,bb83efe9b64d7f00806f758a14a3ea438c64ff62,944,,-1
cumulus-3/data/7f/9f/202485,Get,true,,-1,,-1
cumulus-3/data/7f/f6/54733,Govendor,true,889b943fdd537b0075d40eda3a82d38193aa6c91,495,,-1
cumulus-3/data/80/c9/239602,Get,true,a91b4fd3593ca167b58a39783903a0be7a210750,3738,,-1
cumulus-3/data/82/df/391690,Get,false,8837942c3e09574accbc5f150e2c5e057189cace,2161,df1f1317967381f224717825633bb31354d8767c,0
cumulus-3/data/83/db/1138,Get,true,,-1,,-1
cumulus-3/data/86/0d/377297,Glide,true,,-1,,-1
cumulus-3/data/89/f0/51902,Get,true,3bca0642e7d52e258a2402710873c31a5e15424a,2865,,-1
cumulus-3/data/8a/dd/385949,Get,true,,-1,,-1
cumulus-3/data/8c/ce/377976,gvt,true,,-1,,-1
cumulus-3/data/91/f9/372675,Get,true,bb3bbde812bb4db649483624bd9a9508136c5ba4,2848,,-1
cumulus-3/data/92/85/90107,Get,true,,-1,,-1
cumulus-3/data/95/77/380610,Get,true,,-1,,-1
cumulus-3/data/97/1a/412603,Get,true,54ff2465baebdc3209b954ef1e3fe70fc5d1f078,0,,-1
cumulus-3/data/97/29/182571,gvt,true,,-1,,-1
cumulus-3/data/98/04/423869,Get,true,049d4845e1d44ce98020e3a150e10ea1486794af,0,,-1
cumulus-3/data/99/4d/370719,Get,false,f36d272d74ecae3d61058d91dc7401715b044ca1,0,52806eb10bae55018523a59fba3e97edef1273a9,0
cumulus-3/data/9e/88/427368,Get,true,,-1,,-1
cumulus-3/data/a2/46/466867,Get,true,481ea9dceaf0da956ab01a5c81bad8a3aaed7972,0,,-1
cumulus-3/data/a3/1e/287903,Get,true,,-1,,-1
cumulus-3/data/a3/2e/326250,Get,true,1c84ab8cd8f3528ff9a68059db2e4fc4d0b4f947,0,,-1
cumulus-3/data/a3/75/183410,Get,true,ecc56823d98aa6bd790c3d7147c267ee041773e9,0,,-1
cumulus-3/data/a4/79/182172,Get,true,0c8185d9a3ba82aeac98db3313a268a5b6df99b5,3003,,-1
cumulus-3/data/a4/a1/68303,Glide,true,2266b267febcd49bd6ec6a54c21ae12b5b8f613b,3412,,-1
cumulus-3/data/ab/7d/309494,Govendor,true,,-1,,-1
cumulus-3/data/ad/14/369733,Glide,true,dde0dea64ee088d6107a4ec6dfd6de6c2ad38faf,1335,,-1
cumulus-3/data/ad/2a/444879,Get,true,6a29415a8364ec2971fdc62d9e415ed53fc20410,2440,,-1
cumulus-3/data/af/eb/207448,Get,false,addee224007ab50e947e8aea7aeaebfe1bc6450e,0,8d52cfec906ae8cb23dd50136a7aac84a91de0c2,0
cumulus-3/data/b1/d3/109544,Get,false,1d1ef7a0321ccbe402c145b20ec0ad7546ba8f0e,3114,ea8c4c0af9d9216168b331d2d43dbf0f8344a636,0
cumulus-3/data/b3/04/174208,Glide,true,ed9edb53aada9b758367740e36711aded8f11590,1735,,-1
cumulus-3/data/b3/63/31509,Get,false,04787d0e24fcd6d6b05e810378e7d31fabacc09e,1104,275778ad0b7dba233aa72e03d880ddcde93f3112,0
cumulus-3/data/b8/b3/271454,Get,true,e26736d730c71e953947e1432fa4ba86ad674262,0,,-1
cumulus-3/data/b9/03/56380,Get,true,,-1,,-1
cumulus-3/data/b9/13/454146,Get,false,aefdbbffc86dea101cd5c2451558e22200fbe1ab,2707,6a7896d17b0a4284b808fe453011af544fb60313,0
cumulus-3/data/ba/05/252101,Get,true,,-1,,-1
cumulus-3/data/c0/12/50140,Get,true,,-1,,-1
cumulus-3/data/c5/3b/38532,Get,true,,-1,,-1
cumulus-3/data/c5/eb/413546,Get,true,8d6be816a761f24a1285a5193123ee90cd080b60,0,,-1
cumulus-3/data/c8/1f/21746,Get,true,6a73d2f729df8199aca71885fbc470a5576a29d2,0,,-1
cumulus-3/data/c9/49/268229,Get,true,,-1,,-1
cumulus-3/data/c9/72/275945,Get,true,,-1,,-1
cumulus-3/data/ca/6c/34547,Get,true,5c6f652e323ffe46b8b417408cd519fc15a11e70,3059,,-1
cumulus-3/data/cc/79/430330,Get,false,835a10bbd6bce40820349a68b1368a62c3c5617c,0,27def8b580301cc6d471254398121d2e26436c7a,3020
cumulus-3/data/cc/cf/25717,Get,false,b6428f513193ed1c98b23e58aa617683eb0ff07c,1130,83d897095952795dc8f8d6077a2382385609c8c8,0
cumulus-3/data/cc/e8/46818,Get,true,12def25b6a92a8ea1017af73121f6322f62c59be,0,,-1
cumulus-3/data/cd/fe/297913,Get,true,,-1,,-1
cumulus-3/data/d1/41/132996,Govendor,true,7913d4873fd129dbb22933d55c43bf0d3e459c3e,2000,,-1
cumulus-3/data/d3/6e/203651,Get,true,6baf61e0317058e3207936f50e310bd500fbbdb0,2392,,-1
cumulus-3/data/d4/48/201555,Get,true,5dfcb07a075adbaaa4094cddfd160b1e1c77a043,2872,,-1
cumulus-3/data/d7/e8/391245,Get,true,a28e2a2697753085320289e97116113b30b654db,3277,,-1
cumulus-3/data/d9/9d/307071,Get,true,effffa996b223e0eb700093c6ea8d75cdf0dc908,0,,-1
cumulus-3/data/dd/70/83334,Govendor,true,5cb39849ec2adc35055e5233556848eb7370cc85,0,,-1
cumulus-3/data/e1/32/242473,Get,true,f3dce52e0576655d55fd69e74b63da96ad1108f3,2646,,-1
cumulus-3/data/e4/2f/452400,Get,true,,-1,,-1
cumulus-3/data/e4/5d/20194,Get,true,,-1,,-1
cumulus-3/data/e7/01/192664,Govendor,true,,-1,,-1
cumulus-3/data/e7/6d/41206,Get,true,,-1,,-1
cumulus-3/data/ea/85/357973,Get,true,,-1,,-1
cumulus-3/data/f0/98/131909,Get,true,,-1,,-1
cumulus-3/data/f1/55/284592,trash,false,8e1a04ff9ee302ae3b37013c42e8486465372cd9,975,b8e1fa2e1554e8536a42c911a2b3faed42b367f0,0
cumulus-3/data/f1/76/360735,Get,true,19f0322e1dc9108de350e35ca4d18c9b014a34a8,952,,-1
cumulus-3/data/f1/8a/352014,Get,true,b2d2da79441678e1d61feab9a803636b0202c041,942,,-1
cumulus-3/data/f1/a8/44664,Get,true,3e70a1a463008cea6726380c908b1a6a8bdf7b24,3533,,-1
cumulus-3/data/f6/43/190100,Get,true,,-1,,-1
cumulus-3/data/f7/2b/112041,Get,false,8dd4211afb5d08dbb39a533b9bb9e4b486351df6,3149,3da6e7a2b81b708411d26d4ecda79c07e7002fda,0
cumulus-3/data/f8/07/165375,Get,true,b653cca1019e5f6d62629376fc18600305920e8c,3149,,-1
cumulus-3/data/f8/79/52952,Get,true,c5278b8b573010219404da6b1966d69fc1d02bdc,0,,-1
cumulus-3/data/f9/53/350851,Govendor,true,,-1,,-1
cumulus-3/data/fc/63/188161,Get,true,f341cc2674505a90c9a82096785d34216a59d233,0,,-1
cumulus-3/data/fd/ad/270683,Get,true,892ccf731fb7aa5e9aa300eb24456d1519afcfc7,2248,,-1
cumulus-4/data/03/07/370048,Get,true,,-1,,-1
cumulus-4/data/04/a7/237042,Get,true,2ae17bc4c860c83513ee50feb9746f3e50d7515d,3081,,-1
cumulus-4/data/07/0f/12009,Get,true,91facc4ae520fef82c9aee6b6ae720d9ae789131,3056,,-1
cumulus-4/data/08/d6/269562,Get,false,c784c417818f59d6597274642d8ac1d09efc9b01,0,f4afb106da47e3872a69a2b01c4636177056f557,0
cumulus-4/data/0a/eb/137940,Get,false,65b3bde2d4da0e9d602d92db1514eb40bccb1dfe,3956,72b387c295781c2d481d2d8f51f448ceac01789d,0
cumulus-4/data/0d/6f/194543,Govendor,true,3b0b404289c1f000233ec66cace22353539ce8b9,1101,,-1
cumulus-4/data/14/b2/359030,Glide,false,79c1ebd00ceaea633e818915edc51fc11cbcb67a,2561,3becef552877d40b29939f8efea00068f5d57452,0
cumulus-4/data/16/e2/12182,Get,true,7a9b172199f2df79def78707aaba049a191e74f2,2001,,-1
cumulus-4/data/18/d5/257670,Godep,true,6a2e038feee79c2f198c68370bf1e9447adcef29,2672,,-1
cumulus-4/data/1a/68/447198,Get,false,1f5f7f282713ccfab3f46b1610cb8da34bcf676f,3862,3d6c5e53ab42151c0a350d7cc1bdc752c13ae986,0
cumulus-4/data/1c/77/34121,gvt,true,,-1,,-1
cumulus-4/data/20/aa/202156,Get,true,,-1,,-1
cumulus-4/data/22/c8/323774,Get,false,57f1cd7de6175c96b423e7ac2534ff2b39e2ef79,1322,7686da1cfc576d683a24da3af372b0f92682722f,0
cumulus-4/data/28/71/128335,Glide,true,b8f29e29b814082f2f40be0d9e911a0c0a3f9e90,2438,,-1
cumulus-4/data/36/92/196273,Get,true,,-1,,-1
cumulus-4/data/39/fa/407210,Get,true,,-1,,-1
cumulus-4/data/3c/e6/195683,Glide,true,01ff43b05e5593e6e41f5988797126402611e2d7,607,,-1
cumulus-4/data/3d/35/88100,Get,false,780d858788e72a55335f778b08f4baceac59a8de,2755,a5895190c0e3ac53d6d2700464737d13d1be46f7,2802
cumulus-4/data/3f/70/339350,Get,true,,-1,,-1
cumulus-4/data/41/e7/119605,Get,true,dfd1b467d5e9fed072d352c63b2fb96f30c36006,2188,,-1
cumulus-4/data/48/1c/175815,Get,true,3ea2b017bff2bb2aee0d059eb61b7d4a7cd33c83,0,,-1
cumulus-4/data/48/b1/327459,Get,false,913427a1d5e89604e50ea1db0f28f34966d61602,0,a57f42581e723986c4e60749c52f113a02f800ef,0
cumulus-4/data/49/e0/213173,Glide,true,f3fdee26896eff88aea63d585eceb6ac417f4530,2258,,-1
cumulus-4/data/4b/aa/56526,Get,false,fd4e78303b53dae137773cc6553a896a9aea2a22,0,ce58258b506f868523bc3ab9050b78fba355ecc1,0
cumulus-4/data/4d/f3/292141,Get,true,3c25a0160f665addedf86de0d861bc63edf44d13,3040,,-1
cumulus-4/data/4d/fe/14912,Get,false,7f2c395b16042d36ab187448a70b9de9ccb5854d,2814,9b6b227e31ada8bfe900bc3c658055368ec6d1f0,0
cumulus-4/data/4e/be/57977,Godep,true,8ac39c084133c98d375a45840aac363051247bfa,3038,,-1
cumulus-4/data/55/11/4328,Get,false,e9b7412d750de4920b1c7b3ede5a98fd76d38308,0,a18c751d4449c2033dc8022273dc05b24b3497b8,0
cumulus-4/data/56/15/226980,Get,true,2f85325e748ddf949e14e7cfca2bde462b31ba23,3153,,-1
cumulus-4/data/56/d7/323053,Glide,true,4222c0464ad2e5c28c073608a144ea925c9f7e2d,2540,,-1
cumulus-4/data/59/83/7997,Get,true,1b32af207119a14b1b231d451df3ed04a72efebf,0,,-1
cumulus-4/data/5a/67/148159,Get,false,7c6b429873f09f77d62124294d43bb6dd17be941,3502,6d789bab01961c4bb755841c972a2e852ad32e33,0
cumulus-4/data/5a/d1/271894,Get,true,,-1,,-1
cumulus-4/data/5a/f0/328879,Get,true,9f129ced0523605cdde14a954ae4609e366a7998,3618,,-1
cumulus-4/data/5d/91/21986,Get,true,,-1,,-1
cumulus-4/data/5d/b8/289066,Get,true,95e0f21e44f7b7f57a6b135ba0d5e479280a029a,2784,,-1
cumulus-4/data/63/54/162304,Get,true,,-1,,-1
cumulus-4/data/64/d3/58129,Get,true,0a7b6dc5d73442a3f81b9f9acd7aacef1aad55fb,1717,,-1
cumulus-4/data/65/df/477385,Get,true,,-1,,-1
cumulus-4/data/66/84/146816,Get,true,775aeecdf8b39e0d17749ca8eb4c7d4a5a0662e3,0,,-1
cumulus-4/data/70/ae/100834,Glide,true,0e91a306e47e5983df0fd1a166669789e702fc7e,0,,-1
cumulus-4/data/74/4e/298657,Get,false,ae5aa8161e35c822b55526833b1635764b740770,3642,0fc0732fe63aa62ee805ffd4afb3f7a579566993,0
cumulus-4/data/7a/ce/104828,Get,true,,-1,,-1
cumulus-4/data/7d/2f/378052,Glide,true,846ceefb94c79945a09d5a0d244af15647523026,1630,,-1
cumulus-4/data/81/22/284679,Get,true,,-1,,-1
cumulus-4/data/83/b2/364595,Get,true,,-1,,-1
cumulus-4/data/86/c5/330309,Get,true,,-1,,-1
cumulus-4/data/88/8c/96845,Get,true,,-1,,-1
cumulus-4/data/89/ed/247627,Get,true,e2d8def04c9a19893aba223c21899c77089651ee,0,,-1
cumulus-4/data/8b/1c/55384,Get,true,,-1,,-1
cumulus-4/data/8c/e2/211966,Get,true,076bba31ffd7f44d53cf98ba348f8e52fec50f94,0,,-1
cumulus-4/data/8d/ea/165320,Glide,true,,-1,,-1
cumulus-4/data/8f/9d/446712,Get,false,4def9c823fc106d9dde9ef3c266263fde42b11f0,388,23fc72235e96678cc514700f565c32ea219f6b52,0
cumulus-4/data/8f/cf/291602,Get,true,,-1,,-1
cumulus-4/data/90/01/85257,Get,true,,-1,,-1
cumulus-4/data/92/15/458581,Get,true,58547b533a5426ab563215f47cd1dbcb4300beb7,3659,,-1
cumulus-4/data/97/ee/101861,Get,true,0328dcec840a0659448faf08af087135fffb7fde,1005,,-1
cumulus-4/data/98/e7/169192,Govendor,true,735748b359cee5e7f7597128580f6f94bbc0987f,907,,-1
cumulus-4/data/99/46/101415,Get,true,,-1,,-1
cumulus-4/data/9c/06/274536,Glide,true,293c5087577a4c14562996ce00dffdeb6aee6751,1313,,-1
cumulus-4/data/9d/a0/347076,Godep,true,,-1,,-1
cumulus-4/data/a1/b5/139211,Get,true,564772f045d89bd55843d7dc8042e0a599401e09,2643,,-1
cumulus-4/data/a1/c5/245931,Get,false,62c5a52241c3f8b64b8bafa56aec7b016b34f677,3694,6fca9cfd6127ef7847a8468b5eda1ef81349a1da,5590
cumulus-4/data/a4/cc/171583,Get,true,6dacb3b11b80b593f3718e4599c7354711f4f117,0,,-1
cumulus-4/data/a9/f1/47895,Get,false,bf7f34fef176d890dfcc6e94319ac747291bc09a,1176,b8ae1f22a68d7ef28126050dc4309d80a41f1a9d,0
cumulus-4/data/ae/17/207071,Govendor,true,,-1,,-1
cumulus-4/data/af/31/269572,Get,true,,-1,,-1
cumulus-4/data/af/7b/33159,Glide,true,b6857bf9bd68fdc6b4fa43bd07e6aed68d962702,536,,-1
cumulus-4/data/b2/2e/450197,Get,true,9ffe737f567a07534d91277866779e28145440e0,3198,,-1
cumulus-4/data/b3/9c/370471,Get,true,,-1,,-1
cumulus-4/data/b4/77/278182,Get,true,,-1,,-1
cumulus-4/data/b5/4d/437252,Glide,true,36101a069bad849c8a5a9cd9b529a4e145cb28a2,0,,-1
cumulus-4/data/b7/ad/254799,Glide,true,acea9071443b209a0df36bbd68adf06708fe9f82,3036,,-1
cumulus-4/data/ba/c2/20406,Get,true,38c39cafbc387ae0dacc15b1a4c4168dbbf5558e,2017,,-1
cumulus-4/data/c0/13/68766,Get,true,9f6f1d8c08722411d6fd0b0617bba1afac12c99d,3869,,-1
cumulus-4/data/c1/e9/92347,Get,true,a096b55ec742906eb10b1603ee57c4c6210067d2,0,,-1
cumulus-4/data/c2/1c/403001,Get,false,7ac151875ffb48b9f3ccce9ea20f020b0c1596c8,2515,3088a9aad8116f51cbef30db3fe9e049156f6748,0
cumulus-4/data/c2/96/21213,Get,true,8c6fa02d2225de0f9bdcb7ca912556f68d172d8c,2843,,-1
cumulus-4/data/c3/2d/449157,Get,true,,-1,,-1
cumulus-4/data/c8/1e/345730,Get,true,,-1,,-1
cumulus-4/data/cd/42/225952,Get,true,,-1,,-1
cumulus-4/data/d1/d4/263648,Get,true,,-1,,-1
cumulus-4/data/d2/0a/204004,Get,true,addf94f0820c01a15288454b9787ceec0180384e,0,,-1
cumulus-4/data/d2/1d/38617,Get,true,8f3380f012a7a699e478fcff1d0e46a6f2e1abc5,0,,-1
cumulus-4/data/d4/bb/476115,Get,false,3d73f4b845efdf9989fffd4b4e562727744a34ba,0,9193b9a84e1515e77fc5c2282d4366909a3ff78a,0
cumulus-4/data/d8/44/63367,gpm,true,,-1,,-1
cumulus-4/data/d8/4d/183160,Get,true,e3102fbbf97b72e5f9fe4f2a6ccfc95785b59150,1913,,-1
cumulus-4/data/da/a3/423683,Get,true,,-1,,-1
cumulus-4/data/db/d5/427234,Get,true,0342274b3491d4c3be479f966c1154d6a43fdadc,0,,-1
cumulus-4/data/dc/9f/223895,Govendor,true,e38b51675477f02f23aa6b4a11307c1f51ce8cf9,0,,-1
cumulus-4/data/dd/10/317472,Get,true,7dd06bf38e1e13df288d471a57d5adbac106be9e,0,,-1
cumulus-4/data/dd/ea/68606,Get,true,1e5f1161c6416a5ff48840eb8724a394e48cc534,3722,,-1
cumulus-4/data/dd/f4/5071,Get,true,e2d414e8a9ef6fc131b65aca71db316e455e74d1,0,,-1
cumulus-4/data/de/d4/204642,Get,true,,-1,,-1
cumulus-4/data/e1/75/205869,Get,true,8806ada2a4ab225c06e9106f9631be80932db7ce,2408,,-1
cumulus-4/data/e7/7f/313625,Get,true,3f35da8ba982c734ee972e280e1d947e4c6cf201,0,,-1
cumulus-4/data/e7/a2/87494,Get,true,,-1,,-1
cumulus-4/data/e8/4e/30960,Get,true,,-1,,-1
cumulus-4/data/e9/b9/225746,Get,true,19c427d2a3bc8b8cdbb2cbb8f313ed141cb78096,0,,-1
cumulus-4/data/ea/35/301104,Get,true,aebf8a7d67ab4625e0fd4a665766fef9a709161b,0,,-1
cumulus-4/data/eb/3f/431218,Get,true,,-1,,-1
cumulus-4/data/eb/8e/336909,Get,true,feef008d51ad2b3778f85d387ccf91735543008d,0,,-1
cumulus-4/data/f0/71/277805,Get,true,,-1,,-1
cumulus-4/data/f0/d0/415554,Glide,false,442ef78984c0372bf6a2c6a1604421471be1f185,130,dbac929d16499eb8d4c5eead52f694e1d219fa1c,0
cumulus-4/data/f2/1d/185693,Get,true,23e5ef650dec9a4847418c30ff6c44ccfd06ac95,2283,,-1
cumulus-4/data/f2/a2/101104,Get,true,,-1,,-1
cumulus-4/data/f6/de/471431,Get,true,df137d971c884ae70438f410282ba43dfc4ba38a,2367,,-1
cumulus-4/data/f7/b5/89087,Get,true,0e17f418f2a0b3c40050d1c5a35664a4188f1aff,0,,-1
cumulus-4/data/f7/ed/11545,Get,false,e3181ec4a2a556d80619da0f841e35c2007733af,0,eeba66b66eb0a43f7568b4d6e99492aa0229abb4,0
cumulus-4/data/f8/27/280297,Get,true,,-1,,-1
cumulus-4/data/f9/67/448389,Get,false,498431ce67adb2a2154fb1aad7a35736964c2878,1326,a049630bca2089ac5ade886b2ea5554f65f065d3,2786
cumulus-4/data/fb/66/124393,Get,false,69d355db5304c0f7f809a2edc054553e7142f016,0,a4e5fe8d12263b68fd95d9244bc5e98dc5f6ee99,0
cumulus-4/data/fb/7c/111561,trash,true,f86db6b22663a27ba4d278220b7e34be528b1e79,2492,,-1
cumulus-4/data/fd/55/203411,Glide,true,7ecb685d440f71316871e80949d68414bdc511e0,0,,-1
cumulus-4/data/fd/91/271204,Get,true,51d7b7d26237915beca07b3872c0e0343e9cde19,3359,,-1
cumulus-4/data/fd/b5/164415,Get,true,0b027fa01c78dcc2036564fb7dabbd1229509821,3481,,-1
cumulus-4/data/fe/eb/196193,Get,true,4f6535a6e6a5de42b3702fa6182808a267eaf4ae,2528,,-1